Order_Date,Sales,day_of_week,day_of_month,month,quarter,year,week_of_year,is_weekend,is_month_start,is_month_end,is_quarter_start,is_quarter_end,days_since_start,dow_sin,dow_cos,month_sin,month_cos,lag_1,lag_2,lag_3,lag_5,lag_7,lag_10,lag_14,lag_21,lag_28,lag_30,rolling_mean_3,rolling_mean_7,rolling_mean_14,rolling_mean_21,rolling_mean_30,rolling_std_7,rolling_std_14,rolling_std_30,rolling_median_7,rolling_min_7,rolling_max_7,rolling_median_14,rolling_min_14,rolling_max_14,ewm_7,ewm_14,diff_1,diff_7,pct_change_1,pct_change_7
2015-02-03,97.11200000000001,1,3,2,1,2015,6,0,0,0,0,0,31,0.7818314824680298,0.6234898018587336,0.8660254037844386,0.5000000000000001,211.64600000000002,468.9,290.666,0.0,426.67,0.0,2673.87,3553.795,4407.1,288.06,323.737333333333,234.6157142857143,389.5364285714286,474.4112857142857,495.66016666666667,184.27298464842153,724.2956721043089,1082.547503922308,240.5,0.0,468.9,125.863,0.0,2673.87,285.44387536736247,321.7141282380263,-257.25399999999996,-885.604,-0.5486329707826828,-0.807112326270221
2015-02-04,134.38400000000001,2,4,2,1,2015,6,0,0,0,0,0,32,0.9749279121818236,-0.22252093395631434,0.8660254037844386,0.5000000000000001,97.11200000000001,211.64600000000002,468.9,240.5,3.928,0.0,0.0,61.96,87.15799999999999,19.536,259.21933333333305,187.536,205.48228571428572,309.8073333333333,489.29523333333333,168.4468875382761,305.45351704874855,1084.370010808236,211.64600000000002,0.0,468.9,68.596,0.0,1097.25,238.36090652552184,291.76717780628945,-114.534,-329.558,-0.5411583493191461,-0.7723955281599362
2015-02-05,0.0,3,5,2,1,2015,6,0,0,0,0,0,33,0.43388373911755823,-0.900968867902419,0.8660254037844386,0.5000000000000001,134.38400000000001,97.11200000000001,211.64600000000002,290.666,0.0,1097.25,0.0,149.95,0.0,4407.1,147.71399999999971,206.17257142857144,215.08114285714285,313.25609523809527,493.1235,151.06737371435196,300.57203509791236,1082.8560554408323,211.64600000000002,0.0,468.9,115.74800000000002,0.0,1097.25,212.36667989414138,270.7827540987842,37.272000000000006,130.45600000000002,0.38380426723782857,33.211812627291245
2015-02-08,14.56,6,8,2,1,2015,6,1,0,0,0,0,36,-0.7818314824680299,0.6234898018587334,0.8660254037844386,0.5000000000000001,180.32,330.512,0.0,97.11200000000001,468.9,0.0,0.0,64.864,9.94,40.544,170.27733333333302,203.26771428571433,248.7062857142857,316.15695238095236,360.34263333333337,155.28478041082258,290.39553215556134,790.3749788933875,180.32,0.0,468.9,195.983,0.0,1097.25,196.6431930803409,238.50470837186043,-150.192,-110.346,-0.45442222975262625,-0.37963160465964374
2015-02-09,0.0,0,9,2,1,2015,7,0,0,0,0,0,37,0.0,1.0,0.8660254037844386,0.5000000000000001,14.56,180.32,330.512,134.38400000000001,211.64600000000002,240.5,1097.25,378.594,0.0,54.83,175.13066666666634,138.362,249.7462857142857,313.7615238095238,359.4765,115.64385424799981,289.46088754080694,790.7516626730476,134.38400000000001,0.0,330.512,195.983,0.0,1097.25,151.12239481025566,208.64541392227906,-165.76,-454.34,-0.9192546583850931,-0.9689486031136703
2015-02-10,0.0,1,10,2,1,2015,7,0,0,0,0,0,38,0.7818314824680298,0.6234898018587336,0.8660254037844386,0.5000000000000001,0.0,14.56,180.32,0.0,97.11200000000001,290.666,426.67,2673.87,3553.795,9.94,64.9599999999997,108.12685714285713,171.3712857142857,295.7332380952381,357.64883333333336,120.84105089941696,163.46078408946423,791.5430417580535,97.11200000000001,0.0,330.512,157.352,0.0,468.9,113.34179610769175,180.82602539930852,-14.56,-211.64600000000002,-1.0,-1.0
2015-02-14,576.726,5,14,2,1,2015,7,1,0,0,0,0,42,-0.9749279121818236,-0.2225209339563146,0.8660254037844386,0.5000000000000001,0.0,129.568,2043.4,0.0,180.32,134.38400000000001,290.666,0.0,0.0,149.95,724.3226666666665,338.264,278.6477142857143,269.97219047619046,309.22459999999995,755.4293466579118,527.9751586643835,607.3495540488618,14.56,0.0,2043.4,131.976,0.0,2043.4,347.5091776746994,321.6312673862647,-129.568,-330.512,-1.0,-1.0
2015-02-16,9.04,0,16,2,1,2015,8,0,0,0,0,0,44,0.0,1.0,0.8660254037844386,0.5000000000000001,21.36,576.726,0.0,2043.4,0.0,330.512,211.64600000000002,1097.25,378.594,0.0,199.3619999999997,395.86485714285715,267.1134285714286,298.4524761904762,314.16366666666664,755.9075846793766,536.4194462886026,610.9790893743519,21.36,0.0,2043.4,113.34,0.0,2043.4,308.95003744201836,311.0727119479055,-555.366,6.799999999999999,-0.9629633482797724,0.46703296703296693
2015-02-19,0.0,3,19,2,1,2015,8,0,0,0,0,0,47,0.43388373911755823,-0.900968867902419,0.8660254037844386,0.5000000000000001,37.784,54.208,9.04,576.726,129.568,0.0,0.0,0.0,0.0,2673.87,33.67733333333303,118.38371428571425,242.677,230.50885714285718,302.7494666666667,206.6405607826566,544.0067960801448,612.8993330941809,37.784,0.0,576.726,29.572,0.0,2043.4,151.2195470458515,214.70405574801435,-16.424,-2005.616,-0.3029811097992916,-0.9815092492903984
2015-02-20,95.59,4,20,2,1,2015,8,0,0,0,0,0,48,-0.433883739117558,-0.9009688679024191,0.8660254037844386,0.5000000000000001,0.0,37.784,54.208,21.36,0.0,0.0,330.512,240.5,40.08,0.0,30.663999999999692,99.87399999999995,242.677,230.50885714285718,213.6204666666667,211.22392425417323,544.0067960801448,420.37944597927645,21.36,0.0,576.726,29.572,0.0,2043.4,113.41466028438862,186.07684831494578,-37.784,-129.568,-1.0,-1.0
2015-02-22,19.44,6,22,2,1,2015,8,1,0,0,0,0,50,-0.7818314824680299,0.6234898018587334,0.8660254037844386,0.5000000000000001,8.85,95.59,0.0,54.208,21.36,129.568,14.56,468.9,0.0,40.08,34.81333333333303,32.404571428571394,213.64900000000003,210.18857142857144,217.1018,33.58939806375066,547.7347509520106,418.9098584842193,21.36,0.0,95.59,17.96,0.0,2043.4,83.93137140996859,151.99034384544817,-86.74000000000001,-567.876,-0.9074170938382676,-0.9846547580653551
2015-02-23,11.364,0,23,2,1,2015,9,0,0,0,0,0,51,0.0,1.0,0.8660254037844386,0.5000000000000001,19.44,8.85,95.59,37.784,9.04,0.0,0.0,211.64600000000002,1097.25,0.0,41.29333333333303,32.13028571428568,213.99757142857146,188.7857142857143,216.41379999999998,33.702267231906085,547.5998434382974,419.2274457037238,19.44,0.0,95.59,20.4,0.0,2043.4,67.80852855747645,134.3169646660551,10.590000000000002,-1.9199999999999982,1.1966101694915259,-0.08988764044943809
2015-02-24,55.672,1,24,2,1,2015,9,0,0,0,0,0,52,0.7818314824680298,0.6234898018587336,0.8660254037844386,0.5000000000000001,11.364,19.44,8.85,0.0,54.208,576.726,0.0,97.11200000000001,426.67,0.0,13.217999999999696,32.46228571428568,214.80928571428575,179.2484761904762,216.79260000000002,33.44737822168045,547.2665522892177,419.03024615846914,19.44,0.0,95.59,20.4,0.0,2043.4,53.69739641810734,117.92323604391441,-8.076,2.3240000000000016,-0.4154320987654321,0.2570796460176994
2015-02-25,0.0,2,25,2,1,2015,9,0,0,0,0,0,53,0.9749279121818236,-0.22252093395631434,0.8660254037844386,0.5000000000000001,55.672,11.364,19.44,95.59,37.784,21.36,2043.4,134.38400000000001,3.928,1097.25,28.82533333333303,32.671428571428535,218.78585714285717,177.27514285714287,218.64833333333334,33.610194935739806,545.7858901902346,418.1594141083887,19.44,0.0,95.59,29.572,0.0,2043.4,54.191047313580505,109.62307123805917,44.30799999999999,1.4639999999999986,3.898979232664554,0.02700708382526562
2015-02-26,0.0,3,26,2,1,2015,9,0,0,0,0,0,54,0.43388373911755823,-0.900968867902419,0.8660254037844386,0.5000000000000001,0.0,55.672,11.364,8.85,0.0,9.04,129.568,0.0,0.0,426.67,22.34533333333303,27.273714285714252,72.82871428571428,170.87590476190476,182.07333333333332,35.62585167034577,150.09503357664144,385.3612661881843,11.364,0.0,95.59,20.4,0.0,576.726,40.64328548518538,95.00666173965128,-55.672,-37.784,-1.0,-1.0
2015-03-01,2203.151,6,1,3,1,2015,9,1,1,0,0,0,57,-0.7818314824680299,0.6234898018587334,1.0,6.123233995736766e-17,0.0,19.456,0.0,55.672,19.44,0.0,21.36,14.56,468.9,240.5,6.485333333333028,15.133142857142825,23.768857142857144,147.47704761904762,168.3686,19.924346609334744,28.00469927283828,383.6751982167492,11.364,0.0,55.672,15.402000000000001,0.0,95.59,20.794386064062586,64.09406691615226,-19.456,-8.85,-1.0,-1.0
2015-03-03,1345.8919999999998,1,3,3,1,2015,10,0,0,0,0,0,59,0.7818314824680298,0.6234898018587336,1.0,6.123233995736766e-17,47.76,2203.151,0.0,0.0,55.672,8.85,54.208,0.0,97.11200000000001,468.9,750.3036666666663,332.29128571428566,182.37678571428572,253.96995238095238,225.69343333333333,825.2990128825455,582.3073553342209,535.1485528660229,19.456,0.0,2203.151,19.448,0.0,2203.151,436.72765466103516,309.0961035947988,-2155.3909999999996,36.396,-0.9783219579593047,3.2027455121436113
2015-03-04,370.452,2,4,3,1,2015,10,0,0,0,0,0,60,0.9749279121818236,-0.22252093395631434,1.0,6.123233995736766e-17,1345.8919999999998,47.76,2203.151,19.456,0.0,19.44,37.784,2043.4,134.38400000000001,211.64600000000002,1198.934333333333,516.6084285714285,274.6399285714286,318.0600476190476,254.9265,894.4056945539973,657.8654129260624,571.6037168532629,19.456,0.0,2203.151,19.448,0.0,2203.151,664.0187409957764,447.3355564488256,1298.1319999999998,1290.2199999999998,27.180318257956447,23.175384394309525
2015-03-07,1561.062,5,7,3,1,2015,10,1,0,0,0,0,63,-0.9749279121818236,-0.2225209339563146,1.0,6.123233995736766e-17,0.0,705.562,370.452,47.76,0.0,0.0,8.85,576.726,180.32,0.0,358.67133333333305,667.5452857142856,341.9713571428571,265.8241428571428,276.0222333333333,834.9966150487701,660.3888480889474,578.4026597855618,370.452,0.0,2203.151,19.448,0.0,2203.151,464.5205938575931,409.83056993128,-705.562,-19.456,-1.0,-1.0
2015-03-09,0.0,0,9,3,1,2015,11,0,0,0,0,0,65,0.0,1.0,1.0,6.123233995736766e-17,0.0,1561.062,0.0,370.452,47.76,19.456,11.364,9.04,0.0,180.32,520.3539999999997,575.8182857142856,451.4550714285714,311.6801428571428,317.0405666666666,653.7974194549133,727.99995333965,624.2187510503625,370.452,0.0,1561.062,33.608,0.0,2203.151,553.991959044896,488.21768141505027,-1561.062,-2203.151,-1.0,-1.0
2015-03-12,0.0,3,12,3,1,2015,11,0,0,0,0,0,68,0.43388373911755823,-0.900968867902419,1.0,6.123233995736766e-17,918.314,741.956,0.0,1561.062,705.562,47.76,0.0,0.0,129.568,0.0,553.4233333333331,560.9848571428571,565.2574999999999,385.92957142857136,365.8869,595.2035425822627,715.7836413673045,634.0928725047027,705.562,0.0,1561.062,209.106,0.0,2203.151,602.4106077220655,525.9906329092935,176.35799999999995,547.862,0.23769334030589406,1.4789014501203934
2015-03-13,0.0,4,13,3,1,2015,11,0,0,0,0,0,69,-0.433883739117558,-0.9009688679024191,1.0,6.123233995736766e-17,0.0,918.314,741.956,0.0,0.0,1345.8919999999998,19.456,95.59,0.0,2043.4,553.4233333333331,460.1902857142856,565.2574999999999,385.92957142857136,365.8869,625.6047984304766,715.7836413673045,634.0928725047027,0.0,0.0,1561.062,209.106,0.0,2203.151,451.80795579154915,455.8585485213877,-918.314,-705.562,-1.0,-1.0
2015-03-18,28106.716,2,18,3,1,2015,12,0,0,0,0,0,74,0.9749279121818236,-0.22252093395631434,1.0,6.123233995736766e-17,3960.358,471.92,370.78200000000004,0.0,918.314,0.0,370.452,0.0,37.784,9.04,1601.0199999999998,1118.5605714285714,800.6397142857143,705.962619047619,503.90543333333335,1447.7374708777897,1108.777474235297,910.172043354657,471.92,0.0,3960.358,421.351,0.0,3960.358,1460.3179973216274,1025.6155616871133,3488.438,3218.402,7.392011357857264,4.337726226353046
2015-03-19,590.762,3,19,3,1,2015,12,0,0,0,0,0,75,0.43388373911755823,-0.900968867902419,1.0,6.123233995736766e-17,28106.716,3960.358,471.92,2108.55,0.0,0.0,705.562,0.0,0.0,54.208,10846.331333333334,5002.618,2781.8014285714285,2044.3776666666665,1440.4946333333332,10289.920494475617,7371.821367954701,5117.172780846676,471.92,0.0,28106.716,588.741,0.0,28106.716,8121.91749799122,4636.428953462165,24146.358,27188.402000000002,6.097013956819055,29.60686867454923
2015-03-23,945.064,0,23,3,1,2015,13,0,0,0,0,0,79,0.0,1.0,1.0,6.123233995736766e-17,464.09299999999996,4109.816,0.0,28106.716,471.92,0.0,0.0,47.76,11.364,8.85,1524.636333333332,5386.237857142857,2988.8047857142856,2184.475952380952,1606.3976,10167.502890011365,7360.3172116497835,5124.8383422932275,590.762,0.0,28106.716,531.341,0.0,28106.716,3518.7461380362847,3203.7907539325024,-3645.723,93.31099999999992,-0.8870769396975436,0.25166000507036457
2015-03-24,65.38,1,24,3,1,2015,13,0,0,0,0,0,80,0.7818314824680298,0.6234898018587336,1.0,6.123233995736766e-17,945.064,464.09299999999996,4109.816,590.762,3960.358,2108.55,741.956,1345.8919999999998,55.672,19.44,1839.6576666666654,5453.829857142858,3056.309357142857,2227.204714285714,1637.6047333333333,10130.895111731446,7335.087588702544,5117.6202047625475,945.064,0.0,28106.716,666.3589999999999,0.0,28106.716,2875.325603527214,2902.627186741502,480.971,473.14399999999995,1.0363677107821063,1.002593659942363
2015-03-25,459.146,2,25,3,1,2015,13,0,0,0,0,0,81,0.9749279121818236,-0.22252093395631434,1.0,6.123233995736766e-17,65.38,945.064,464.09299999999996,0.0,28106.716,370.78200000000004,918.314,370.452,0.0,11.364,491.51233333333204,4897.404428571428,3007.9824999999996,2166.2279523809525,1639.1360666666665,10331.56880198875,7353.713657880086,5117.126158048258,590.762,0.0,28106.716,531.341,0.0,28106.716,2172.8392026454103,2524.3275618426355,-879.684,-3894.978,-0.9308195000550228,-0.9834913914348147
2015-03-26,145.13,3,26,3,1,2015,13,0,0,0,0,0,82,0.43388373911755823,-0.900968867902419,1.0,6.123233995736766e-17,459.146,65.38,945.064,4109.816,590.762,471.92,0.0,705.562,0.0,55.672,489.8633333333321,947.7515714285713,2975.1847857142857,2170.451476190476,1654.0621333333333,1430.3597377899678,7364.766186221051,5112.865700389954,464.09299999999996,0.0,4109.816,468.00649999999996,0.0,28106.716,1744.4159019840577,2248.9700202636172,393.766,-27647.57,6.022728663199756,-0.983664189014469
2015-03-27,0.0,4,27,3,1,2015,13,0,0,0,0,0,83,-0.433883739117558,-0.9009688679024191,1.0,6.123233995736766e-17,145.13,459.146,65.38,464.09299999999996,0.0,3960.358,0.0,0.0,19.456,0.0,223.21866666666543,884.0898571428571,2985.551214285714,2143.764238095238,1657.0440666666664,1458.5360247348856,7360.357086923811,5111.927340302299,459.146,0.0,4109.816,468.00649999999996,0.0,28106.716,1344.5944264880434,1968.4580175618016,-314.016,-445.63199999999995,-0.6839131779433993,-0.7543342327367027
2015-03-30,1170.3220000000001,0,30,3,1,2015,14,0,0,0,0,0,86,0.0,1.0,1.0,6.123233995736766e-17,890.841,1493.216,0.0,459.146,945.064,0.0,471.92,0.0,47.76,0.0,794.6856666666654,571.2538571428571,2978.745857142857,2182.9544761904763,1735.8640999999998,558.0133211588923,7355.171971690176,5095.035690625109,459.146,0.0,1493.216,531.341,0.0,28106.716,1069.9390236746433,1572.721468024675,-602.3749999999999,426.74800000000005,-0.4034078123995456,0.9195312146487882
2015-03-31,1959.552,1,31,3,1,2015,14,0,0,1,0,1,87,0.7818314824680298,0.6234898018587336,1.0,6.123233995736766e-17,1170.3220000000001,890.841,1493.216,145.13,65.38,4109.816,3960.358,741.956,1345.8919999999998,2203.151,1184.7929999999988,603.4335714285714,3028.631714285714,2238.6840952380953,1774.874833333333,588.8085538253667,7339.212869749311,5085.758447310504,459.146,0.0,1493.216,740.8015,0.0,28106.716,1095.0347677559826,1519.068205621385,279.4810000000001,225.25800000000015,0.31372714098251,0.23835211160302383
2015-04-01,119.88799999999999,2,1,4,2,2015,14,0,1,0,1,0,88,0.9749279121818236,-0.22252093395631434,0.8660254037844387,-0.4999999999999998,1959.552,1170.3220000000001,890.841,0.0,459.146,464.09299999999996,28106.716,918.314,370.452,47.76,1340.238333333332,874.0295714285713,2885.717,2296.6648571428573,1766.7548666666667,720.7835156295216,7339.154557595623,5085.245519155046,890.841,0.0,1959.552,740.8015,0.0,28106.716,1311.164075816987,1577.7993782052004,789.2299999999998,1894.172,0.6743699597204869,28.97173447537473
2015-04-02,1458.558,3,2,4,2,2015,14,0,0,0,0,0,89,0.43388373911755823,-0.900968867902419,0.8660254037844387,-0.4999999999999998,119.88799999999999,1959.552,1170.3220000000001,1493.216,145.13,945.064,590.762,0.0,705.562,1345.8919999999998,1083.2539999999988,825.5641428571428,886.6578571428571,2258.6445714285715,1769.1591333333333,763.4714692299314,1103.3222616564012,5084.421749993696,890.841,0.0,1959.552,527.4275,0.0,4109.816,1013.3450568627402,1383.411194444507,-1839.664,-339.25800000000004,-0.9388186687569404,-0.7388891550835682
2015-04-03,0.0,4,3,4,2,2015,14,0,0,0,0,0,90,-0.433883739117558,-0.9009688679024191,0.8660254037844387,-0.4999999999999998,1458.558,119.88799999999999,1959.552,890.841,0.0,65.38,0.0,0.0,0.0,370.452,1179.3326666666653,1013.1967142857142,948.6432857142856,2328.099714285714,1772.9146666666666,728.992550642921,1109.7776935397362,5084.139930992326,1170.3220000000001,0.0,1959.552,677.467,0.0,4109.816,1124.648292647055,1393.4307685185727,1338.67,1313.4279999999999,11.16600493794208,9.050010335561222
2015-04-06,1650.69,0,6,4,2,2015,15,0,0,0,0,0,93,0.0,1.0,0.8660254037844387,-0.4999999999999998,5179.738,475.844,0.0,119.88799999999999,1170.3220000000001,0.0,945.064,471.92,0.0,1561.062,1885.1939999999988,1480.5574285714285,1025.9056428571428,2479.3497142857145,1925.5669333333333,1782.4619379849094,1353.7756889892817,5116.199758698503,1170.3220000000001,0.0,5179.738,683.3425,0.0,5179.738,1858.6162484604765,1652.68997286972,4703.894,4288.897,9.885369995208514,4.814436021691862
2015-04-07,1021.1700000000001,1,7,4,2,2015,15,0,0,0,0,0,94,0.7818314824680298,0.6234898018587336,0.8660254037844387,-0.4999999999999998,1650.69,5179.738,475.844,1458.558,1959.552,1493.216,65.38,3960.358,741.956,0.0,2435.423999999999,1549.1814285714286,1076.3075000000001,2535.4816190476186,1928.5545333333332,1777.7681541414745,1363.6339253328144,5116.005732067014,1458.558,0.0,5179.738,683.3425,0.0,5179.738,1806.6346863453573,1652.423309820424,-3529.0480000000002,480.36799999999994,-0.6813178581619379,0.41045797652270055
2015-04-08,1958.75,2,8,4,2,2015,15,0,0,0,0,0,95,0.9749279121818236,-0.22252093395631434,0.8660254037844387,-0.4999999999999998,1021.1700000000001,1650.69,5179.738,0.0,119.88799999999999,890.841,459.146,28106.716,918.314,0.0,2617.199333333332,1415.1268571428573,1144.5782142857142,2395.520285714286,1962.5935333333332,1777.046019158323,1332.7034564772812,5106.119348941457,1021.1700000000001,0.0,5179.738,956.0055,0.0,5179.738,1610.268514759018,1568.2562018443675,-629.52,-938.3819999999998,-0.3813677916507642,-0.47887578385263563
2015-04-09,0.0,3,9,4,2,2015,15,0,0,0,0,0,96,0.43388373911755823,-0.900968867902419,0.8660254037844387,-0.4999999999999998,1958.75,1021.1700000000001,1650.69,475.844,1458.558,1170.3220000000001,145.13,590.762,0.0,741.956,1543.5366666666657,1677.8214285714287,1251.6927857142857,1150.3790476190475,2027.8852,1687.3143692778726,1333.6390203062501,5092.663894428923,1458.558,0.0,5179.738,1095.746,0.0,5179.738,1697.3888860692634,1620.322041598452,937.5799999999999,1838.862,0.9181429145000342,15.3381656212465
2015-04-10,0.0,4,10,4,2,2015,15,0,0,0,0,0,97,-0.433883739117558,-0.9009688679024191,0.8660254037844387,-0.4999999999999998,0.0,1958.75,1021.1700000000001,5179.738,0.0,1959.552,0.0,0.0,0.0,918.314,993.3066666666655,1469.4560000000001,1241.3263571428572,1122.2475238095237,2003.1533333333332,1804.8672119636115,1343.4301283135487,5100.919103209298,1021.1700000000001,0.0,5179.738,1095.746,0.0,5179.738,1273.0416645519476,1404.2791027186584,-1958.75,-1458.558,-1.0,-1.0
2015-04-13,638.576,0,13,4,2,2015,16,0,0,0,0,0,100,0.0,1.0,0.8660254037844387,-0.4999999999999998,1872.443,1915.24,0.0,1958.75,1650.69,0.0,1170.3220000000001,945.064,471.92,2108.55,1262.5609999999988,1202.6132857142857,1341.5853571428572,1084.8081904761905,2098.7989666666667,880.7670188073982,1358.3902215949824,5082.501308245622,1650.69,0.0,1958.75,1314.44,0.0,5179.738,1364.282702232853,1385.1093744215977,-42.797000000000025,-3307.295,-0.02234550239134525,-0.6385062333268594
2015-04-14,0.0,1,14,4,2,2015,16,0,0,0,0,0,101,0.7818314824680298,0.6234898018587336,0.8660254037844387,-0.4999999999999998,638.576,1872.443,1915.24,0.0,1021.1700000000001,475.844,1959.552,65.38,3960.358,370.78200000000004,1475.4196666666655,1058.0255714285715,1303.6035,1070.2135238095238,2049.799833333333,878.0213851275223,1370.92350237533,5089.485088374964,1021.1700000000001,0.0,1958.75,1239.864,0.0,5179.738,1182.8560266746397,1285.5715911653847,-1233.867,-1012.114,-0.6589610471453604,-0.6131460177259207
2015-04-15,294.71999999999997,2,15,4,2,2015,16,0,0,0,0,0,102,0.9749279121818236,-0.22252093395631434,0.8660254037844387,-0.4999999999999998,0.0,638.576,1872.443,0.0,1958.75,5179.738,119.88799999999999,459.146,28106.716,471.92,837.0063333333322,912.1441428571428,1163.6354999999999,1067.1001904761906,2037.4404333333332,965.6275467871193,1398.55544478991,5094.151113025988,638.576,0.0,1958.75,829.873,0.0,5179.738,887.1420200059797,1114.1620456766668,-638.576,-1021.1700000000001,-1.0,-1.0
2015-04-20,1250.45,0,20,4,2,2015,17,0,0,0,0,0,107,0.0,1.0,0.8660254037844387,-0.4999999999999998,205.47,1020.532,0.0,294.71999999999997,638.576,0.0,1650.69,1170.3220000000001,945.064,4109.816,408.6673333333321,314.05285714285714,758.3330714285713,999.0745238095237,985.1083666666667,385.0248718647202,799.391926765924,1216.4264229455482,205.47,0.0,1020.532,466.648,0.0,1958.75,480.6738973256378,715.6494752729899,-815.062,-1666.973,-0.7986638341570866,-0.8902663525672077
2015-04-21,845.36,1,21,4,2,2015,17,0,0,0,0,0,108,0.7818314824680298,0.6234898018587336,0.8660254037844387,-0.4999999999999998,1250.45,205.47,1020.532,39.072,0.0,1915.24,1021.1700000000001,1959.552,65.38,464.09299999999996,825.4839999999989,401.4634285714286,729.7445,1002.8901428571428,889.7961666666666,517.6074759000173,771.7010569619034,1065.8520948577368,205.47,0.0,1250.45,466.648,0.0,1958.75,673.1179229942284,786.9562119032579,1044.98,611.874,5.085803280284226,0.9581850868181705
2015-04-23,643.98,3,23,4,2,2015,17,0,0,0,0,0,110,0.43388373911755823,-0.900968867902419,0.8660254037844387,-0.4999999999999998,257.752,845.36,1250.45,1020.532,39.072,638.576,0.0,1458.558,145.13,65.38,784.5206666666654,516.9480000000001,595.6867857142857,956.3983333333334,879.5946666666666,509.78398820543055,686.7399412213086,1069.3090666280025,257.752,0.0,1250.45,276.236,0.0,1915.24,601.5718316842534,723.1445324962249,-587.608,-36.96799999999996,-0.6950979464370208,-0.12543431053203025
2015-04-24,0.0,4,24,4,2,2015,17,0,0,0,0,0,111,-0.433883739117558,-0.9009688679024191,0.8660254037844387,-0.4999999999999998,643.98,257.752,845.36,205.47,0.0,0.0,0.0,0.0,0.0,459.146,582.3639999999988,603.3634285714286,641.6853571428572,917.6089047619048,898.8813333333334,464.53858134811605,664.9939292455846,1059.2880498095888,643.98,0.0,1250.45,466.648,0.0,1915.24,612.17387376319,712.5892614967283,386.228,604.908,1.4984481206741362,15.481879606879605
2015-04-27,0.0,0,27,4,2,2015,18,0,0,0,0,0,114,0.0,1.0,0.8660254037844387,-0.4999999999999998,282.568,2379.9939999999997,0.0,257.752,1250.45,0.0,638.576,1650.69,1170.3220000000001,1493.216,887.5206666666654,808.5862857142856,561.3195714285714,775.084142857143,967.4908666666666,809.0054295807944,660.5577604852919,1086.1424079489227,643.98,0.0,2379.9939999999997,288.644,0.0,2379.9939999999997,775.1517279938457,776.5664792617222,-2097.4259999999995,77.09799999999998,-0.8812736502697065,0.37522752713291463
2015-04-28,2578.476,1,28,4,2,2015,18,0,0,0,0,0,115,0.7818314824680298,0.6234898018587336,0.8660254037844387,-0.4999999999999998,0.0,282.568,2379.9939999999997,643.98,845.36,1020.532,0.0,1021.1700000000001,1959.552,890.841,887.5206666666654,629.9505714285714,515.707,696.4798571428572,917.717,832.8797353221252,676.6637175417255,1095.3944826689226,282.568,0.0,2379.9939999999997,270.15999999999997,0.0,2379.9939999999997,581.3637959953843,673.0242820268259,-282.568,-1250.45,-1.0,-1.0
2015-04-30,1048.74,3,30,4,2,2015,18,0,0,1,0,0,117,0.43388373911755823,-0.900968867902419,0.8660254037844387,-0.4999999999999998,768.8439999999999,2578.476,0.0,2379.9939999999997,643.98,1250.45,39.072,0.0,1458.558,1959.552,1115.773333333332,950.5517142857143,733.7498571428571,713.9750952380953,960.5889,1085.7981705678726,845.3978091673201,1136.5009084709673,643.98,0.0,2578.476,463.274,0.0,2578.476,1002.6923852474038,905.985776277927,-1809.632,511.0919999999999,-0.7018223167483428,1.9828827710357237
2015-05-01,0.0,4,1,5,2,2015,18,0,1,0,0,0,118,-0.433883739117558,-0.9009688679024191,0.49999999999999994,-0.8660254037844387,1048.74,768.8439999999999,2578.476,282.568,0.0,845.36,0.0,0.0,0.0,119.88799999999999,1465.3533333333319,1008.3745714285714,805.869,763.9150952380953,930.2284999999999,1077.4968172455328,824.3828460335108,1120.9538096597344,768.8439999999999,0.0,2578.476,706.412,0.0,2578.476,1014.2042889355528,925.0196727742034,279.8960000000001,404.76,0.36404784325558914,0.6285288362992638
2015-05-04,187.43200000000002,0,4,5,2,2015,19,0,0,0,0,0,121,0.0,1.0,0.49999999999999994,-0.8660254037844387,72.632,506.12,0.0,768.8439999999999,0.0,0.0,1250.45,638.576,1650.69,475.844,192.9173333333321,710.6874285714285,759.6368571428571,611.1088571428571,896.9053666666666,918.8227685857522,833.2464333410135,1120.1266694371877,506.12,0.0,2578.476,575.05,0.0,2578.476,540.9229343946863,670.3227914325704,-433.488,-209.93599999999998,-0.8564925314154745,-0.7429574474108886
2015-05-06,254.456,2,6,5,2,2015,19,0,0,0,0,0,123,0.9749279121818236,-0.22252093395631434,0.49999999999999994,-0.8660254037844387,260.977,187.43200000000002,72.632,0.0,768.8439999999999,282.568,257.752,294.71999999999997,1958.75,1650.69,173.6803333333321,406.3921428571429,641.9653571428571,602.0532857142857,723.3329333333334,387.2052165800166,839.4080766666317,784.984439324093,260.977,0.0,1048.74,271.7725,0.0,2578.476,404.65690059701103,559.9426388982417,73.54499999999996,-2317.4990000000003,0.39238230398224405,-0.8987863373558644
2015-05-07,1091.35,3,7,5,2,2015,19,0,0,0,0,0,124,0.43388373911755823,-0.900968867902419,0.49999999999999994,-0.8660254037844387,254.456,260.977,187.43200000000002,506.12,1048.74,0.0,643.98,39.072,0.0,1021.1700000000001,234.28833333333213,332.90814285714293,641.7299285714286,600.1359523809524,676.7917999999999,354.37297523199715,839.5245802671238,769.3411571442331,254.456,0.0,1048.74,271.7725,0.0,2578.476,367.1066754477583,519.2110870451429,-6.520999999999987,-514.3879999999999,-0.02498687623813589,-0.6690407937110779
2015-05-08,1799.97,4,8,5,2,2015,19,0,0,0,0,0,125,-0.433883739117558,-0.9009688679024191,0.49999999999999994,-0.8660254037844387,1091.35,254.456,260.977,72.632,0.0,2578.476,0.0,0.0,0.0,1958.75,535.5943333333321,338.9952857142858,673.6849285714286,650.2444285714286,679.1311333333334,368.79096682204613,848.0873144818274,770.5301947213754,254.456,0.0,1091.35,271.7725,0.0,2578.476,548.1675065858187,595.4962754391238,836.8939999999999,42.6099999999999,3.288953689439431,0.04062970803058907
2015-05-10,2343.799,6,10,5,2,2015,19,1,0,0,0,0,127,-0.7818314824680299,0.6234898018587334,0.49999999999999994,-0.8660254037844387,394.48,1799.97,1091.35,260.977,72.632,1048.74,282.568,205.47,1872.443,0.0,1095.2666666666655,580.1852857142858,660.4317857142858,706.1452857142857,686.9878000000001,632.9177863932034,750.8430949326437,753.2595221723637,260.977,72.632,1799.97,338.524,0.0,2578.476,744.4585974545231,707.8777357742753,-1405.49,-111.63999999999999,-0.7808407917909743,-0.220580099581127
2015-05-11,1642.802,0,11,5,2,2015,20,0,0,0,0,0,128,0.0,1.0,0.49999999999999994,-0.8660254037844387,2343.799,394.48,1799.97,254.456,187.43200000000002,0.0,0.0,1250.45,638.576,1915.24,1512.7496666666655,904.6377142857143,807.6625714285714,807.9704761904762,765.1144333333334,867.8850627179111,864.5326469616834,799.6670711242652,394.48,187.43200000000002,2343.799,450.3,0.0,2578.476,1144.2936980908923,926.0005710043719,1949.319,2271.167,4.941490062867572,31.269509307192422
2015-05-12,734.846,1,12,5,2,2015,20,0,0,0,0,0,129,0.7818314824680298,0.6234898018587336,0.49999999999999994,-0.8660254037844387,1642.802,2343.799,394.48,1091.35,260.977,506.12,2578.476,845.36,0.0,1872.443,1460.3603333333322,1112.5477142857144,925.0055714285714,826.6539047619048,756.0331666666666,841.3544033217347,857.9396065527917,787.6115767267553,1091.35,254.456,2343.799,637.482,0.0,2578.476,1268.9207735681691,1021.5740948704556,-700.9970000000001,1455.37,-0.2990858004461987,7.764789363609202
2015-05-13,898.382,2,13,5,2,2015,20,0,0,0,0,0,130,0.9749279121818236,-0.22252093395631434,0.49999999999999994,-0.8660254037844387,734.846,1642.802,2343.799,1799.97,254.456,72.632,768.8439999999999,257.752,294.71999999999997,638.576,1573.8156666666655,1180.243285714286,793.3177142857143,821.3913333333334,718.1132666666667,778.1035131160498,714.0457489532606,758.8686746051848,1091.35,254.456,2343.799,620.483,0.0,2343.799,1135.4020801761267,983.3436822210616,-907.9559999999999,473.869,-0.5526874206386405,1.8157500469390024
2015-05-14,310.88,3,14,5,2,2015,20,0,0,0,0,0,131,0.43388373911755823,-0.900968867902419,0.49999999999999994,-0.8660254037844387,898.382,734.846,1642.802,394.48,1091.35,187.43200000000002,1048.74,643.98,39.072,0.0,1092.0099999999989,1272.2327142857143,802.5704285714286,851.8975238095237,726.7734666666666,682.6174824347372,714.5433331379975,759.4119540149076,1091.35,394.48,2343.799,620.483,0.0,2343.799,1076.147060132095,972.01545792492,163.53599999999994,643.9259999999999,0.22254458757345064,2.5305986103687865
2015-05-15,0.0,4,15,5,2,2015,20,0,0,0,0,0,132,-0.433883739117558,-0.9009688679024191,0.49999999999999994,-0.8660254037844387,310.88,898.382,734.846,2343.799,1799.97,260.977,0.0,0.0,0.0,294.71999999999997,648.0359999999989,1160.7369999999999,749.8661428571428,836.035619047619,737.1361333333333,774.624768168628,722.1607486462872,751.2296843101583,898.382,310.88,2343.799,450.3,0.0,2343.799,884.8302950990712,883.8640635349307,-587.502,-780.4699999999999,-0.6539556669657228,-0.7151417968571036
2015-05-16,289.28,5,16,5,2,2015,20,1,0,0,0,0,133,-0.9749279121818236,-0.2225209339563146,0.49999999999999994,-0.8660254037844387,0.0,310.88,898.382,1642.802,394.48,254.456,506.12,2379.9939999999997,1020.532,39.072,403.08733333333225,903.5984285714286,749.8661428571429,836.035619047619,727.3121333333333,824.2280256122007,722.1607486462871,759.100589259863,734.846,0.0,2343.799,450.3,0.0,2343.799,663.6227213243035,766.0155217302732,-310.88,-1799.97,-1.0,-1.0
2015-05-18,944.964,0,18,5,2,2015,21,0,0,0,0,0,135,0.0,1.0,0.49999999999999994,-0.8660254037844387,91.68,289.28,0.0,898.382,1642.802,1799.97,187.43200000000002,0.0,1250.45,1020.532,126.9866666666656,566.8385714285715,735.7381428571429,727.3879047619047,738.7084,575.250673710966,728.7611105560616,749.7154431525474,310.88,0.0,1642.802,352.68,0.0,2343.799,450.44778074492075,621.0146807662942,-197.59999999999997,-2252.119,-0.6830752212389379,-0.9608840177848015
2015-05-19,91.62,1,19,5,2,2015,21,0,0,0,0,0,136,0.7818314824680298,0.6234898018587336,0.49999999999999994,-0.8660254037844387,944.964,91.68,289.28,310.88,734.846,394.48,260.977,2578.476,845.36,205.47,441.9746666666656,467.1474285714286,789.8475714285714,772.3861904761904,736.1894666666667,387.55500641619085,712.8680987458322,748.8623695105904,310.88,0.0,944.964,564.663,0.0,2343.799,574.0768355586906,664.2079233307884,853.2840000000001,-697.8379999999999,9.307198952879581,-0.42478521452980933
2015-05-20,320.10400000000004,2,20,5,2,2015,21,0,0,0,0,0,137,0.9749279121818236,-0.22252093395631434,0.49999999999999994,-0.8660254037844387,91.62,944.964,91.68,0.0,898.382,2343.799,254.456,768.8439999999999,257.752,1250.45,376.087999999999,375.2580000000001,777.7506428571429,653.9644761904761,732.3944666666666,389.75333072594526,723.8848719221786,751.9268395701224,289.28,0.0,944.964,564.663,0.0,2343.799,453.46262666901794,587.8628668866833,-853.344,-643.226,-0.9030439254828755,-0.8753208155178092
2015-05-21,4264.3279999999995,3,21,5,2,2015,21,0,0,0,0,0,138,0.43388373911755823,-0.900968867902419,0.49999999999999994,-0.8660254037844387,320.10400000000004,91.62,944.964,289.28,310.88,1642.802,1091.35,1048.74,643.98,845.36,452.2293333333323,292.64685714285724,782.4397857142858,632.5959047619048,701.3829333333334,314.39279856644987,720.4387730882852,749.0033752331268,289.28,0.0,944.964,564.663,0.0,2343.799,420.12297000176346,552.1616846351255,228.48400000000004,-578.2779999999999,2.4938223095394023,-0.6436883196680254
2015-05-22,180.93,4,22,5,2,2015,21,0,0,0,0,0,139,-0.433883739117558,-0.9009688679024191,0.49999999999999994,-0.8660254037844387,4264.3279999999995,320.10400000000004,91.62,91.68,0.0,734.846,1799.97,0.0,0.0,257.752,1558.6839999999986,857.425142857143,1009.0810714285714,785.7191428571429,815.3485333333333,1534.82648637507,1178.5391393202062,992.2697603190558,289.28,0.0,4264.3279999999995,564.663,0.0,4264.3279999999995,1381.1742275013225,1047.117193350442,3944.2239999999993,3953.4479999999994,12.321695448979078,12.716958311888831
2015-05-24,116.28,6,24,5,2,2015,21,1,0,0,0,0,141,-0.7818314824680299,0.6234898018587334,0.49999999999999994,-0.8660254037844387,323.75800000000004,180.93,4264.3279999999995,91.62,91.68,310.88,2343.799,72.632,282.568,0.0,1589.6719999999987,888.1977142857144,888.3837857142855,785.6509523809523,802.1137333333332,1517.2345962486722,1176.851110964679,997.4448615273456,320.10400000000004,91.62,4264.3279999999995,321.93100000000004,0.0,4264.3279999999995,891.774377969494,850.5765585609988,142.82800000000003,34.478000000000065,0.7894102691648706,0.11918556415929227
2015-05-25,119.53999999999999,0,25,5,2,2015,22,0,0,0,0,0,142,0.0,1.0,0.49999999999999994,-0.8660254037844387,116.28,323.75800000000004,180.93,320.10400000000004,944.964,0.0,1642.802,187.43200000000002,0.0,2379.9939999999997,206.98933333333216,891.7120000000001,729.2752857142857,787.7294285714286,805.9897333333333,1515.109179638649,1113.8365640728478,994.4418304294411,320.10400000000004,91.62,4264.3279999999995,315.492,0.0,4264.3279999999995,697.9007834771206,752.6703507528657,-207.47800000000004,24.599999999999994,-0.6408428517596476,0.26832460732984287
2015-05-26,1325.718,1,26,5,2,2015,22,0,0,0,0,0,143,0.7818314824680298,0.6234898018587336,0.49999999999999994,-0.8660254037844387,119.53999999999999,116.28,323.75800000000004,4264.3279999999995,91.62,289.28,734.846,260.977,2578.476,282.568,186.5259999999988,773.7942857142858,620.4708571428572,784.4964761904762,730.6412666666668,1542.1530764937718,1091.9186711933953,955.9599640146143,180.93,91.62,4264.3279999999995,300.08,0.0,4264.3279999999995,553.3105876078405,668.2529706524837,3.259999999999991,-825.4240000000001,0.02803577571379412,-0.8734978263722216
2015-05-27,2157.394,2,27,5,2,2015,22,0,0,0,0,0,144,0.9749279121818236,-0.22252093395631434,0.49999999999999994,-0.8660254037844387,1325.718,119.53999999999999,116.28,180.93,320.10400000000004,91.68,898.382,254.456,768.8439999999999,0.0,520.5126666666655,950.0940000000002,662.676,835.1984285714285,765.4129333333333,1521.5728470640613,1107.980735063845,958.0691561917981,320.10400000000004,116.28,4264.3279999999995,300.08,0.0,4264.3279999999995,746.4124407058804,755.9149745654859,1206.178,1234.098,10.090162288773634,13.469744597249509
2015-05-28,221.96800000000002,3,28,5,2,2015,22,0,0,0,0,0,145,0.43388373911755823,-0.900968867902419,0.49999999999999994,-0.8660254037844387,2157.394,1325.718,119.53999999999999,323.75800000000004,4264.3279999999995,944.964,310.88,1091.35,1048.74,2578.476,1200.8839999999989,1212.564,752.6054285714284,925.8145238095237,837.3260666666666,1552.9303459983753,1177.496672277103,979.366581052754,323.75800000000004,116.28,4264.3279999999995,300.08,0.0,4264.3279999999995,1099.1578305294101,942.778844623421,831.6759999999997,1837.2899999999997,0.6273400527110589,5.739665858595955
2015-05-29,0.0,4,29,5,2,2015,22,0,0,0,0,0,146,-0.433883739117558,-0.9009688679024191,0.49999999999999994,-0.8660254037844387,221.96800000000002,2157.394,1325.718,116.28,180.93,91.62,0.0,1799.97,0.0,768.8439999999999,1235.0266666666653,635.0840000000001,746.2545714285714,884.4153809523808,758.7757999999999,796.1564783231797,1180.2988353949725,928.0600127456977,221.96800000000002,116.28,2157.394,255.624,0.0,4264.3279999999995,879.8603728970576,846.670732006965,-1935.4259999999997,-4042.3599999999997,-0.897112905663036,-0.947947718843391
2015-05-30,1924.913,5,30,5,2,2015,22,1,0,0,0,0,147,-0.9749279121818236,-0.2225209339563146,0.49999999999999994,-0.8660254037844387,0.0,221.96800000000002,2157.394,119.53999999999999,323.75800000000004,320.10400000000004,289.28,394.48,506.12,1048.74,793.1206666666652,609.2368571428572,746.2545714285714,798.7025238095237,733.1476666666666,816.0463769131694,1180.2988353949725,938.3312689784522,221.96800000000002,0.0,2157.394,255.624,0.0,4264.3279999999995,659.8952796727932,733.781301072703,-221.96800000000002,-180.93,-1.0,-1.0
2015-06-01,5188.5199999999995,0,1,6,2,2015,23,0,1,0,0,0,149,0.0,1.0,1.2246467991473532e-16,-1.0,773.7,1924.913,0.0,2157.394,119.53999999999999,180.93,944.964,1642.802,187.43200000000002,506.12,899.5376666666656,931.8904285714287,911.8012142857143,796.8136666666667,788.1434333333333,885.0988685745339,1192.2630411788134,950.9996662111412,773.7,0.0,2157.394,321.93100000000004,0.0,4264.3279999999995,925.5372823159462,876.7456794723859,-1151.213,657.4200000000001,-0.5980597564669157,5.653766769865841
2015-06-02,738.598,1,2,6,2,2015,23,0,0,0,0,0,150,0.7818314824680298,0.6234898018587336,1.2246467991473532e-16,-1.0,5188.5199999999995,773.7,1924.913,221.96800000000002,1325.718,323.75800000000004,91.62,734.846,260.977,72.632,2629.044333333332,1656.0304285714285,1214.9123571428572,965.657380952381,944.2234333333333,1755.4074054794,1652.0928397380665,1242.6412125179916,1325.718,0.0,5188.5199999999995,321.93100000000004,0.0,5188.5199999999995,1991.2829617369596,1451.648922209401,4414.82,5068.98,5.706113480677264,42.404048853940104
2015-06-03,531.16,2,3,6,2,2015,23,0,0,0,0,0,151,0.9749279121818236,-0.22252093395631434,1.2246467991473532e-16,-1.0,738.598,5188.5199999999995,773.7,0.0,2157.394,116.28,320.10400000000004,898.382,254.456,187.43200000000002,2233.6059999999984,1572.1561428571429,1261.1250714285713,965.8360476190475,966.4223,1787.5524535506015,1627.1147376265794,1232.4405953387952,773.7,0.0,5188.5199999999995,531.178,0.0,5188.5199999999995,1678.1117213027196,1356.5754659148142,-4449.922,-587.1200000000001,-0.8576476528952379,-0.44286944885714763
2015-06-04,456.272,3,4,6,2,2015,23,0,0,0,0,0,152,0.43388373911755823,-0.900968867902419,1.2246467991473532e-16,-1.0,531.16,738.598,5188.5199999999995,1924.913,221.96800000000002,119.53999999999999,4264.3279999999995,310.88,1091.35,260.977,2152.759333333332,1339.837,1276.2004999999997,948.3492857142857,977.8798999999999,1804.4125071711383,1618.6812626618082,1226.532453068921,738.598,0.0,5188.5199999999995,634.8789999999999,0.0,5188.5199999999995,1391.3737909770398,1246.5200704595056,-207.438,-1626.234,-0.280853725571962,-0.7537955514848006
2015-06-05,0.0,4,5,6,2,2015,23,0,0,0,0,0,153,-0.433883739117558,-0.9009688679024191,1.2246467991473532e-16,-1.0,456.272,531.16,738.598,773.7,0.0,1325.718,180.93,0.0,1799.97,254.456,575.3433333333321,1373.309,1004.1965,955.2727142857142,984.3897333333333,1782.2570129281671,1380.3357371928796,1223.1097673964853,738.598,0.0,5188.5199999999995,493.716,0.0,5188.5199999999995,1157.5983432327798,1141.153661064905,-74.88799999999998,234.30399999999997,-0.140989532344303,1.05557557846176
2015-06-08,2501.264,0,8,6,2,2015,24,0,0,0,0,0,156,0.0,1.0,1.2246467991473532e-16,-1.0,281.397,1374.0010000000002,0.0,531.16,5188.5199999999995,0.0,119.53999999999999,944.964,1642.802,394.48,551.7993333333321,1224.2782857142859,1078.084357142857,1015.9602380952381,934.7104666666668,1799.6130905047908,1370.88576089513,1227.7746992027464,531.16,0.0,5188.5199999999995,634.8789999999999,0.0,5188.5199999999995,816.336238551329,939.1418172917322,-1092.6040000000003,-492.30300000000005,-0.7951988390110343,-0.636297014346646
2015-06-09,5463.008,1,9,6,2,2015,24,0,0,0,0,0,157,0.7818314824680298,0.6234898018587336,1.2246467991473532e-16,-1.0,2501.264,281.397,1374.0010000000002,456.272,738.598,1924.913,1325.718,91.62,734.846,2343.799,1385.553999999999,840.3845714285716,1248.2075,1090.069761904762,1004.9365999999999,848.0863862472497,1390.4262667215387,1255.7424012369402,531.16,0.0,2501.264,756.149,0.0,5188.5199999999995,1237.5681789134967,1147.424774986168,2219.867,-2687.2559999999994,7.8887372644342335,-0.5179234155404624
2015-06-10,491.55,2,10,6,2,2015,24,0,0,0,0,0,158,0.9749279121818236,-0.22252093395631434,1.2246467991473532e-16,-1.0,5463.008,2501.264,281.397,0.0,531.16,773.7,2157.394,320.10400000000004,898.382,1642.802,2748.556333333332,1515.3002857142858,1543.7282142857143,1345.850142857143,1108.9102333333333,1935.855169244901,1790.3284641188136,1479.600516427618,531.16,0.0,5463.008,756.149,0.0,5463.008,2293.9281341851224,1722.8358716546788,2961.7439999999997,4724.41,1.184098919586257,6.396456529803763
2015-06-11,0.0,3,11,6,2,2015,24,0,0,0,0,0,159,0.43388373911755823,-0.900968867902419,1.2246467991473532e-16,-1.0,491.55,5463.008,2501.264,1374.0010000000002,456.272,5188.5199999999995,221.96800000000002,4264.3279999999995,310.88,734.846,2818.607333333332,1509.6417142857142,1424.739357142857,1354.014238095238,1070.5351666666668,1939.2661768167716,1801.7270464103485,1480.2053308766058,491.55,0.0,5463.008,634.8789999999999,0.0,5463.008,1843.333600638842,1558.6644221007216,-4971.458,-39.60999999999996,-0.91002209771613,-0.07457263348143672
2015-06-12,0.0,4,12,6,2,2015,24,0,0,0,0,0,160,-0.433883739117558,-0.9009688679024191,1.2246467991473532e-16,-1.0,0.0,491.55,5463.008,281.397,0.0,738.598,0.0,180.93,0.0,898.382,1984.8526666666655,1444.4599999999998,1408.8845,1150.951,1046.0403,1987.6371896747908,1814.0598025564211,1491.9853146727162,491.55,0.0,5463.008,634.8789999999999,0.0,5463.008,1382.5002004791315,1350.8424991539587,-491.55,-456.272,-1.0,-1.0
2015-06-15,942.9739999999999,0,15,6,2,2015,25,0,0,0,0,0,163,0.0,1.0,1.2246467991473532e-16,-1.0,212.94,14.52,0.0,491.55,2501.264,0.0,5188.5199999999995,119.53999999999999,944.964,289.28,75.81999999999879,1240.4688571428574,1232.3735714285715,1132.2125238095239,1013.3135666666666,2066.2612283812946,1861.5372867126507,1505.37291316974,212.94,0.0,5463.008,473.911,0.0,5463.008,639.1997720771337,909.4183024122216,198.42,-68.457,13.665289256198347,-0.2432755146643354
2015-06-16,763.792,1,16,6,2,2015,25,0,0,0,0,0,164,0.7818314824680298,0.6234898018587336,1.2246467991473532e-16,-1.0,942.9739999999999,212.94,14.52,0.0,5463.008,1374.0010000000002,738.598,1325.718,91.62,91.68,390.14466666666544,1017.856,929.1202857142858,1171.4236666666666,1035.1033666666667,1990.3356581277021,1472.6834659421738,1499.2499252316593,212.94,0.0,5463.008,473.911,0.0,5463.008,715.1433290578502,913.8923954239254,730.0339999999999,-1558.2900000000002,3.4283554052784817,-0.6230010106889957
2015-06-17,3356.4860000000003,2,17,6,2,2015,25,0,0,0,0,0,165,0.9749279121818236,-0.22252093395631434,1.2246467991473532e-16,-1.0,763.792,942.9739999999999,212.94,0.0,491.55,281.397,531.16,2157.394,320.10400000000004,944.964,639.9019999999988,346.5394285714286,930.9198571428572,1144.6652857142858,1057.5071,391.39213745243717,1472.4481195894805,1489.6570329858118,212.94,0.0,942.9739999999999,473.911,0.0,5463.008,727.3054967933876,893.8790093674021,-179.1819999999999,-4699.215999999999,-0.19001796444016472,-0.8601883797351203
2015-06-18,139.8,3,18,6,2,2015,25,0,0,0,0,0,166,0.43388373911755823,-0.900968867902419,1.2246467991473532e-16,-1.0,3356.4860000000003,763.792,942.9739999999999,14.52,0.0,2501.264,456.272,221.96800000000002,4264.3279999999995,91.62,1687.7506666666657,755.816,1132.7288571428574,1201.7649047619047,1137.8911666666668,1210.0499951891663,1601.4112045493778,1547.3230976807047,212.94,0.0,3356.4860000000003,473.911,0.0,5463.008,1384.600622595041,1222.2266081184152,2592.6940000000004,2864.936,3.394502691832332,5.828371477977826
2015-06-22,1975.498,0,22,6,2,2015,26,0,0,0,0,0,170,0.0,1.0,1.2246467991473532e-16,-1.0,4107.443,1828.9496,0.0,3356.4860000000003,942.9739999999999,0.0,2501.264,5188.5199999999995,119.53999999999999,323.75800000000004,1978.7975333333322,1591.3492285714285,1415.909042857143,1352.0321238095237,1178.53152,1594.1308268562734,1782.285502575067,1537.0756619038189,942.9739999999999,0.0,4107.443,627.671,0.0,5463.008,1822.6296219929623,1460.6793237426186,2278.4934000000003,3894.503,1.2457934324707471,18.289203531511227
2015-06-23,109.49600000000001,1,23,6,2,2015,26,0,0,0,0,0,171,0.7818314824680298,0.6234898018587336,1.2246467991473532e-16,-1.0,1975.498,4107.443,1828.9496,139.8,763.792,14.52,5463.008,738.598,1325.718,116.28,2637.2968666666657,1738.8526571428572,1378.3543285714288,1199.0310761904761,1233.58952,1571.750487528875,1763.0925712205656,1534.9831226852157,1828.9496,0.0,4107.443,627.671,0.0,5463.008,1860.8467164947215,1529.3218139102696,-2131.945,1032.5240000000001,-0.5190443300126137,1.0949655027604157
2015-06-24,4.272,2,24,6,2,2015,26,0,0,0,0,0,172,0.9749279121818236,-0.22252093395631434,1.2246467991473532e-16,-1.0,109.49600000000001,1975.498,4107.443,0.0,3356.4860000000003,212.94,491.55,531.16,2157.394,119.53999999999999,2064.1456666666654,1645.3817999999999,995.9606142857143,1169.0738380952382,1233.3633866666667,1656.5677264254487,1338.4519443494848,1535.1538905792775,1828.9496,0.0,4107.443,352.245,0.0,4107.443,1423.0090373710411,1340.0117053889003,-1866.002,-654.296,-0.9445729633742985,-0.8566415987598718
2015-06-25,792.76,3,25,6,2,2015,26,0,0,0,0,0,173,0.43388373911755823,-0.900968867902419,1.2246467991473532e-16,-1.0,4.272,109.49600000000001,1975.498,1828.9496,139.8,942.9739999999999,0.0,456.272,221.96800000000002,1325.718,696.4219999999988,1166.4940857142856,961.1550428571429,1143.9839333333334,1229.52112,1561.267086138057,1358.7594213385967,1538.17902611204,139.8,0.0,4107.443,176.37,0.0,4107.443,1068.324778028281,1161.9130780037137,-105.224,-3352.2140000000004,-0.9609848761598597,-0.9987272403340874
2015-06-26,0.0,4,26,6,2,2015,26,0,0,0,0,0,174,-0.433883739117558,-0.9009688679024191,1.2246467991473532e-16,-1.0,792.76,4.272,109.49600000000001,4107.443,0.0,763.792,0.0,0.0,0.0,2157.394,302.1759999999988,1259.7740857142855,1017.7807571428573,1160.0071714285714,1211.755853333333,1508.3101912367645,1331.8754971492463,1540.1061883451111,792.76,0.0,4107.443,488.366,0.0,4107.443,999.4335835212107,1112.6926676032188,788.4879999999999,652.96,184.57116104868913,4.670672389127324
2015-06-29,46.68,0,29,6,2,2015,27,0,0,0,0,0,177,0.0,1.0,1.2246467991473532e-16,-1.0,1645.791,616.14,0.0,4.272,1975.498,0.0,942.9739999999999,2501.264,5188.5199999999995,1924.913,753.9769999999986,734.8509999999998,1163.1001142857142,1188.8896952380953,1207.8414866666667,801.1744462015135,1290.9854248325196,1525.1303918958001,616.14,0.0,1975.498,778.2760000000001,0.0,4107.443,948.6100430480108,1014.9589157701547,1029.6509999999998,-2461.652,1.6711315610088615,-0.5993149509317598
2015-06-30,739.624,1,30,6,2,2015,27,0,0,1,0,1,178,0.7818314824680298,0.6234898018587336,1.2246467991473532e-16,-1.0,46.68,1645.791,616.14,792.76,109.49600000000001,1828.9496,763.792,5463.008,738.598,773.7,769.5369999999988,459.3055714285712,1099.0791142857142,1072.004742857143,1145.2337200000002,612.9410417084079,1324.5295391167624,1533.2090655934135,109.49600000000001,0.0,1645.791,689.966,0.0,4107.443,723.127532286008,885.8550603341341,-1599.1109999999999,-1928.818,-0.9716367388082691,-0.9763705151814884
2015-07-01,601.0239999999999,2,1,7,3,2015,27,0,1,0,1,0,179,0.9749279121818236,-0.22252093395631434,-0.4999999999999997,-0.8660254037844388,739.624,46.68,1645.791,0.0,4.272,4107.443,3356.4860000000003,491.55,531.16,5188.5199999999995,810.698333333332,549.323857142857,1097.3528285714285,847.0816952380952,1144.0978533333332,599.1200445176062,1325.0157998829875,1533.5063985766008,616.14,0.0,1645.791,677.8820000000001,0.0,4107.443,727.251649214506,866.3575856229163,692.9440000000001,630.128,14.844558697514996,5.754803828450354
2015-07-02,79.56,3,2,7,3,2015,27,0,0,0,0,0,180,0.43388373911755823,-0.900968867902419,-0.4999999999999997,-0.8660254037844388,601.0239999999999,739.624,46.68,616.14,792.76,1975.498,139.8,0.0,456.272,738.598,462.4426666666653,634.5741428571426,900.5341142857142,852.2947428571428,991.18132,548.9971259415769,1157.716666577702,1331.7565414417245,616.14,0.0,1645.791,608.5819999999999,0.0,4107.443,695.6947369108794,830.9797742065275,-138.60000000000014,596.7519999999998,-0.18739251295252746,139.689138576779
2015-07-03,0.0,4,3,7,3,2015,27,0,0,0,0,0,181,-0.433883739117558,-0.9009688679024191,-0.4999999999999997,-0.8660254037844388,79.56,601.0239999999999,739.624,1645.791,0.0,109.49600000000001,0.0,0.0,0.0,531.16,473.4026666666653,532.6884285714284,896.2312571428572,856.0833142857142,969.2133866666667,580.0488639898551,1160.8692148064038,1341.4668564183642,601.0239999999999,0.0,1645.791,608.5819999999999,0.0,4107.443,541.6610526831596,730.7904709789905,-521.4639999999999,-713.2,-0.8676259184325418,-0.8996417579090772
2015-07-06,1038.472,0,6,7,3,2015,28,0,0,0,0,0,184,0.0,1.0,-0.4999999999999997,-0.8660254037844388,1444.104,247.40800000000002,0.0,601.0239999999999,46.68,0.0,1975.498,942.9739999999999,2501.264,1374.0010000000002,563.837333333332,451.1999999999998,593.0255,925.8000761904761,992.68272,522.5513255862712,666.2896633316325,1344.9966884475862,247.40800000000002,0.0,1444.104,424.21599999999995,0.0,1975.498,635.928256600708,696.8540991824718,1196.696,-201.6869999999999,4.836933324710599,-0.12254715209889955
2015-07-07,241.19400000000002,1,7,7,3,2015,28,0,0,0,0,0,185,0.7818314824680298,0.6234898018587336,-0.4999999999999997,-0.8660254037844388,1038.472,1444.104,247.40800000000002,79.56,739.624,616.14,109.49600000000001,763.792,5463.008,281.397,909.9946666666655,592.8845714285713,526.0950714285715,930.3476,981.49842,529.0068799725148,554.4034715423675,1343.1102226653943,601.0239999999999,0.0,1444.104,424.21599999999995,0.0,1645.791,736.564192450531,742.403152624809,-405.63200000000006,991.792,-0.28088835707123594,21.246615252784917
2015-07-08,763.0740000000001,2,8,7,3,2015,28,0,0,0,0,0,186,0.9749279121818236,-0.22252093395631434,-0.4999999999999997,-0.8660254037844388,241.19400000000002,1038.472,1444.104,0.0,601.0239999999999,1645.791,4.272,3356.4860000000003,491.55,2501.264,907.9233333333322,521.6802857142856,535.5020714285714,905.4619809523809,980.15832,539.4060190547937,547.8697677548626,1343.8526935458865,247.40800000000002,0.0,1444.104,424.21599999999995,0.0,1645.791,612.7216443378983,675.5752656081677,-797.278,-498.43,-0.767741450900939,-0.6738964663126129
2015-07-09,265.521,3,9,7,3,2015,28,0,0,0,0,0,187,0.43388373911755823,-0.900968867902419,-0.4999999999999997,-0.8660254037844388,763.0740000000001,241.19400000000002,1038.472,247.40800000000002,79.56,46.68,792.76,139.8,0.0,5463.008,680.913333333332,544.8302857142855,589.7022142857143,781.9661714285714,922.2186533333334,546.8054442479583,528.4631628629451,1313.128860966915,247.40800000000002,0.0,1444.104,608.5819999999999,0.0,1645.791,650.3097332534237,687.2417635270787,521.8800000000001,162.05000000000018,2.163735416303888,0.26962317644553324
2015-07-10,0.0,4,10,7,3,2015,28,0,0,0,0,0,188,-0.433883739117558,-0.9009688679024191,-0.4999999999999997,-0.8660254037844388,265.521,763.0740000000001,241.19400000000002,1444.104,0.0,739.624,0.0,0.0,0.0,491.55,423.2629999999987,571.3961428571428,552.0422857142856,787.9528857142858,748.9690866666666,524.4956606291213,531.6562148908533,998.5668403751956,265.521,0.0,1444.104,433.2724999999999,0.0,1645.791,554.1125499400678,631.0123283901348,-497.55300000000005,185.961,-0.6520376791765936,2.33736802413273
2015-07-13,351.216,0,13,7,3,2015,29,0,0,0,0,0,191,0.0,1.0,-0.4999999999999997,-0.8660254037844388,1960.012,2022.356,0.0,763.0740000000001,1038.472,0.0,46.68,1975.498,942.9739999999999,14.52,1327.4559999999985,898.6612857142856,674.9306428571429,694.9040952380952,865.3296866666666,823.3881281150907,702.0269002134658,1033.43522425603,763.0740000000001,0.0,2022.356,433.2724999999999,0.0,2022.356,1102.9609820059661,905.7950593994448,-62.34400000000005,515.9079999999999,-0.03082741119763288,0.3572512783012858
2015-07-14,292.594,1,14,7,3,2015,29,0,0,0,0,0,192,0.7818314824680298,0.6234898018587336,-0.4999999999999997,-0.8660254037844388,351.216,1960.012,2022.356,265.521,241.19400000000002,247.40800000000002,739.624,109.49600000000001,763.792,212.94,1444.5279999999987,800.4818571428569,696.6832142857144,617.5573333333333,876.5528866666666,844.6382816315187,685.588509169054,1025.67588267285,351.216,0.0,2022.356,476.11999999999995,0.0,2022.356,915.0247365044746,831.8511848128521,-1608.7959999999998,-687.256,-0.8208092603514672,-0.6617954070981211
2015-07-15,9.51,2,15,7,3,2015,29,0,0,0,0,0,193,0.9749279121818236,-0.22252093395631434,-0.4999999999999997,-0.8660254037844388,292.594,351.216,1960.012,0.0,763.0740000000001,1444.104,601.0239999999999,4.272,3356.4860000000003,942.9739999999999,867.9406666666655,807.8247142857141,664.7524999999999,626.2762857142857,879.20802,839.1714868659881,693.7956385862839,1024.0005034107994,351.216,0.0,2022.356,321.905,0.0,2022.356,759.417052378356,759.9502268378052,-58.622000000000014,51.39999999999998,-0.16691153022641336,0.21310646201812644
2015-07-16,0.0,3,16,7,3,2015,29,0,0,0,0,0,194,0.43388373911755823,-0.900968867902419,-0.4999999999999997,-0.8660254037844388,9.51,292.594,351.216,2022.356,265.521,1038.472,79.56,792.76,139.8,763.792,217.77333333333206,700.1727142857142,622.5015000000001,626.5257142857142,848.0925533333334,892.5089907204709,715.6422827759229,1036.106725903166,292.594,0.0,2022.356,279.0575,0.0,2022.356,571.940289283767,659.8915299260979,-283.084,-753.5640000000001,-0.9674976246949698,-0.9875372506467263
2015-07-17,0.0,4,17,7,3,2015,29,0,0,0,0,0,195,-0.433883739117558,-0.9009688679024191,-0.4999999999999997,-0.8660254037844388,0.0,9.51,292.594,1960.012,0.0,241.19400000000002,0.0,0.0,0.0,3356.4860000000003,100.70133333333204,662.2411428571428,616.8186428571428,588.775238095238,822.63282,919.3006290493034,720.5842136565439,1047.5703536817878,292.594,0.0,2022.356,279.0575,0.0,2022.356,428.95521696282526,571.9059926026182,-9.51,-265.521,-1.0,-1.0
2015-07-20,2285.786,0,20,7,3,2015,30,0,0,0,0,0,198,0.0,1.0,-0.4999999999999997,-0.8660254037844388,461.326,273.04,0.0,9.51,351.216,0.0,1038.472,46.68,1975.498,1828.9496,244.78866666666536,198.24085714285704,548.4510714285714,516.0340476190477,730.5688200000001,192.06371572244657,679.7171131699383,930.6348336912263,273.04,0.0,461.326,282.817,0.0,2022.356,347.4919821561919,465.35104170309694,188.286,-1498.686,0.6895912686785819,-0.7646310328712274
2015-07-21,1961.482,1,21,7,3,2015,30,0,0,0,0,0,199,0.7818314824680298,0.6234898018587336,-0.4999999999999997,-0.8660254037844388,2285.786,461.326,273.04,0.0,292.594,2022.356,241.19400000000002,739.624,109.49600000000001,4107.443,1006.7173333333321,474.6079999999999,637.5449285714286,622.6581428571428,745.7967,818.6495557685043,816.808221980626,952.7031977288464,273.04,0.0,2285.786,282.817,0.0,2285.786,832.065486617144,708.0757028093508,1824.46,1934.5700000000002,3.9548172008514584,5.508205776502209
2015-07-22,1348.344,2,22,7,3,2015,30,0,0,0,0,0,200,0.9749279121818236,-0.22252093395631434,-0.4999999999999997,-0.8660254037844388,1961.482,2285.786,461.326,0.0,9.51,1960.012,763.0740000000001,601.0239999999999,4.272,1975.498,1569.5313333333322,713.0205714285713,760.4226428571429,680.8418571428572,674.2646666666667,983.268688875149,879.580930924899,750.7554368875134,273.04,0.0,2285.786,321.905,0.0,2285.786,1114.4196149628578,875.1965424347707,-324.3040000000001,1668.888,-0.14187854856053894,5.703766994538507
2015-07-23,2613.1839999999997,3,23,7,3,2015,30,0,0,0,0,0,201,0.43388373911755823,-0.900968867902419,-0.4999999999999997,-0.8660254037844388,1348.344,1961.482,2285.786,273.04,0.0,351.216,265.521,79.56,792.76,109.49600000000001,1865.2039999999988,904.2825714285713,802.2276428571429,716.4285238095238,653.3595333333334,953.3751057344922,893.5147221354921,721.4315767093655,461.326,0.0,2285.786,321.905,0.0,2285.786,1172.9007112221434,938.2828701101346,-613.1379999999999,1338.834,-0.3125891545270362,140.78170347003154
2015-07-27,580.06,0,27,7,3,2015,31,0,0,0,0,0,205,0.0,1.0,-0.4999999999999997,-0.8660254037844388,5039.994,8341.289999999999,0.0,1348.344,2285.786,0.0,351.216,1038.472,46.68,616.14,4460.427999999999,3084.2971428571427,1641.269,1393.7330952380953,1156.2908666666665,2772.1059311286135,2409.6182538520657,1751.417734890139,2285.786,0.0,8341.289999999999,406.271,0.0,8341.289999999999,3470.712740660131,2392.0421441820354,-3301.2959999999994,4578.668,-0.3957776315174272,9.925016149100635
2015-07-28,193.152,1,28,7,3,2015,31,0,0,0,0,0,206,0.7818314824680298,0.6234898018587336,-0.4999999999999997,-0.8660254037844388,580.06,5039.994,8341.289999999999,2613.1839999999997,1961.482,273.04,292.594,241.19400000000002,739.624,1645.791,4653.7813333333315,2840.6219999999994,1657.6149999999998,1371.9039523809522,1155.0882,2924.7611969772784,2400.954438354592,1751.8137796764931,1961.482,0.0,8341.289999999999,520.693,0.0,8341.289999999999,2748.049555495098,2150.444524957764,-4459.933999999999,-1705.726,-0.8849085931451506,-0.7462317119800367
2015-07-29,0.0,2,29,7,3,2015,31,0,0,0,0,0,207,0.9749279121818236,-0.22252093395631434,-0.4999999999999997,-0.8660254037844388,193.152,580.06,5039.994,0.0,1348.344,461.326,9.51,763.0740000000001,601.0239999999999,46.68,1937.735333333332,2588.0034285714282,1650.512,1369.616238095238,1106.6669,3085.3110491204798,2405.446256488548,1757.8482868454664,1348.344,0.0,8341.289999999999,520.693,0.0,8341.289999999999,2109.3251666213237,1889.4721882967287,-386.90799999999996,-1768.33,-0.6670137571975312,-0.9015275184783751
2015-07-30,1367.84,3,30,7,3,2015,31,0,0,0,0,0,208,0.43388373911755823,-0.900968867902419,-0.4999999999999997,-0.8660254037844388,0.0,193.152,580.06,8341.289999999999,2613.1839999999997,2285.786,0.0,265.521,79.56,739.624,257.7373333333321,2395.3828571428567,1649.8327142857142,1333.279380952381,1105.1109,3214.968975346383,2405.9466047730225,1758.8392935223196,580.06,0.0,8341.289999999999,520.693,0.0,8341.289999999999,1581.9938749659927,1637.5425631904984,-193.152,-1348.344,-1.0,-1.0
2015-08-03,477.994,0,3,8,3,2015,32,0,0,0,0,0,212,0.0,1.0,-0.8660254037844384,-0.5000000000000004,886.28,228.328,0.0,0.0,580.06,0.0,2285.786,351.216,1038.472,247.40800000000002,371.53599999999875,465.09428571428543,1774.695714285714,1249.210761904762,1140.5189,511.240422250832,2348.263040574702,1753.0324979774302,228.328,0.0,1367.84,1117.312,0.0,8341.289999999999,909.1986245009587,1187.1259438475818,657.952,-4153.714,2.8816089134928697,-0.8241505843062511
2015-08-04,2743.154,1,4,8,3,2015,32,0,0,0,0,0,213,0.7818314824680298,0.6234898018587336,-0.8660254037844384,-0.5000000000000004,477.994,886.28,228.328,1367.84,193.152,8341.289999999999,1961.482,292.594,241.19400000000002,1444.104,530.8673333333321,450.51342857142834,1645.5677142857141,1255.2478095238093,1148.2051,508.8650268754214,2367.6212744632508,1749.4835204680846,228.328,0.0,1367.84,733.17,0.0,8341.289999999999,801.3974683757191,1092.5750180012376,-408.28599999999994,-102.06599999999992,-0.46067382768425325,-0.17595765955246
2015-08-05,2408.7239999999997,2,5,8,3,2015,32,0,0,0,0,0,214,0.9749279121818236,-0.22252093395631434,-0.8660254037844384,-0.5000000000000004,2743.154,477.994,886.28,0.0,0.0,5039.994,1348.344,9.51,763.0740000000001,1038.472,1369.1426666666655,814.7994285714283,1701.4014285714281,1371.9411428571427,1191.5067666666666,984.4370260656201,2384.798760391445,1772.9785951583378,477.994,0.0,2743.154,733.17,0.0,8341.289999999999,1286.8366012817892,1312.6522156010726,2265.16,2550.002,4.73888793583183,13.202048127899271
2015-08-07,0.0,4,7,8,3,2015,32,0,0,0,0,0,216,-0.433883739117558,-0.9009688679024191,-0.8660254037844384,-0.5000000000000004,262.89,2408.7239999999997,2743.154,886.28,0.0,193.152,0.0,0.0,0.0,763.0740000000001,1804.9226666666652,1001.0528571428569,1609.2647142857143,1498.7079999999999,1237.9050333333334,1114.0999915069467,2408.7855472674773,1786.0859614740807,477.994,0.0,2743.154,529.027,0.0,8341.289999999999,1241.2038382210064,1299.3411041625834,-2145.834,-1104.9499999999998,-0.8908592267109059,-0.8078064685928179
2015-08-10,0.0,0,10,8,3,2015,33,0,0,0,0,0,219,0.0,1.0,-0.8660254037844384,-0.5000000000000004,3605.6850000000004,3955.629,0.0,2408.7239999999997,477.994,0.0,580.06,2285.786,351.216,2022.356,2520.4379999999987,1922.0108571428568,1193.5525714285716,1823.8007619047619,1455.6623333333334,1653.9608798310323,1398.098731092981,1883.7952507107839,2408.7239999999997,0.0,3955.629,529.027,0.0,3955.629,2166.734556749487,1783.67584173191,-349.9439999999995,2719.4050000000007,-0.08846734615405016,3.0683361917227066
2015-08-11,451.62,1,11,8,3,2015,33,0,0,0,0,0,220,0.7818314824680298,0.6234898018587336,-0.8660254037844384,-0.5000000000000004,0.0,3605.6850000000004,3955.629,262.89,2743.154,228.328,193.152,1961.482,292.594,1960.012,2520.4379999999987,1853.7259999999999,1152.1197142857143,1714.9538095238095,1388.2504666666669,1731.5609937917195,1425.994979679934,1898.9410131859922,2408.7239999999997,0.0,3955.629,370.442,0.0,3955.629,1625.0509175621155,1545.8523961676553,-3605.6850000000004,-477.994,-1.0,-1.0
2015-08-13,0.0,3,13,8,3,2015,33,0,0,0,0,0,222,0.43388373911755823,-0.900968867902419,-0.8660254037844384,-0.5000000000000004,1545.73,451.62,0.0,3955.629,262.89,477.994,1367.84,2613.1839999999997,0.0,292.594,665.783333333332,1403.0791428571426,1280.991,1652.4549523809521,1377.7878666666666,1709.28350225178,1375.643137552648,1894.3634441163413,451.62,0.0,3955.629,682.137,0.0,3955.629,1385.2023911286901,1419.3914442325945,1094.1100000000001,-862.9939999999997,2.4226340728931404,-0.3582784910184811
2015-08-14,0.0,4,14,8,3,2015,33,0,0,0,0,0,223,-0.433883739117558,-0.9009688679024191,-0.8660254037844384,-0.5000000000000004,0.0,1545.73,451.62,3605.6850000000004,0.0,2743.154,0.0,0.0,0.0,9.51,665.783333333332,1365.5234285714284,1183.288142857143,1528.017619047619,1368.0347333333334,1741.102491924945,1416.9543682411484,1900.8852099674223,451.62,0.0,3955.629,464.807,0.0,3955.629,1038.9017933465175,1230.1392516682486,-1545.73,-262.89,-1.0,-1.0
2015-08-17,500.342,0,17,8,3,2015,34,0,0,0,0,0,226,0.0,1.0,-0.8660254037844384,-0.5000000000000004,853.092,337.5,0.0,1545.73,0.0,0.0,477.994,580.06,2285.786,273.04,396.86399999999884,455.42028571428546,1188.7155714285714,947.5084761904761,1407.4041333333332,574.9000799100147,1412.163855933468,1878.656285620651,337.5,0.0,1545.73,464.807,0.0,3955.629,714.8409440680621,953.5206921230052,515.592,-2752.5930000000003,1.5276800000000001,-0.7634036251086825
2015-08-19,1439.106,2,19,8,3,2015,34,0,0,0,0,0,228,0.9749279121818236,-0.22252093395631434,-0.8660254037844384,-0.5000000000000004,0.0,500.342,853.092,0.0,1545.73,3605.6850000000004,2408.7239999999997,0.0,1348.344,2285.786,451.14466666666544,462.38057142857116,994.3722857142857,934.5146666666667,1399.6033333333332,575.1412885088228,1368.9247985615145,1884.3366202864534,337.5,0.0,1545.73,394.56,0.0,3955.629,495.91215603828493,774.0172843057239,-500.342,-451.62,-1.0,-1.0
2015-08-24,59.74,0,24,8,3,2015,35,0,0,0,0,0,233,0.0,1.0,-0.8660254037844384,-0.5000000000000004,565.224,23.104,0.0,1439.106,500.342,0.0,0.0,477.994,580.06,8341.289999999999,196.10933333333222,623.7854285714283,539.6028571428571,1000.4055238095237,1254.8486666666665,741.4536317475208,643.3563083922738,1880.4922786747445,500.342,0.0,1838.722,394.56,0.0,1838.722,571.0835233567415,724.3302525020249,542.12,-287.86799999999994,23.464335180055404,-0.3374407449606841
2015-08-25,1451.6499999999999,1,25,8,3,2015,35,0,0,0,0,0,234,0.7818314824680298,0.6234898018587336,-0.8660254037844384,-0.5000000000000004,59.74,565.224,23.104,1838.722,0.0,337.5,451.62,2743.154,193.152,5039.994,216.02266666666557,560.8422857142855,543.87,980.4886666666666,978.797,771.7617312568309,639.6896851803666,1332.3013971008315,59.74,0.0,1838.722,394.56,0.0,1838.722,443.24764251755613,635.7182188350882,-505.48400000000004,-440.602,-0.894307389636675,-0.8806016684587742
2015-08-27,2070.13,3,27,8,3,2015,35,0,0,0,0,0,236,0.43388373911755823,-0.900968867902419,-0.8660254037844384,-0.5000000000000004,366.81,1451.6499999999999,59.74,23.104,1838.722,500.342,0.0,262.89,1367.84,193.152,626.0666666666655,615.035714285714,531.0921428571429,821.7544761904762,852.0772000000001,741.4438858905916,630.0508546187576,1097.6440588389175,366.81,0.0,1838.722,352.155,0.0,1838.722,613.2136739161252,694.1492399250218,-1084.84,-1072.296,-0.747315124169049,-0.7451125907334137
2015-08-28,0.0,4,28,8,3,2015,35,0,0,0,0,0,237,-0.433883739117558,-0.9009688679024191,-0.8660254037844384,-0.5000000000000004,2070.13,366.81,1451.6499999999999,565.224,0.0,0.0,0.0,0.0,0.0,0.0,1296.1966666666656,648.0939999999998,678.9585714285714,907.8135238095238,914.6431333333333,807.3284666354638,730.7008734512502,1112.1877669741816,366.81,0.0,2070.13,433.576,0.0,2070.13,977.442755437094,877.6133412683522,1703.3200000000002,231.40800000000013,4.643602955208419,0.12585263025079385
2015-08-31,92.52,0,31,8,3,2015,36,0,0,1,0,0,240,0.0,1.0,-0.8660254037844384,-0.5000000000000004,121.24,832.3225,0.0,366.81,59.74,0.0,500.342,0.0,477.994,228.328,317.85416666666544,700.2703571428568,662.027892857143,593.1586904761905,900.8338833333332,796.4142821688524,740.3039909019767,1105.7915270408055,366.81,0.0,2070.13,433.576,0.0,2070.13,598.729131200024,683.6386031900947,-711.0825,-443.98400000000004,-0.8543353087294889,-0.7855009695271256
2015-09-01,469.436,1,1,9,3,2015,36,0,1,0,0,0,241,0.7818314824680298,0.6234898018587336,-1.0,-1.8369701987210297e-16,92.52,121.24,832.3225,2070.13,1451.6499999999999,23.104,0.0,451.62,2743.154,886.28,348.69416666666547,704.9532142857141,632.8977500000001,597.5644047619048,896.30695,792.1050127333435,755.0327035834738,1108.9131758259462,366.81,0.0,2070.13,244.025,0.0,2070.13,472.176848400018,604.8227894314155,-28.72,32.779999999999994,-0.23688551633124377,0.5487110813525276
2015-09-02,3254.15,2,2,9,3,2015,36,0,0,0,0,0,242,0.9749279121818236,-0.22252093395631434,-1.0,-1.8369701987210297e-16,469.436,92.52,121.24,0.0,366.81,565.224,1439.106,1545.73,2408.7239999999997,477.994,227.73199999999875,564.6369285714284,666.428892857143,598.4127857142857,882.41215,721.6501640171676,734.9194849373282,1111.6513162440633,366.81,0.0,2070.13,418.123,0.0,2070.13,471.49163630001345,586.7712175072268,376.916,-982.2139999999999,4.07388672719412,-0.6766190197361623
2015-09-03,22.08,3,3,9,3,2015,36,0,0,0,0,0,243,0.43388373911755823,-0.900968867902419,-1.0,-1.8369701987210297e-16,3254.15,469.436,92.52,832.3225,2070.13,59.74,1838.722,0.0,262.89,2743.154,1272.0353333333321,977.1140714285713,796.0748928571429,679.766119047619,974.9506833333332,1233.4272758872614,995.580382083085,1189.6388296140087,469.436,0.0,3254.15,418.123,0.0,3254.15,1167.15622722501,942.4217218395966,2784.714,2887.34,5.932041854480697,7.871486600692457
2015-09-04,0.0,4,4,9,3,2015,36,0,0,0,0,0,244,-0.433883739117558,-0.9009688679024191,-1.0,-1.8369701987210297e-16,22.08,3254.15,469.436,121.24,0.0,1451.6499999999999,0.0,0.0,0.0,2408.7239999999997,1248.555333333332,684.5354999999998,666.3147500000001,680.8175476190476,884.2482166666666,1172.3372512265341,967.2153225447072,1153.3547357695418,121.24,0.0,3254.15,244.025,0.0,3254.15,880.8871704187575,819.7094922609837,-3232.07,-2048.05,-0.9932148180016287,-0.9893340031785444
2015-09-07,3523.875,0,7,9,3,2015,37,0,0,0,0,0,247,0.0,1.0,-1.0,-1.8369701987210297e-16,100.36,296.304,0.0,3254.15,92.52,0.0,59.74,500.342,0.0,3955.629,132.22133333333213,604.9785714285712,652.6244642857143,643.0114523809525,808.41655,1180.027156763601,968.4333356485247,1124.248725238436,100.36,0.0,3254.15,208.772,0.0,3254.15,452.27127502041327,581.2214265177427,-195.94399999999996,-20.879999999999995,-0.6612938063610345,-0.17222038931045858
2015-09-08,14228.428,1,8,9,3,2015,37,0,0,0,0,0,248,0.7818314824680298,0.6234898018587336,-1.0,-1.8369701987210297e-16,3523.875,100.36,296.304,22.08,469.436,832.3225,1451.6499999999999,0.0,451.62,3605.6850000000004,1306.846333333332,1095.1721428571425,900.0626785714286,786.9892142857143,794.02475,1577.4504194640933,1216.1613286561449,1084.636843099099,296.304,0.0,3523.875,331.557,0.0,3523.875,1220.17220626531,973.575236315377,3423.515,3431.355,34.11234555599841,37.08771076523995
2015-09-09,4043.5879999999997,2,9,9,3,2015,37,0,0,0,0,0,249,0.9749279121818236,-0.22252093395631434,-1.0,-1.8369701987210297e-16,14228.428,3523.875,100.36,0.0,3254.15,121.24,366.81,1439.106,1545.73,0.0,5950.887666666666,3060.7424285714287,1812.6896785714287,1464.5334047619049,1148.1161833333333,5163.601727594856,3771.4338213799947,2645.314728607271,296.304,0.0,14228.428,331.557,0.0,14228.428,4472.236154698982,2740.8889381399936,10704.553,13758.992,3.0377221098932283,29.309622610962943
2015-09-10,1855.2279999999998,3,10,9,3,2015,37,0,0,0,0,0,250,0.43388373911755823,-0.900968867902419,-1.0,-1.8369701987210297e-16,4043.5879999999997,14228.428,3523.875,296.304,22.08,92.52,2070.13,1838.722,0.0,451.62,7265.296999999999,3173.519285714285,2075.3166785714284,1588.556357142857,1282.90245,5177.133141668356,3790.970933044795,2687.477836498385,296.304,0.0,14228.428,382.87,0.0,14228.428,4365.074116024237,2914.5821463879943,-10184.84,789.4379999999996,-0.7158092236190815,0.24259422583470336
2015-09-11,127.95,4,11,9,3,2015,37,0,0,0,0,0,251,-0.433883739117558,-0.9009688679024191,-1.0,-1.8369701987210297e-16,1855.2279999999998,4043.5879999999997,14228.428,100.36,0.0,469.436,0.0,0.0,0.0,1545.73,6709.081333333332,3435.397571428571,2059.966535714286,1589.342357142857,1329.6893833333334,5035.581828119293,3791.4286057843406,2684.7232698722564,1855.2279999999998,0.0,14228.428,382.87,0.0,14228.428,3737.6125870181777,2773.3349268695947,-2188.3599999999997,1833.148,-0.5411926239765278,83.0230072463768
2015-09-13,1275.408,6,13,9,3,2015,37,1,0,0,0,0,253,-0.7818314824680299,0.6234898018587334,-1.0,-1.8369701987210297e-16,4904.66,127.95,1855.2279999999998,14228.428,100.36,22.08,121.24,565.224,853.092,0.0,2295.9459999999985,4112.0127142857145,2359.9870714285717,1827.890261904762,1445.9187166666668,4837.008826452998,3839.955184366979,2760.74077609794,3523.875,100.36,14228.428,382.87,0.0,14228.428,3352.562705197725,2751.822678404273,4776.71,4608.356,37.332629933567794,15.55279712727469
2015-09-14,5023.716,0,14,9,3,2015,38,0,0,0,0,0,254,0.0,1.0,-1.0,-1.8369701987210297e-16,1275.408,4904.66,127.95,4043.5879999999997,3523.875,0.0,92.52,59.74,500.342,337.5,2102.6726666666655,4279.876714285714,2442.427642857143,1861.7085476190473,1488.4323166666668,4692.825141829195,3800.3795223049788,2747.495223774382,3523.875,127.95,14228.428,872.4219999999999,0.0,14228.428,2833.2740288982936,2554.9673879503703,-3629.252,1175.048,-0.7399599564495807,11.708330011956955
2015-09-15,133.436,1,15,9,3,2015,38,0,0,0,0,0,255,0.7818314824680298,0.6234898018587336,-1.0,-1.8369701987210297e-16,5023.716,1275.408,4904.66,1855.2279999999998,14228.428,296.304,469.436,1451.6499999999999,0.0,853.092,3734.5946666666655,4494.139714285714,2794.6559285714284,2098.088357142857,1644.6395166666669,4686.790741532547,3794.343721660693,2812.256027605915,4043.5879999999997,127.95,14228.428,1565.3179999999998,0.0,14228.428,3380.8845216737204,2884.1338695569875,3748.3080000000004,1499.8410000000003,2.938908960897219,0.4256226455251677
2015-09-16,33.552,2,16,9,3,2015,38,0,0,0,0,0,256,0.9749279121818236,-0.22252093395631434,-1.0,-1.8369701987210297e-16,133.436,5023.716,1275.408,127.95,4043.5879999999997,100.36,3254.15,366.81,1439.106,500.342,2144.1866666666656,2480.569428571428,2770.655928571429,2035.3162619047619,1620.6509833333332,2147.6404150951917,3811.2077169981067,2822.2921723984678,1855.2279999999998,127.95,5023.716,1565.3179999999998,0.0,14228.428,2569.02239125529,2517.374153616056,-4890.280000000001,-14094.992,-0.9734387851542563,-0.9906218733369562
2015-09-17,820.523,3,17,9,3,2015,38,0,0,0,0,0,257,0.43388373911755823,-0.900968867902419,-1.0,-1.8369701987210297e-16,33.552,133.436,5023.716,4904.66,1855.2279999999998,3523.875,22.08,2070.13,1838.722,0.0,1730.2346666666656,1907.7071428571423,2540.613214285714,2019.4468333333334,1605.0913166666667,2195.519109749318,3876.4183677176934,2829.957889006936,1275.408,33.552,5023.716,785.856,0.0,14228.428,1935.1547934414675,2186.1978664672483,-99.88400000000001,-4010.0359999999996,-0.7485536137174376,-0.991702418742958
2015-09-18,0.0,4,18,9,3,2015,38,0,0,0,0,0,258,-0.433883739117558,-0.9009688679024191,-1.0,-1.8369701987210297e-16,820.523,33.552,133.436,1275.408,127.95,14228.428,0.0,0.0,0.0,1439.106,329.17033333333217,1759.8921428571427,2597.644857142857,1959.9417380952382,1632.4420833333336,2234.1327679182596,3842.2370885315054,2817.8493592331283,820.523,33.552,5023.716,1047.9655,0.0,14228.428,1656.4968450811007,2004.1078842716154,786.971,-1034.705,23.455263471626132,-0.5577239023990581
2015-09-19,9338.637,5,19,9,3,2015,38,1,0,0,0,0,259,-0.9749279121818236,-0.2225209339563146,-1.0,-1.8369701987210297e-16,0.0,820.523,33.552,5023.716,4904.66,4043.5879999999997,296.304,832.3225,23.104,1838.722,284.69166666666547,1741.6135714285713,2597.644857142857,1959.9417380952382,1584.4718833333334,2250.1756154338814,3842.2370885315054,2833.460352096999,820.523,0.0,5023.716,1047.9655,0.0,14228.428,1242.3726338108254,1736.8934997020667,-820.523,-127.95,-1.0,-1.0
2015-09-21,2679.652,0,21,9,3,2015,39,0,0,0,0,0,261,0.0,1.0,-1.0,-1.8369701987210297e-16,5335.968000000001,9338.637,0.0,33.552,5023.716,127.95,3523.875,92.52,59.74,23.104,4891.534999999999,2955.1188571428575,3617.4977857142862,2613.3247142857144,2012.33465,3662.5017551961355,4102.172063880027,3210.757986166735,820.523,0.0,9338.637,2689.5515,0.0,14228.428,3783.8210440185894,3095.1937931095526,-4002.669,4060.560000000001,-0.4286138330465141,3.1837341462496713
2015-09-22,1240.266,1,22,9,3,2015,39,0,0,0,0,0,262,0.7818314824680298,0.6234898018587336,-1.0,-1.8369701987210297e-16,2679.652,5335.968000000001,9338.637,820.523,133.436,4904.66,14228.428,469.436,1451.6499999999999,565.224,5784.752333333333,2620.2525714285716,3557.1961428571435,2736.5214761904763,2100.88625,3547.1903079686294,4109.851998081512,3190.5737826696322,820.523,0.0,9338.637,2267.44,0.0,14228.428,3507.778783013942,3039.7882206949457,-2656.3160000000007,-2344.0640000000003,-0.49781333021487395,-0.46659962466031124
2015-09-23,10662.337000000001,2,23,9,3,2015,39,0,0,0,0,0,263,0.9749279121818236,-0.22252093395631434,-1.0,-1.8369701987210297e-16,1240.266,2679.652,5335.968000000001,0.0,33.552,1275.408,4043.5879999999997,3254.15,366.81,59.74,3085.295333333332,2778.371142857143,2629.470285714285,2773.2276666666667,2123.38765,3440.9410143316086,2759.947142938247,3181.738248058981,1240.266,0.0,9338.637,1565.3179999999998,0.0,9338.637,2940.900587260456,2799.8519246022865,-1439.386,1106.8300000000002,-0.5371540782161266,8.294837974759435
2015-09-24,211.96,3,24,9,3,2015,39,0,0,0,0,0,264,0.43388373911755823,-0.900968867902419,-1.0,-1.8369701987210297e-16,10662.337000000001,1240.266,2679.652,9338.637,820.523,5023.716,1855.2279999999998,22.08,2070.13,1451.6499999999999,4860.751666666666,4296.769,3102.2380714285714,3125.9984761904766,2476.80755,4272.481939228918,3490.901299138651,3515.915222501504,2679.652,0.0,10662.337000000001,1565.3179999999998,0.0,10662.337000000001,4871.259690445342,3848.1832679886484,9422.071000000002,10628.785000000002,7.596814715552954,316.78543752980454
2015-09-25,354.88880000000006,4,25,9,3,2015,39,0,0,0,0,0,265,-0.433883739117558,-0.9009688679024191,-1.0,-1.8369701987210297e-16,211.96,10662.337000000001,1240.266,5335.968000000001,0.0,133.436,127.95,0.0,0.0,366.81,4038.1876666666653,4209.831428571429,2984.861785714286,3135.040380952381,2435.4845500000006,4360.295916007451,3562.9383612830056,3535.6094651674352,2679.652,0.0,10662.337000000001,1257.837,0.0,10662.337000000001,3706.4347678340064,3363.3534989234954,-10450.377000000002,-608.563,-0.9801206808601154,-0.7416769548202793
2015-09-27,773.4399999999999,6,27,9,3,2015,39,1,0,0,0,0,267,-0.7818314824680299,0.6234898018587334,-1.0,-1.8369701987210297e-16,1326.79,354.88880000000006,211.96,1240.266,5335.968000000001,820.523,1275.408,100.36,121.24,0.0,631.2129333333322,3115.9802571428568,2745.509557142857,3201.0106095238098,2410.309176666667,3760.3788252468607,3530.5831282213658,3541.096968024833,1326.79,211.96,10662.337000000001,1257.837,0.0,10662.337000000001,2483.108706906629,2744.1668894136474,971.9011999999999,-8011.847000000001,2.7386076990877135,-0.8579246628817461
2015-09-28,490.29200000000003,0,28,9,3,2015,40,0,0,0,0,0,268,0.0,1.0,-1.0,-1.8369701987210297e-16,773.4399999999999,1326.79,354.88880000000006,10662.337000000001,2679.652,0.0,5023.716,3523.875,92.52,832.3225,818.3729333333322,2464.190542857143,2709.6547,3233.062038095238,2436.0905100000004,3706.4815731487665,3549.1611759532834,3525.7255278371304,1240.266,211.96,10662.337000000001,1030.3945,0.0,10662.337000000001,2055.691530179972,2481.4033041584944,-553.35,-4562.528000000001,-0.41705921811288904,-0.8550516045073734
2015-09-29,8109.07,1,29,9,3,2015,40,0,0,0,0,0,269,0.7818314824680298,0.6234898018587336,-1.0,-1.8369701987210297e-16,490.29200000000003,773.4399999999999,1326.79,211.96,1240.266,9338.637,133.436,14228.428,469.436,121.24,863.5073333333321,2151.4248285714284,2385.8387000000002,3088.6057047619047,2424.6894933333333,3776.972530707167,3528.540573835382,3531.6384541193347,773.4399999999999,211.96,10662.337000000001,796.9815,0.0,10662.337000000001,1664.341647634979,2215.921796937362,-283.1479999999999,-2189.36,-0.366089160115846,-0.8170314652798198
2015-09-30,987.532,2,30,9,3,2015,40,0,0,1,0,1,270,0.9749279121818236,-0.22252093395631434,-1.0,-1.8369701987210297e-16,8109.07,490.29200000000003,773.4399999999999,354.88880000000006,10662.337000000001,5335.968000000001,33.552,4043.5879999999997,3254.15,92.52,3124.267333333332,3132.682542857143,2955.526842857143,2797.2077047619046,2690.9504933333333,4349.643426978525,3772.3306000035095,3651.079620777385,773.4399999999999,211.96,10662.337000000001,1030.3945,0.0,10662.337000000001,3275.523735726234,3001.674890679047,7618.777999999999,6868.804,15.539266396351561,5.538170037717714
2015-10-01,4.71,3,1,10,4,2015,40,0,1,0,1,0,271,0.43388373911755823,-0.900968867902419,-0.8660254037844386,0.5000000000000001,987.532,8109.07,490.29200000000003,1326.79,211.96,2679.652,820.523,1855.2279999999998,22.08,469.436,3195.6313333333314,1750.5675428571426,3023.6682714285716,2651.6812285714286,2720.784226666667,2829.919585021187,3723.7933221958024,3632.7256865877057,773.4399999999999,211.96,8109.07,1113.8990000000001,0.0,10662.337000000001,2703.5258017946753,2733.1225052551745,-7121.538,-9674.805000000002,-0.8782188339723297,-0.907381280482881
2015-10-02,598.144,4,2,10,4,2015,40,0,0,0,0,0,272,-0.433883739117558,-0.9009688679024191,-0.8660254037844386,0.5000000000000001,4.71,987.532,8109.07,773.4399999999999,354.88880000000006,1240.266,0.0,127.95,0.0,3254.15,3033.7706666666654,1720.9604,2965.3959142857143,2563.561323809524,2705.29336,2849.7145604070615,3767.053508785611,3643.6315385102694,773.4399999999999,4.71,8109.07,1113.8990000000001,0.0,10662.337000000001,2028.8218513460065,2369.3341712211513,-982.822,-207.25,-0.9952305343016733,-0.9777788261936214
2015-10-03,862.683,5,3,10,4,2015,40,1,0,0,0,0,273,-0.9749279121818236,-0.2225209339563146,-0.8660254037844386,0.5000000000000001,598.144,4.71,987.532,490.29200000000003,1326.79,10662.337000000001,9338.637,4904.66,296.304,22.08,530.1286666666655,1755.7111428571427,3008.120485714286,2585.9515142857144,2616.759826666667,2831.7059112737034,3734.081609320744,3662.056903090527,773.4399999999999,4.71,8109.07,1113.8990000000001,4.71,10662.337000000001,1671.1523885095048,2133.175481724998,593.434,243.25519999999995,125.99447983014862,0.6854406225273941
2015-10-04,728.7479999999999,6,4,10,4,2015,40,1,0,0,0,0,274,-0.7818314824680299,0.6234898018587334,-0.8660254037844386,0.5000000000000001,862.683,598.144,4.71,8109.07,773.4399999999999,211.96,5335.968000000001,1275.408,100.36,0.0,488.51233333333215,1689.4101428571425,2402.6952000000006,2393.476419047619,2644.779926666667,2848.803999534793,3289.3728282407237,3644.6939723645983,773.4399999999999,4.71,8109.07,925.1075000000001,4.71,10662.337000000001,1469.0350413821286,1963.776484161665,264.539,-464.10699999999997,0.4422664107639631,-0.34979687817966665
2015-10-05,191.9,0,5,10,4,2015,41,0,0,0,0,0,275,0.0,1.0,-0.8660254037844386,0.5000000000000001,728.7479999999999,862.683,598.144,987.532,490.29200000000003,354.88880000000006,2679.652,5023.716,3523.875,296.304,729.8583333333321,1683.0255714285715,2073.608057142857,2367.444990476191,2669.071526666667,2851.2479863339217,3202.661031609167,3628.8529841759796,728.7479999999999,4.71,8109.07,818.0615,4.71,10662.337000000001,1283.9632810365963,1799.1060196067765,-133.93500000000006,-44.69200000000001,-0.15525401566971886,-0.05778340918494007
2015-10-06,494.71,1,6,10,4,2015,41,0,0,0,0,0,276,0.7818314824680298,0.6234898018587336,-0.8660254037844386,0.5000000000000001,191.9,728.7479999999999,862.683,4.71,8109.07,1326.79,1240.266,133.436,14228.428,100.36,594.4436666666654,1640.3981428571426,1895.911485714286,2137.3585142857146,2665.5913933333336,2874.190114656318,3235.2976421714347,3631.256242865822,728.7479999999999,4.71,8109.07,751.0939999999999,4.71,10662.337000000001,1010.9474607774472,1584.8118836592064,-536.848,-298.39200000000005,-0.7366716615345771,-0.6086005890367373
2015-10-07,237.35999999999999,2,7,10,4,2015,41,0,0,0,0,0,277,0.9749279121818236,-0.22252093395631434,-0.8660254037844386,0.5000000000000001,494.71,191.9,728.7479999999999,598.144,987.532,773.4399999999999,10662.337000000001,33.552,4043.5879999999997,3523.875,471.78599999999875,552.6324285714284,1842.6574857142857,2154.562038095238,2678.7363933333336,354.0383388352763,3253.007503078757,3622.3528519221913,598.144,4.71,987.532,663.4459999999999,4.71,10662.337000000001,881.8880955830854,1439.464965837979,302.80999999999995,-7614.36,1.5779572694111517,-0.9389930041299434
2015-10-08,147.392,3,8,10,4,2015,41,0,0,0,0,0,278,0.43388373911755823,-0.900968867902419,-0.8660254037844386,0.5000000000000001,237.35999999999999,494.71,191.9,862.683,4.71,490.29200000000003,211.96,820.523,1855.2279999999998,14228.428,307.9899999999988,445.4649999999997,1098.0162714285714,2164.267180952381,2569.1858933333333,311.42787687085655,2049.2797486485874,3645.534752878846,494.71,4.71,862.683,546.427,4.71,8109.07,720.756071687314,1279.1843037262483,-257.35,-750.172,-0.5202037557356836,-0.7596432318142602
2015-10-09,249.35999999999999,4,9,10,4,2015,41,0,0,0,0,0,279,-0.433883739117558,-0.9009688679024191,-0.8660254037844386,0.5000000000000001,147.392,237.35999999999999,494.71,728.7479999999999,598.144,8109.07,354.88880000000006,0.0,127.95,4043.5879999999997,293.1539999999988,465.8481428571426,1093.4042714285715,2132.2133238095244,2099.818026666667,280.9502241407997,2051.498708234675,2928.6089361799372,494.71,147.392,862.683,546.427,4.71,8109.07,577.4150537654855,1128.2786632294153,-89.96799999999999,142.682,-0.379036063363667,30.293418259023355
2015-10-10,2049.386,5,10,10,4,2015,41,1,0,0,0,0,280,-0.9749279121818236,-0.2225209339563146,-0.8660254037844386,0.5000000000000001,249.35999999999999,147.392,237.35999999999999,191.9,862.683,987.532,1326.79,9338.637,4904.66,1855.2279999999998,211.37066666666544,416.0218571428569,1085.8665,2144.08760952381,1973.34376,284.48329816604735,2054.612456947492,2923.6953455048397,249.35999999999999,147.392,862.683,546.427,4.71,8109.07,495.4012903241141,1011.0895081321601,101.96799999999999,-348.784,0.6918150238818932,-0.5831104215707255
2015-10-11,1381.164,6,11,10,4,2015,41,1,0,0,0,0,281,-0.7818314824680299,0.6234898018587334,-0.8660254037844386,0.5000000000000001,2049.386,249.35999999999999,147.392,494.71,728.7479999999999,4.71,773.4399999999999,5335.968000000001,1275.408,127.95,815.379333333332,585.5508571428569,1137.4805,1796.9804190476193,1979.8156933333335,677.3448352893075,2070.147712144335,2923.639761751549,249.35999999999999,147.392,2049.386,546.427,4.71,8109.07,883.8974677430856,1149.5290403812055,1800.026,1186.703,7.21858357394931,1.3755956707156627
2015-10-12,58.53,0,12,10,4,2015,42,0,0,0,0,0,282,0.0,1.0,-0.8660254037844386,0.5000000000000001,1381.164,2049.386,249.35999999999999,237.35999999999999,191.9,598.144,490.29200000000003,2679.652,5023.716,4904.66,1226.6366666666654,678.7531428571426,1180.8893571428573,1608.656419047619,2021.5894933333336,742.1213225484761,2068.2978082971294,2905.1621121075905,249.35999999999999,147.392,2049.386,546.427,4.71,8109.07,1008.2141008073143,1180.4137016637114,-668.222,652.416,-0.3260596100490586,0.8952559732582459
2015-10-13,2212.182,1,13,10,4,2015,42,0,0,0,0,0,283,0.7818314824680298,0.6234898018587336,-0.8660254037844386,0.5000000000000001,58.53,1381.164,2049.386,147.392,494.71,862.683,8109.07,1240.266,133.436,1275.408,1163.0266666666655,659.7002857142854,1150.0492142857142,1483.8410857142858,1860.0518266666668,758.2407301285399,2082.55715453198,2873.887878014304,249.35999999999999,58.53,2049.386,546.427,4.71,8109.07,770.7930756054858,1030.82920810855,-1322.634,-133.37,-0.9576227008523246,-0.6949973944762897
2015-10-14,4525.484,2,14,10,4,2015,42,0,0,0,0,0,284,0.9749279121818236,-0.22252093395631434,-0.8660254037844386,0.5000000000000001,2212.182,58.53,1381.164,249.35999999999999,237.35999999999999,728.7479999999999,987.532,10662.337000000001,33.552,5023.716,1217.2919999999988,905.0534285714283,728.8429285714285,1530.1228,1891.2776266666667,949.6634978416876,712.413308698137,2872.4052774747097,249.35999999999999,58.53,2212.182,546.427,4.71,2212.182,1131.1403067041142,1188.3429136940765,2153.6519999999996,1717.4719999999998,36.795694515633,3.4716743142447086
2015-10-15,206.72400000000002,3,15,10,4,2015,42,0,0,0,0,0,285,0.43388373911755823,-0.900968867902419,-0.8660254037844386,0.5000000000000001,4525.484,2212.182,58.53,2049.386,147.392,191.9,4.71,211.96,820.523,133.436,2265.3986666666656,1517.642571428571,981.5537857142857,1237.8917047619047,1874.6698933333332,1604.4734004832376,1241.9404760437278,2855.057513849445,1381.164,58.53,4525.484,546.427,4.71,4525.484,1979.7262300280859,1633.2950585348663,2313.3020000000006,4288.124000000001,1.0457105247217457,18.065908324907316
2015-10-16,194.322,4,16,10,4,2015,42,0,0,0,0,0,286,-0.433883739117558,-0.9009688679024191,-0.8660254037844386,0.5000000000000001,206.72400000000002,4525.484,2212.182,1381.164,249.35999999999999,494.71,598.144,354.88880000000006,0.0,33.552,2314.7966666666657,1526.1185714285712,995.9833571428571,1237.6423714285713,1877.112826666667,1596.1634905575652,1230.8418738084306,2853.547204544533,1381.164,58.53,4525.484,546.427,58.53,4525.484,1536.4756725210646,1443.0855840635509,-4318.76,59.33200000000002,-0.9543200241123381,0.4025455927051673
2015-10-17,136.068,5,17,10,4,2015,42,1,0,0,0,0,287,-0.9749279121818236,-0.2225209339563146,-0.8660254037844386,0.5000000000000001,194.322,206.72400000000002,4525.484,58.53,2049.386,237.35999999999999,862.683,1326.79,9338.637,820.523,1642.1766666666656,1518.2559999999996,967.1389285714286,1229.9963333333333,1882.4718266666669,1603.6190450186805,1245.526428733988,2850.114484612959,1381.164,58.53,4525.484,372.03499999999997,58.53,4525.484,1200.9372543907984,1276.5837728550773,-12.402000000000015,-55.03799999999998,-0.05999303419051494,-0.2207170356111645
2015-10-18,3134.916,6,18,10,4,2015,42,1,0,0,0,0,288,-0.7818314824680299,0.6234898018587334,-0.8660254037844386,0.5000000000000001,136.068,194.322,206.72400000000002,2212.182,1381.164,147.392,728.7479999999999,773.4399999999999,5335.968000000001,0.0,179.0379999999988,1244.9248571428568,915.2378571428571,1173.2952857142857,1859.65666,1660.067239809611,1265.197608495628,2861.624808216802,206.72400000000002,58.53,4525.484,243.35999999999999,58.53,4525.484,934.7199407930989,1124.515003141067,-58.25399999999999,-1913.318,-0.2997807762373792,-0.9336054798851949
2015-10-19,641.104,0,19,10,4,2015,43,0,0,0,0,0,289,0.0,1.0,-0.8660254037844386,0.5000000000000001,3134.916,136.068,194.322,4525.484,58.53,249.35999999999999,191.9,490.29200000000003,2679.652,9338.637,1155.1019999999987,1495.4608571428569,1087.107,1285.7465238095238,1964.15386,1809.6531366118484,1394.7172696778705,2848.583273367678,206.72400000000002,58.53,4525.484,243.35999999999999,58.53,4525.484,1484.768955594824,1392.5684693889248,2998.848,1753.7520000000002,22.0393332745392,1.2697637644769197
2015-10-20,1501.104,1,20,10,4,2015,43,0,0,0,0,0,290,0.7818314824680298,0.6234898018587336,-0.8660254037844386,0.5000000000000001,641.104,3134.916,136.068,206.72400000000002,2212.182,2049.386,494.71,8109.07,1240.266,5335.968000000001,1304.029333333332,1578.6857142857139,1119.193,1292.9280476190477,1674.2360933333332,1744.7892691433724,1377.6005157800232,2492.500913436871,641.104,136.068,4525.484,372.03499999999997,58.53,4525.484,1273.8527166961183,1292.3732068037348,-2493.812,582.5740000000001,-0.7954956368846885,9.953425593712627
2015-10-21,1356.602,2,21,10,4,2015,43,0,0,0,0,0,291,0.9749279121818236,-0.22252093395631434,-0.8660254037844386,0.5000000000000001,1501.104,641.104,3134.916,194.322,4525.484,1381.164,237.35999999999999,987.532,10662.337000000001,2679.652,1759.041333333332,1477.1031428571425,1191.0782857142858,978.263,1546.4072933333332,1722.3146155178601,1368.736459108486,2394.6474177386094,641.104,136.068,4525.484,445.232,58.53,4525.484,1330.6655375220887,1320.2039792299033,860.0,-711.0779999999997,1.3414360228605653,-0.32143738625483786
2015-10-22,223.808,3,22,10,4,2015,43,0,0,0,0,0,292,0.43388373911755823,-0.900968867902419,-0.8660254037844386,0.5000000000000001,1356.602,1501.104,641.104,136.068,206.72400000000002,58.53,147.392,4.71,211.96,1240.266,1166.2699999999988,1024.405714285714,1271.0241428571428,995.8377619047619,1502.305626666667,1086.7041725133215,1341.1549041161309,2385.2216348785582,641.104,136.068,3134.916,998.8530000000001,58.53,4525.484,1337.1496531415664,1325.0570486659162,-144.50199999999995,-3168.8820000000005,-0.09626381649772431,-0.7002305167800836
2015-10-23,0.0,4,23,10,4,2015,43,0,0,0,0,0,293,-0.433883739117558,-0.9009688679024191,-0.8660254037844386,0.5000000000000001,223.808,1356.602,1501.104,3134.916,194.322,2212.182,249.35999999999999,598.144,354.88880000000006,10662.337000000001,1027.171333333332,1026.8462857142854,1276.4824285714287,1006.271,1468.4236933333334,1084.5788253870085,1336.3771219201171,2396.2660395055877,641.104,136.068,3134.916,998.8530000000001,58.53,4525.484,1058.814239856175,1178.2238421771274,-1132.794,17.083999999999975,-0.8350230944669107,0.08264158975252012
2015-10-24,56.49,5,24,10,4,2015,43,1,0,0,0,0,294,-0.9749279121818236,-0.2225209339563146,-0.8660254037844386,0.5000000000000001,0.0,223.808,1356.602,641.104,136.068,4525.484,2049.386,862.683,1326.79,211.96,526.8033333333321,999.0859999999997,1258.671,977.7879523809523,1113.0124600000001,1111.5896683584692,1352.682093677879,1664.635705614571,641.104,0.0,3134.916,998.8530000000001,0.0,4525.484,794.1106798921312,1021.1273298868438,-223.808,-194.322,-1.0,-1.0
2015-10-26,447.88,0,26,10,4,2015,44,0,0,0,0,0,296,0.0,1.0,-0.8660254037844386,0.5000000000000001,103.882,56.49,0.0,1356.602,641.104,194.322,58.53,191.9,490.29200000000003,1326.79,53.45733333333212,554.7128571428569,1025.086857142857,909.6422857142855,1099.4632333333332,634.4058477250716,1391.2201430931532,1672.3077021327515,223.808,0.0,1501.104,215.26600000000002,0.0,4525.484,483.2496324393238,787.3587500038961,47.392,-3031.034,0.8389449460081431,-0.966862907969464
2015-10-27,22.32,1,27,10,4,2015,44,0,0,0,0,0,297,0.7818314824680298,0.6234898018587336,-0.8660254037844386,0.5000000000000001,447.88,103.882,56.49,223.808,1501.104,136.068,2212.182,494.71,8109.07,773.4399999999999,202.75066666666544,527.1094285714283,1052.8975714285714,921.8318095238095,1070.1662333333334,634.2240485671522,1374.1997061607965,1675.882806912176,223.808,0.0,1501.104,335.844,0.0,4525.484,474.4072243294929,742.0949166700434,343.998,-193.22400000000005,3.3114302766600563,-0.30139259776884875
2015-10-28,1510.5819999999999,2,28,10,4,2015,44,0,0,0,0,0,298,0.9749279121818236,-0.22252093395631434,-0.8660254037844386,0.5000000000000001,22.32,447.88,103.882,0.0,1356.602,3134.916,4525.484,237.35999999999999,987.532,490.29200000000003,191.36066666666545,315.85457142857115,896.4788571428572,899.3370476190476,1045.1289000000002,484.28426604723495,1356.611649187947,1686.0486506863901,103.882,0.0,1356.602,215.26600000000002,0.0,4525.484,361.3854182471197,646.1249277807043,-425.56,-1478.784,-0.9501652228275431,-0.9851309436254916
2015-10-29,2813.8120000000004,3,29,10,4,2015,44,0,0,0,0,0,299,0.43388373911755823,-0.900968867902419,-0.8660254037844386,0.5000000000000001,1510.5819999999999,22.32,447.88,56.49,223.808,641.104,206.72400000000002,147.392,4.71,8109.07,660.2606666666654,337.851714285714,681.1287142857143,959.9666666666668,1079.1385666666667,539.7559325737218,898.0029952856027,1684.7607463606707,103.882,0.0,1510.5819999999999,215.26600000000002,0.0,3134.916,648.6845636853398,761.3858707432771,1488.262,153.9799999999998,66.67840501792114,0.11350418177180921
2015-10-30,0.0,4,30,10,4,2015,44,0,0,0,0,0,300,-0.433883739117558,-0.9009688679024191,-0.8660254037844386,0.5000000000000001,2813.8120000000004,1510.5819999999999,22.32,103.882,0.0,1501.104,194.322,249.35999999999999,598.144,987.532,1448.9046666666654,707.8522857142855,867.3492857142857,1086.9390476190476,902.6299666666667,1072.9312814400228,1049.5825793417143,1098.0961861735937,103.882,0.0,2813.8120000000004,335.844,0.0,3134.916,1189.9664227640048,1035.0426879775068,1303.2300000000005,2590.0040000000004,0.8627337013151226,11.572437088933373
2015-11-02,2126.37,0,2,11,4,2015,45,0,0,0,0,0,303,0.0,1.0,-0.5000000000000004,0.8660254037844384,4637.816,5362.026,0.0,1510.5819999999999,447.88,0.0,641.104,58.53,191.9,862.683,3333.2806666666656,2113.490857142857,1334.1018571428572,1387.8881904761904,1182.9451666666669,2213.340065708183,1760.9510355110283,1512.6789625077479,1510.5819999999999,0.0,5362.026,544.492,0.0,5362.026,2666.8509596035647,1911.7618149589875,-724.21,4533.934,-0.1350627542648991,43.64503956412083
2015-11-03,2784.163,1,3,11,4,2015,45,0,0,0,0,0,304,0.7818314824680298,0.6234898018587336,-0.5000000000000004,0.8660254037844384,2126.37,4637.816,5362.026,2813.8120000000004,22.32,56.49,1501.104,2212.182,494.71,728.7479999999999,4042.070666666665,2353.275142857143,1440.1922857142856,1486.356761904762,1225.0680666666665,2090.3219966460756,1760.7297747672446,1521.024882070068,2126.37,0.0,5362.026,902.241,0.0,5362.026,2531.7307197026735,1940.3762396311226,-2511.446,1678.4899999999998,-0.5415147992072131,3.7476332946324904
2015-11-04,6693.7480000000005,2,4,11,4,2015,45,0,0,0,0,0,305,0.9749279121818236,-0.22252093395631434,-0.5000000000000004,0.8660254037844384,2784.163,2126.37,4637.816,0.0,1510.5819999999999,103.882,1356.602,4525.484,237.35999999999999,191.9,3182.782999999999,2747.8241428571423,1531.8393571428571,1513.5939523809523,1293.5819,1820.2246368506562,1797.1592939301825,1544.0162933104993,2784.163,0.0,5362.026,902.241,0.0,5362.026,2594.8387897770053,2052.8811410136395,657.7930000000001,2761.843,0.30935020716056005,123.73848566308244
2015-11-05,1694.564,3,5,11,4,2015,45,0,0,0,0,0,306,0.43388373911755823,-0.900968867902419,-0.5000000000000004,0.8660254037844384,6693.7480000000005,2784.163,2126.37,5362.026,2813.8120000000004,447.88,223.808,206.72400000000002,147.392,494.71,3868.0936666666653,3488.2764285714284,1913.0640714285712,1616.844619047619,1510.3101666666669,2239.083377409883,2262.8623909993175,1816.3487413686416,2813.8120000000004,0.0,6693.7480000000005,979.231,0.0,6693.7480000000005,3619.566092332754,2671.6633888784877,3909.5850000000005,5183.166000000001,1.4042227412690997,3.43123776133967
2015-11-06,0.0,4,6,11,4,2015,45,0,0,0,0,0,307,-0.433883739117558,-0.9009688679024191,-0.5000000000000004,0.8660254037844384,1694.564,6693.7480000000005,2784.163,4637.816,0.0,22.32,0.0,194.322,249.35999999999999,237.35999999999999,3724.1583333333324,3328.383857142857,2018.1180714285715,1687.6941428571427,1550.3053,2333.25626525737,2211.9735012552605,1806.3974169765418,2784.163,0.0,6693.7480000000005,1602.5729999999999,0.0,6693.7480000000005,3138.3155692495657,2541.383470361356,-4999.184,-1119.2480000000003,-0.7468437712324993,-0.3977692894905559
2015-11-09,1574.094,0,9,11,4,2015,46,0,0,0,0,0,310,0.0,1.0,-0.5000000000000004,0.8660254037844384,333.576,1302.454,0.0,6693.7480000000005,2126.37,0.0,447.88,641.104,58.53,2049.386,545.3433333333318,2133.553571428571,2123.522214285714,1600.5857619047622,1583.7025666666668,2232.1187953702747,2135.573786569069,1792.286856552931,1694.564,0.0,6693.7480000000005,1602.5729999999999,0.0,6693.7480000000005,1651.5810057771603,1849.3291094470812,-968.8779999999999,-4304.24,-0.7438865403307909,-0.9280747662261719
2015-11-10,2002.556,1,10,11,4,2015,46,0,0,0,0,0,311,0.7818314824680298,0.6234898018587336,-0.5000000000000004,0.8660254037844384,1574.094,333.576,1302.454,1694.564,2784.163,5362.026,22.32,1501.104,2212.182,1381.164,1070.0413333333317,2054.6569999999997,2203.9660714285715,1645.013857142857,1567.8594999999998,2242.152857759471,2088.2874416553523,1790.1278541376962,1574.094,0.0,6693.7480000000005,1634.3290000000002,0.0,6693.7480000000005,1632.2092543328702,1812.6310948541372,1240.518,-552.2759999999998,3.718846679617238,-0.25972714061992963
2015-11-11,7836.978,2,11,11,4,2015,46,0,0,0,0,0,312,0.9749279121818236,-0.22252093395631434,-0.5000000000000004,0.8660254037844384,2002.556,1574.094,333.576,0.0,6693.7480000000005,4637.816,1510.5819999999999,1356.602,4525.484,58.53,1303.408666666665,1942.9988571428569,2345.4114999999997,1668.8925238095235,1588.5725666666667,2219.112410757006,1994.090670203059,1791.4876229672368,1574.094,0.0,6693.7480000000005,1848.56,0.0,6693.7480000000005,1724.7959407496528,1837.9544155402523,428.462,-781.607,0.2721959425548919,-0.2807332041981737
2015-11-12,901.6492,3,12,11,4,2015,46,0,0,0,0,0,313,0.43388373911755823,-0.900968867902419,-0.5000000000000004,0.8660254037844384,7836.978,2002.556,1574.094,1302.454,1694.564,2126.37,2813.8120000000004,223.808,206.72400000000002,2212.182,3804.542666666665,2106.317428571428,2797.2969285714285,1977.481857142857,1847.8541666666667,2630.8877265135393,2454.1131090314625,2098.9171342306245,1574.094,0.0,7836.978,2064.4629999999997,0.0,7836.978,3252.8414555622394,2637.824226801552,5834.4220000000005,1143.2299999999996,2.9134875628946206,0.1707907139617446
2015-11-13,0.0,4,13,11,4,2015,46,0,0,0,0,0,314,-0.433883739117558,-0.9009688679024191,-0.5000000000000004,0.8660254037844384,901.6492,7836.978,2002.556,333.576,0.0,2784.163,0.0,0.0,194.322,4525.484,3580.394399999999,1993.0438857142854,2660.7138714285716,2009.7600095238097,1804.16974,2668.373092464355,2505.7896574692136,2104.7029452899005,1302.454,0.0,7836.978,1848.56,0.0,7836.978,2665.0433916716793,2406.334223228012,-6935.3288,-792.9148000000001,-0.884949377170639,-0.46791670305754174
2015-11-16,1355.9285,0,16,11,4,2015,47,0,0,0,0,0,317,0.0,1.0,-0.5000000000000004,0.8660254037844384,1780.822,1034.73,0.0,7836.978,1574.094,0.0,2126.37,447.88,641.104,136.068,938.5173333333317,2161.547028571428,2147.5503,2136.1971523809525,1733.8038066666668,2590.2120948492034,2322.996420333021,2030.9122831489299,1574.094,0.0,7836.978,1634.3290000000002,0.0,7836.978,1763.5325558614895,1923.4461891650199,746.0919999999999,1447.2459999999999,0.7210499357320266,4.338579514113724
2015-11-17,11544.274,1,17,11,4,2015,47,0,0,0,0,0,318,0.7818314824680298,0.6234898018587336,-0.5000000000000004,0.8660254037844384,1355.9285,1780.822,1034.73,901.6492,2002.556,1302.454,2784.163,22.32,1501.104,3134.916,1390.4934999999984,2130.3805285714284,2092.5187642857145,2179.4375571428573,1774.4658233333334,2599.7536061315086,2332.6425867151765,2009.923350786022,1355.9285,0.0,7836.978,1465.01125,0.0,7836.978,1661.6315418961171,1847.7771639430173,-424.8934999999999,-218.16550000000007,-0.23859403129566004,-0.13859750434218032
2015-11-18,3406.855,2,18,11,4,2015,47,0,0,0,0,0,319,0.9749279121818236,-0.22252093395631434,-0.5000000000000004,0.8660254037844384,11544.274,1355.9285,1780.822,0.0,7836.978,333.576,6693.7480000000005,1510.5819999999999,1356.602,641.104,4893.674833333332,3493.4831,2718.2409785714285,2728.102033333333,2054.777756666667,4399.8299913219635,3443.073179145804,2680.678298951468,1355.9285,0.0,11544.274,1465.01125,0.0,11544.274,4132.292156422088,3140.643408750615,10188.3455,9541.717999999999,7.513925328658553,4.764769624419991
2015-11-19,7226.086,3,19,11,4,2015,47,0,0,0,0,0,320,0.43388373911755823,-0.900968867902419,-0.5000000000000004,0.8660254037844384,3406.855,11544.274,1355.9285,1034.73,901.6492,1574.094,1694.564,2813.8120000000004,223.808,1501.104,5435.685833333331,2860.6083857142853,2483.462907142857,2818.4007476190477,2146.9694566666667,3968.393196427773,3258.239622792316,2677.9412333357614,1355.9285,0.0,11544.274,1465.01125,0.0,11544.274,3950.9328673165655,3176.1382875838663,-8137.419,-4430.123,-0.7048878950724835,-0.5652846033254144
2015-11-20,907.5600000000001,4,20,11,4,2015,47,0,0,0,0,0,321,-0.433883739117558,-0.9009688679024191,-0.5000000000000004,0.8660254037844384,7226.086,3406.855,11544.274,1780.822,0.0,2002.556,0.0,0.0,0.0,1356.602,7392.404999999999,3764.0993571428567,2878.5716214285717,3028.5090333333333,2337.8021900000003,4163.225302776885,3482.8612296356296,2829.9962040677533,1780.822,0.0,11544.274,1465.01125,0.0,11544.274,4769.721150487424,3716.131315906018,3819.231,6324.4368,1.121043014745271,7.014298687338712
2015-11-22,1103.298,6,22,11,4,2015,47,1,0,0,0,0,323,-0.7818314824680299,0.6234898018587334,-0.5000000000000004,0.8660254037844384,1249.622,907.5600000000001,7226.086,11544.274,1780.822,901.6492,333.576,4637.816,103.882,0.0,3127.755999999999,3924.449642857143,2939.6236214285714,2875.8974142857146,2357.027923333333,4014.1249866674166,3435.2253310318592,2816.481001185867,1780.822,907.5600000000001,11544.274,1465.01125,0.0,11544.274,3165.5411471491757,3062.717388391631,342.062,214.89200000000005,0.37690290449116315,0.20767929798111595
2015-11-23,1363.28,0,23,11,4,2015,48,0,0,0,0,0,324,0.0,1.0,-0.5000000000000004,0.8660254037844384,1103.298,1249.622,907.5600000000001,3406.855,1355.9285,0.0,1574.094,2126.37,447.88,56.49,1086.826666666665,3827.6604999999995,2994.603764285714,2707.5870333333332,2393.8045233333332,4082.021080401947,3396.2460965891282,2791.737033185049,1355.9285,907.5600000000001,11544.274,1465.01125,0.0,11544.274,2649.980360361882,2801.4614699394137,-146.32400000000007,-677.5239999999999,-0.11709460940988559,-0.3804557670558877
2015-11-24,5572.864,1,24,11,4,2015,48,0,0,0,0,0,325,0.7818314824680298,0.6234898018587336,-0.5000000000000004,0.8660254037844384,1363.28,1103.298,1249.622,7226.086,11544.274,1034.73,2002.556,2784.163,22.32,103.882,1238.7333333333315,3828.710714285714,2979.545621428571,2671.249414285714,2437.3641900000002,4081.280049473474,3403.4884016021374,2764.068044515572,1363.28,907.5600000000001,11544.274,1359.6042499999999,0.0,11544.274,2328.3052702714117,2609.703940614159,259.98199999999997,7.351499999999987,0.2356407788285666,0.005421746058143828
2015-11-25,4415.695,2,25,11,4,2015,48,0,0,0,0,0,326,0.9749279121818236,-0.22252093395631434,-0.5000000000000004,0.8660254037844384,5572.864,1363.28,1103.298,907.5600000000001,3406.855,1780.822,7836.978,6693.7480000000005,1510.5819999999999,447.88,2679.813999999998,2975.6521428571427,3234.5676214285713,2804.0447,2619.6635900000006,2528.4801903374237,3457.9764792478177,2785.1287364346254,1363.28,907.5600000000001,7226.086,1359.6042499999999,0.0,11544.274,3139.4449527035586,3004.791948532271,4209.584,-5971.41,3.0878352209377384,-0.5172616311774998
2015-11-26,1705.99,3,26,11,4,2015,48,0,0,0,0,0,327,0.43388373911755823,-0.900968867902419,-0.5000000000000004,0.8660254037844384,4415.695,5572.864,1363.28,1249.622,7226.086,1355.9285,901.6492,1694.564,2813.8120000000004,22.32,3783.946333333331,3119.7721428571426,2990.190264285714,2695.5659857142855,2751.92409,2585.2680693747743,3220.43491804178,2772.622435622561,1363.28,907.5600000000001,7226.086,1359.6042499999999,0.0,11544.274,3458.507464527669,3192.912355394635,-1157.1689999999999,1008.8399999999997,-0.20764350251504438,0.2961206156411118
2015-11-27,203.66,4,27,11,4,2015,48,0,0,0,0,0,328,-0.433883739117558,-0.9009688679024191,-0.5000000000000004,0.8660254037844384,1705.99,4415.695,5572.864,1103.298,907.5600000000001,11544.274,0.0,0.0,0.0,1510.5819999999999,3898.1829999999977,2331.1869999999994,3047.643178571429,2696.1100809523814,2808.046423333333,1865.724466283173,3187.3134167532776,2732.2112308438327,1363.28,907.5600000000001,5572.864,1534.635,0.0,11544.274,3020.3780983957517,2994.6560413420175,-2709.705,-5520.0960000000005,-0.6136531168932637,-0.7639123032856238
2015-11-28,2280.83,5,28,11,4,2015,48,1,0,0,0,0,329,-0.9749279121818236,-0.2225209339563146,-0.5000000000000004,0.8660254037844384,203.66,1705.99,4415.695,1363.28,1249.622,3406.855,1034.73,1302.454,5362.026,2813.8120000000004,2108.448333333331,2230.629857142857,3062.190321428571,2705.8081761904764,2764.482356666667,1971.2281210905312,3172.765322856762,2763.848191621896,1363.28,203.66,5572.864,1534.635,203.66,11544.274,2316.198573796814,2622.5232358297485,-1502.33,-703.9000000000001,-0.8806206366977533,-0.7755961038388647
2015-11-29,649.044,6,29,11,4,2015,48,1,0,0,0,0,330,-0.7818314824680299,0.6234898018587334,-0.5000000000000004,0.8660254037844384,2280.83,203.66,1705.99,5572.864,1103.298,7226.086,1780.822,333.576,4637.816,0.0,1396.8266666666648,2377.9452857142855,3151.197464285714,2752.3975095238093,2746.71629,1923.6541885332547,3128.6853237694227,2765.2328277496836,1705.99,203.66,5572.864,1743.406,203.66,11544.274,2307.3564303476105,2576.964137719115,2077.17,1031.2079999999999,10.199204556613964,0.825215945301859
2015-11-30,219.154,0,30,11,4,2015,49,0,0,1,0,0,331,0.0,1.0,-0.5000000000000004,0.8660254037844384,649.044,2280.83,203.66,4415.695,1363.28,907.5600000000001,1355.9285,1574.094,2126.37,5362.026,1044.5113333333313,2313.051857142857,3070.3561785714287,2767.419795238095,2768.3510899999997,1980.6383009707013,3181.002294563894,2745.470262335085,1705.99,203.66,5572.864,1534.635,203.66,11544.274,1892.7783227607079,2319.9081193565667,-1631.786,-454.254,-0.7154351705300264,-0.4117237591294465
2015-12-01,5624.39,1,1,12,4,2015,49,0,1,0,0,0,332,0.7818314824680298,0.6234898018587336,-2.4492935982947064e-16,1.0,219.154,649.044,2280.83,1705.99,5572.864,1249.622,11544.274,2002.556,2784.163,4637.816,1049.6759999999979,2149.6052857142854,2989.158,2702.898842857143,2596.922023333333,2114.7461100242904,3242.0538404092654,2738.488259011536,1705.99,203.66,5572.864,1534.635,203.66,11544.274,1474.3722420705308,2039.8075701090245,-429.89,-1144.126,-0.6623433850401513,-0.8392450560413122
2015-12-02,1771.808,2,2,12,4,2015,49,0,0,0,0,0,333,0.9749279121818236,-0.22252093395631434,-2.4492935982947064e-16,1.0,5624.39,219.154,649.044,203.66,4415.695,1103.298,3406.855,7836.978,6693.7480000000005,2126.37,2164.195999999998,2156.9661428571426,2566.309142857143,2875.3671285714286,2629.8078233333335,2128.6911459608477,2285.2889413344483,2769.58910339743,1705.99,203.66,5624.39,1534.635,203.66,7226.086,2511.876681552898,2517.7518940944883,5405.236000000001,51.52600000000075,24.66409921790157,0.00924587429372048
2015-12-03,505.88,3,3,12,4,2015,49,0,0,0,0,0,334,0.43388373911755823,-0.900968867902419,-2.4492935982947064e-16,1.0,1771.808,5624.39,219.154,2280.83,1705.99,1363.28,7226.086,901.6492,1694.564,2784.163,2538.4506666666643,1779.2679999999998,2449.5200714285716,2586.54950952381,2617.98909,1881.3051987227636,2280.8036909620764,2772.5664310888674,1705.99,203.66,5624.39,1534.635,203.66,7226.086,2326.8595111646737,2418.2927082152232,-3852.5820000000003,-2643.8869999999997,-0.684977748698081,-0.5987476490110843
2015-12-04,129.98,4,4,12,4,2015,49,0,0,0,0,0,335,-0.433883739117558,-0.9009688679024191,-2.4492935982947064e-16,1.0,505.88,1771.808,5624.39,649.044,203.66,5572.864,907.5600000000001,0.0,0.0,6693.7480000000005,2634.0259999999976,1607.823714285714,1969.5053571428568,2567.703357142857,2542.0463233333335,1942.7751129067587,1868.0143322507186,2798.9344385926042,649.044,203.66,5624.39,1306.451,203.66,5624.39,1871.6146333735053,2163.3043471198603,-1265.9279999999999,-1200.1100000000001,-0.7144837363867869,-0.7034683673409574
2015-12-05,2963.642,5,5,12,4,2015,49,1,0,0,0,0,336,-0.9749279121818236,-0.2225209339563146,-2.4492935982947064e-16,1.0,129.98,505.88,1771.808,219.154,2280.83,4415.695,1249.622,1034.73,1302.454,1694.564,802.5559999999977,1597.298,1913.9639285714286,2573.892880952381,2323.2540566666667,1951.829125405525,1913.0351596231935,2718.597008931572,649.044,129.98,5624.39,1306.451,129.98,5624.39,1436.205975030129,1892.1944341705457,-375.9,-73.68,-0.7430615956353286,-0.36177943631542775
2015-12-06,1970.978,6,6,12,4,2015,49,1,0,0,0,0,337,-0.7818314824680299,0.6234898018587334,-2.4492935982947064e-16,1.0,2963.642,129.98,505.88,5624.39,649.044,1705.99,1103.298,1780.822,333.576,0.0,1199.8339999999976,1694.8425714285713,2036.3939285714284,2665.7458333333334,2365.5566566666666,2007.9382849120593,1922.073643277949,2718.350675430507,649.044,129.98,5624.39,1534.635,129.98,5624.39,1818.0649812725967,2035.054109614473,2833.662,682.8119999999999,21.800753962148022,0.2993699661965161
2015-12-07,548.4,0,7,12,4,2015,50,0,0,0,0,0,338,0.0,1.0,-2.4492935982947064e-16,1.0,1970.978,2963.642,129.98,1771.808,219.154,203.66,1363.28,1355.9285,1574.094,1302.454,1688.1999999999978,1883.6902857142854,2098.371071428571,2674.800880952381,2431.255923333333,1954.6444196949312,1903.5716849541427,2682.792058561714,1771.808,129.98,5624.39,1738.899,129.98,5624.39,1856.2932359544475,2026.5106283325433,-992.6639999999998,1321.9340000000002,-0.33494733844371205,2.0367401901874143
2015-12-08,1095.12,1,8,12,4,2015,50,0,0,0,0,0,339,0.7818314824680298,0.6234898018587336,-2.4492935982947064e-16,1.0,548.4,1970.978,2963.642,505.88,5624.39,2280.83,5572.864,11544.274,2002.556,333.576,1827.6733333333311,1930.7254285714282,2040.1653571428571,2636.347142857143,2406.1207900000004,1911.3974736077919,1939.8895258668583,2697.2260530292456,1771.808,129.98,5624.39,1738.899,129.98,5624.39,1529.3199269658355,1829.4292112215376,-1422.578,329.246,-0.7217624955732637,1.5023499457002836
2015-12-09,1522.652,2,9,12,4,2015,50,0,0,0,0,0,340,0.9749279121818236,-0.22252093395631434,-2.4492935982947064e-16,1.0,1095.12,548.4,1970.978,129.98,1771.808,649.044,4415.695,3406.855,7836.978,1574.094,1204.8326666666642,1283.6868571428568,1720.3265000000004,2138.7683809523814,2431.50559,1003.7519521195326,1661.839165263723,2680.5800490124575,1095.12,129.98,2963.642,1400.5549999999998,129.98,5624.39,1420.7699452243767,1731.5213163919993,546.7199999999999,-4529.27,0.9969365426695842,-0.8052908848781823
2015-12-10,573.336,3,10,12,4,2015,50,0,0,0,0,0,341,0.43388373911755823,-0.900968867902419,-2.4492935982947064e-16,1.0,1522.652,1095.12,548.4,2963.642,505.88,219.154,1705.99,7226.086,901.6492,2002.556,1055.3906666666642,1248.0931428571425,1513.6805714285715,2049.044428571429,2429.7908566666665,987.8496503536217,1469.6532988765514,2681.1638271970155,1095.12,129.98,2963.642,1308.886,129.98,5624.39,1446.2404589182825,1703.6720742063994,427.53200000000015,-249.15599999999995,0.39039739937175844,-0.14062246022142355
2015-12-11,0.0,4,11,12,4,2015,50,0,0,0,0,0,342,-0.433883739117558,-0.9009688679024191,-2.4492935982947064e-16,1.0,573.336,1522.652,1095.12,1970.978,129.98,5624.39,203.66,907.5600000000001,0.0,7836.978,1063.7026666666643,1257.729714285714,1432.7767142857142,1732.2468095238094,2382.15019,979.6979464837796,1489.2971900807884,2701.6364810616983,1095.12,129.98,2963.642,872.0819999999999,129.98,5624.39,1228.014344188712,1552.9605976455462,-949.316,67.45600000000002,-0.6234622224907596,0.1333438760180281
2015-12-12,4938.4045,5,12,12,4,2015,50,1,0,0,0,0,343,-0.9749279121818236,-0.2225209339563146,-2.4492935982947064e-16,1.0,0.0,573.336,1522.652,548.4,2963.642,1771.808,2280.83,1249.622,1034.73,901.6492,698.6626666666643,1239.1611428571425,1418.2295714285715,1689.0296666666666,2120.91759,1005.526352321562,1503.1566300883537,2529.4034293933914,1095.12,0.0,2963.642,872.0819999999999,0.0,5624.39,921.0107581415339,1345.8991846261401,-573.336,-129.98,-1.0,-1.0
2015-12-14,7641.658,0,14,12,4,2015,51,0,0,0,0,0,345,0.0,1.0,-2.4492935982947064e-16,1.0,293.152,4938.4045,0.0,1522.652,548.4,129.98,219.154,1363.28,1355.9285,1034.73,1743.852166666664,1281.5806428571427,1582.6354642857143,1826.1075952380952,2265.2478333333333,1689.37109343986,1782.7492396650978,2561.032157801774,573.336,0.0,4938.4045,834.228,0.0,5624.39,1517.3073952046127,1620.6668408969674,-4645.2525,-1677.826,-0.9406383174970783,-0.8512657168167276
2015-12-15,1264.466,1,15,12,4,2015,51,0,0,0,0,0,346,0.7818314824680298,0.6234898018587336,-2.4492935982947064e-16,1.0,7641.658,293.152,4938.4045,573.336,1095.12,2963.642,5624.39,5572.864,11544.274,1780.822,4291.071499999997,2294.903214285714,2112.8143214285715,2125.0779761904764,2485.478766666667,2882.392520271881,2357.2139808032975,2730.0640885980524,1095.12,0.0,7641.658,1308.886,0.0,7641.658,3048.3950464034597,2423.465662110705,7348.506,7093.258000000001,25.067221100316562,12.934460247994165
2015-12-16,4065.5950000000003,2,16,12,4,2015,51,0,0,0,0,0,347,0.9749279121818236,-0.22252093395631434,-2.4492935982947064e-16,1.0,1264.466,7641.658,293.152,0.0,1522.652,1970.978,1771.808,4415.695,3406.855,1355.9285,3066.425333333331,2319.0955,1801.3911785714286,1919.9161666666669,2468.2669000000005,2871.333722331903,2135.1400721528403,2736.280457209284,1264.466,0.0,7641.658,1179.793,0.0,7641.658,2602.4127848025946,2268.932373829278,-6377.192000000001,169.346,-0.8345298886707571,0.15463693476513996
2015-12-17,45.534,3,17,12,4,2015,51,0,0,0,0,0,348,0.43388373911755823,-0.900968867902419,-2.4492935982947064e-16,1.0,4065.5950000000003,1264.466,7641.658,4938.4045,573.336,548.4,505.88,1705.99,7226.086,11544.274,4323.9063333333315,2682.373071428571,1965.2331071428569,1903.2447380952383,2558.5891166666665,2914.3177637167214,2219.0543022955344,2743.01060838009,1264.466,0.0,7641.658,1179.793,0.0,7641.658,2968.208338601946,2508.4873906520406,2801.1290000000004,2542.943,2.215266365406425,1.6700749744524686
2015-12-18,0.0,4,18,12,4,2015,51,0,0,0,0,0,349,-0.433883739117558,-0.9009688679024191,-2.4492935982947064e-16,1.0,45.534,4065.5950000000003,1264.466,293.152,0.0,1095.12,129.98,203.66,907.5600000000001,3406.855,1791.8649999999977,2606.9727857142857,1932.35125,1824.1754047619047,2175.2977833333334,2983.9731529690607,2245.59435500855,2192.1856086742137,1264.466,0.0,7641.658,1179.793,0.0,7641.658,2237.5397539514593,2180.0936052317684,-4020.061,-527.802,-0.9888001633217278,-0.9205806019506886
2015-12-21,1933.44,0,21,12,4,2015,52,0,0,0,0,0,352,0.0,1.0,-2.4492935982947064e-16,1.0,6962.4400000000005,3436.7599999999998,0.0,4065.5950000000003,7641.658,0.0,548.4,219.154,1363.28,1249.622,3466.399999999998,3345.2075714285716,2313.394107142857,2170.1594999999998,2137.254416666667,3121.9369383685375,2638.585518244127,2196.6025467954764,3436.7599999999998,0.0,7641.658,1179.793,0.0,7641.658,3328.964583698272,2744.6222372427246,3525.6800000000007,6669.2880000000005,1.02587320615929,22.75027289597206
2015-12-22,798.968,1,22,12,4,2015,52,0,0,0,0,0,353,0.7818314824680298,0.6234898018587336,-2.4492935982947064e-16,1.0,1933.44,6962.4400000000005,3436.7599999999998,45.534,1264.466,4938.4045,1095.12,5624.39,5572.864,1103.298,4110.879999999998,2529.747857142857,2412.3255357142857,2251.792166666667,2160.04835,2495.2528614051866,2592.887800853539,2190.613847339271,1933.44,0.0,6962.4400000000005,1393.559,0.0,7641.658,2980.083437773704,2636.4646056103616,-5029.0,-5708.218000000001,-0.7223042496596022,-0.7469868450014382
2015-12-23,942.108,2,23,12,4,2015,52,0,0,0,0,0,354,0.9749279121818236,-0.22252093395631434,-2.4492935982947064e-16,1.0,798.968,1933.44,6962.4400000000005,0.0,4065.5950000000003,293.152,1522.652,1771.808,4415.695,1363.28,3231.6159999999977,2463.2481428571423,2391.1718214285715,2022.010166666667,2149.9040166666664,2540.3879725342686,2605.637384322587,2196.373288168711,1933.44,0.0,6962.4400000000005,1393.559,0.0,7641.658,2434.804578330278,2391.4650581956466,-1134.4720000000002,-465.49799999999993,-0.5867634889109566,-0.3681380124099818
2015-12-24,1950.202,3,24,12,4,2015,52,0,0,0,0,0,355,0.43388373911755823,-0.900968867902419,-2.4492935982947064e-16,1.0,942.108,798.968,1933.44,3436.7599999999998,45.534,7641.658,573.336,505.88,1705.99,5572.864,1224.8386666666643,2017.035714285714,2349.704392857143,1982.5006428571428,2135.86495,2485.7607644916006,2625.0697563338003,2202.911036607001,942.108,0.0,6962.4400000000005,1103.2869999999998,0.0,7641.658,2061.6304337477086,2198.217450436227,143.14,-3123.487,0.17915611138368503,-0.7682730326065434
2015-12-25,0.0,4,25,12,4,2015,52,0,0,0,0,0,356,-0.433883739117558,-0.9009688679024191,-2.4492935982947064e-16,1.0,1950.202,942.108,798.968,6962.4400000000005,0.0,1264.466,0.0,129.98,203.66,4415.695,1230.4259999999974,2289.1311428571425,2448.0519642857143,2051.277880952381,2015.10955,2333.5750737835224,2578.7831358177345,2105.13122109935,1933.44,0.0,6962.4400000000005,1598.953,0.0,7641.658,2033.7733253107815,2165.148723711397,1008.094,1904.668,1.0700408021161056,41.82957789783459
2015-12-28,2682.326,0,28,12,4,2015,53,0,0,0,0,0,359,0.0,1.0,-2.4492935982947064e-16,1.0,2966.388,2041.414,0.0,942.108,1933.44,0.0,7641.658,548.4,219.154,2280.83,1669.2673333333307,1518.9314285714281,2432.0695000000005,2048.5732142857146,1971.19145,990.2992406437464,2418.4641172559463,2070.1862030114335,1933.44,0.0,2966.388,1941.821,0.0,7641.658,1982.360246615486,2040.8467573315377,924.9739999999999,-3996.0520000000006,0.45310456379744624,-0.5739441919786742
2015-12-29,2072.096,1,29,12,4,2015,53,0,0,0,0,0,360,0.7818314824680298,0.6234898018587336,-2.4492935982947064e-16,1.0,2682.326,2966.388,2041.414,1950.202,798.968,3436.7599999999998,1264.466,1095.12,5624.39,649.044,2563.375999999998,1625.9151428571424,2077.8315,2150.188738095238,1984.57465,1079.0201174601757,1905.510734106851,2073.552004572384,1950.202,0.0,2966.388,1941.821,0.0,6962.4400000000005,2157.3516849616144,2126.377323020666,-284.0619999999999,748.886,-0.0957602309610206,0.38733345746441583
2015-12-30,2172.6510000000003,2,30,12,4,2015,53,0,0,0,0,0,361,0.9749279121818236,-0.22252093395631434,-2.4492935982947064e-16,1.0,2072.096,2682.326,2966.388,0.0,942.108,6962.4400000000005,4065.5950000000003,1522.652,1771.808,219.154,2573.603333333331,1807.7905714285712,2135.519357142857,2196.7114047619048,2032.0097166666667,1022.2028144223211,1891.1637456391622,2058.1665330684295,2041.414,0.0,2966.388,1995.808,0.0,6962.4400000000005,2136.037763721211,2119.1398132845775,-610.23,1273.1280000000002,-0.22750031129698622,1.5934655705860563
2015-12-31,5253.2699999999995,3,31,12,4,2015,53,0,0,1,0,1,362,0.43388373911755823,-0.900968867902419,-2.4492935982947064e-16,1.0,2172.6510000000003,2072.096,2682.326,2041.414,1950.202,1933.44,45.534,573.336,505.88,5624.39,2309.024333333331,1983.5824285714282,2000.3090714285715,2227.6637380952384,2097.126283333333,951.9093918256686,1808.4150591338903,2029.5367567326502,2072.096,0.0,2966.388,1995.808,0.0,6962.4400000000005,2145.191072790908,2126.2746381799675,100.55500000000029,1230.5430000000003,0.04852815699658719,1.3061591664649916
2016-01-01,0.0,4,1,1,1,2016,53,0,1,0,1,0,363,-0.433883739117558,-0.9009688679024191,0.49999999999999994,0.8660254037844387,5253.2699999999995,2172.6510000000003,2072.096,2966.388,0.0,798.968,0.0,0.0,129.98,1771.808,3166.005666666664,2455.4492857142855,2372.2902142857142,2450.517738095238,2084.755616666667,1558.1999864763402,1908.244762829977,2008.3157018658408,2172.6510000000003,0.0,5253.2699999999995,2056.755,0.0,6962.4400000000005,2922.210804593181,2543.207353089305,3080.6189999999992,3303.0679999999993,1.417907892247765,1.693705575114783
2016-01-04,264.46000000000004,0,4,1,1,2016,1,0,0,0,0,0,366,0.0,1.0,0.49999999999999994,0.8660254037844387,1768.2215999999999,1932.096,0.0,2172.6510000000003,2682.326,0.0,1933.44,7641.658,548.4,2963.642,1233.4391999999978,2268.6657999999998,1893.7986142857142,2377.6016,2127.8439366666667,1561.9114176486796,1315.2629123709523,1991.0896451973201,2072.096,0.0,5253.2699999999995,1941.821,0.0,5253.2699999999995,2037.1310831877481,2114.561100662875,-163.87440000000015,-1198.1664,-0.08481690350790028,-0.4039142553165669
2016-01-05,295.272,1,5,1,1,2016,1,0,0,0,0,0,367,0.7818314824680298,0.6234898018587336,0.49999999999999994,0.8660254037844387,264.46000000000004,1768.2215999999999,1932.096,5253.2699999999995,2072.096,2041.414,798.968,1264.466,1095.12,1970.978,1321.5925333333312,1923.2563714285711,1774.5857571428571,2026.306457142857,2037.8712033333334,1715.0304211954551,1385.172132563248,2012.8851294939566,1932.096,0.0,5253.2699999999995,1941.149,0.0,5253.2699999999995,1593.963312390811,1867.8809539078252,-1503.7615999999998,-2417.866,-0.8504372981305057,-0.9014064658807319
2016-01-06,31.538,2,6,1,1,2016,1,0,0,0,0,0,368,0.9749279121818236,-0.22252093395631434,0.49999999999999994,0.8660254037844387,295.272,264.46000000000004,1768.2215999999999,0.0,2172.6510000000003,2966.388,942.108,4065.5950000000003,1522.652,548.4,775.9845333333311,1669.4243714285712,1738.6074714285712,1980.154361904762,1982.0143366666666,1817.7431594686104,1418.600093922665,2037.9000972755098,1768.2215999999999,0.0,5253.2699999999995,1941.149,0.0,5253.2699999999995,1269.2904842931082,1658.1997600534485,30.811999999999955,-1776.824,0.11650911290932453,-0.857500810773246
2016-01-07,0.0,3,7,1,1,2016,1,0,0,0,0,0,369,0.43388373911755823,-0.900968867902419,0.49999999999999994,0.8660254037844387,31.538,295.272,264.46000000000004,1932.096,5253.2699999999995,2682.326,1950.202,45.534,573.336,1095.12,197.08999999999787,1363.5510857142856,1673.5667571428569,1788.0564095238096,1964.7856033333335,1897.3519538373328,1477.5757586537693,2052.5700490698764,295.272,0.0,5253.2699999999995,1941.149,0.0,5253.2699999999995,959.8523632198311,1441.3115253796554,-263.734,-2141.1130000000003,-0.8931900078571622,-0.9854840929353127
2016-01-08,0.0,4,8,1,1,2016,1,0,0,0,0,0,370,-0.433883739117558,-0.9009688679024191,0.49999999999999994,0.8660254037844387,0.0,31.538,295.272,1768.2215999999999,0.0,2072.096,0.0,0.0,0.0,1522.652,108.93666666666455,613.0839428571426,1534.2666142857142,1785.888123809524,1928.2816033333334,855.045654144219,1540.095571687758,2078.1486980814198,264.46000000000004,0.0,1932.096,1850.1588,0.0,5253.2699999999995,719.8892724148733,1249.1366553290347,-31.538,-5253.2699999999995,-1.0,-1.0
2016-01-11,0.0,0,11,1,1,2016,2,0,0,0,0,0,373,0.0,1.0,0.49999999999999994,0.8660254037844387,1018.104,364.07,0.0,31.538,264.46000000000004,0.0,2682.326,1933.44,7641.658,4938.4045,460.7246666666645,281.9205714285712,1275.293185714286,1356.5059333333334,1904.4878033333334,358.4335248879181,1499.3152109046198,2088.557844523955,264.46000000000004,0.0,1018.104,691.087,0.0,5253.2699999999995,626.4924118000247,990.9592094097452,654.0340000000001,-750.1175999999998,1.7964512319059525,-0.4242214889807928
2016-01-12,747.496,1,12,1,1,2016,2,0,0,0,0,0,374,0.7818314824680298,0.6234898018587336,0.49999999999999994,0.8660254037844387,0.0,1018.104,364.07,0.0,295.272,1932.096,2072.096,798.968,1264.466,293.152,460.7246666666645,244.14057142857115,1083.6984714285713,1264.437361904762,1739.87432,374.17255128738543,1476.8993301172693,2035.1195638148167,31.538,0.0,1018.104,329.671,0.0,5253.2699999999995,469.8693088500185,858.8313148217792,-1018.104,-264.46000000000004,-1.0,-1.0
2016-01-14,0.0,3,14,1,1,2016,2,0,0,0,0,0,376,0.43388373911755823,-0.900968867902419,0.49999999999999994,0.8660254037844387,622.278,747.496,0.0,364.07,0.0,264.46000000000004,5253.2699999999995,1950.202,45.534,1264.466,456.5913333333312,393.13542857142835,878.3432571428569,1246.756314285714,1521.0397866666667,414.9647861826085,1412.276236318521,1701.751239266824,364.07,0.0,1018.104,329.671,0.0,5253.2699999999995,560.0264862281354,814.4254586883586,-125.21799999999996,590.74,-0.16751661547352759,18.731054600799038
2016-01-21,0.0,3,21,1,1,2016,3,0,0,0,0,0,383,0.43388373911755823,-0.900968867902419,0.49999999999999994,0.8660254037844387,0.0,301.742,0.0,0.0,0.0,0.0,0.0,5253.2699999999995,1950.202,798.968,100.58066666666456,93.16085714285688,243.14814285714286,616.6157904761905,952.50282,159.72088409399686,339.81735023705716,1234.9856906664074,0.0,0.0,350.384,0.0,0.0,1018.104,168.28569954717602,364.3792766784924,-301.742,-622.278,-1.0,-1.0
2016-01-25,0.0,0,25,1,1,2016,4,0,0,0,0,0,387,0.0,1.0,0.49999999999999994,0.8660254037844387,13.12,43.66,0.0,0.0,0.0,0.0,0.0,264.46000000000004,2682.326,2041.414,18.92666666666454,51.21742857142831,148.47714285714287,192.95828571428572,831.3528866666667,111.6273485288324,256.1909179927749,1251.0243136512286,0.0,0.0,301.742,0.0,0.0,747.496,64.71289712234865,212.3655806659639,-30.54,-337.264,-0.6994961062757673,-0.9625553678250148
2016-02-01,0.0,0,1,2,1,2016,5,0,1,0,0,0,394,0.0,1.0,0.8660254037844386,0.5000000000000001,99.26,2161.6400000000003,0.0,3573.252,0.0,0.0,0.0,0.0,264.46000000000004,1932.096,753.6333333333314,1473.5022857142853,762.3598571428572,590.1521904761905,602.2319200000001,1859.8986325336477,1465.244303112408,1089.4791884486588,182.72,0.0,4297.644,28.389999999999997,0.0,4297.644,1185.5176641849719,994.7307858221601,-2062.38,86.14,-0.954081160600285,6.565548780487806
2016-02-05,0.0,4,5,2,1,2016,5,0,0,0,0,0,398,-0.433883739117558,-0.9009688679024191,0.8660254037844386,0.5000000000000001,0.0,492.836,0.0,99.26,0.0,182.72,0.0,0.0,0.0,31.538,164.27866666666455,393.39085714285693,776.0094285714285,548.3932380952381,476.65813333333335,800.2221352756382,1461.5086312409012,1045.7228408936053,0.0,0.0,2161.6400000000003,28.389999999999997,0.0,4297.644,467.51194843352624,618.1451175084784,-492.836,-4297.644,-1.0,-1.0
2016-02-08,129.09199999999998,0,8,2,1,2016,6,0,0,0,0,0,401,0.0,1.0,0.8660254037844386,0.5000000000000001,324.10999999999996,2432.544,0.0,492.836,0.0,0.0,0.0,0.0,0.0,364.07,918.8846666666645,464.2128571428569,968.8575714285714,662.9775238095239,567.4953333333334,890.3884816728977,1495.568208376116,1096.8361267465427,0.0,0.0,2432.544,140.99,0.0,4297.644,734.3611032453939,726.698217234408,-2108.4339999999997,224.84999999999997,-0.8667608890116685,2.2652629457989115
2016-02-11,0.0,3,11,2,1,2016,6,0,0,0,0,0,404,0.43388373911755823,-0.900968867902419,0.8660254037844386,0.5000000000000001,77.24,785.5519999999999,129.09199999999998,2432.544,0.0,0.0,4297.644,0.0,0.0,747.496,330.6279999999979,535.5054285714283,771.4227142857143,695.8414285714285,554.4856666666667,880.7835396771695,1292.7582189320544,1095.3974736123994,129.09199999999998,0.0,2432.544,114.17599999999999,0.0,4297.644,494.56315293165056,587.0555138559985,-708.3119999999999,-415.596,-0.9016742367150743,-0.8432744361207379
2016-02-16,160.43,1,16,2,1,2016,7,0,0,0,0,0,409,0.7818314824680298,0.6234898018587336,0.8660254037844386,0.5000000000000001,1602.38,1079.962,0.0,0.0,785.5519999999999,2432.544,0.0,182.72,301.742,350.384,894.1139999999979,506.447714285714,494.55114285714274,820.8681904761904,598.2379333333334,653.3978544260226,744.9695687602981,1115.284167083015,77.24,0.0,1602.38,103.166,0.0,2432.544,720.45002945546,625.4844357611659,522.4180000000001,1473.288,0.4837373907600453,11.412697920862643
2016-02-17,0.0,2,17,2,1,2016,7,0,0,0,0,0,410,0.9749279121818236,-0.22252093395631434,0.8660254037844386,0.5000000000000001,160.43,1602.38,1079.962,0.0,77.24,324.10999999999996,492.836,3573.252,0.0,0.0,947.5906666666646,417.14457142857117,506.01042857142846,819.8067619047619,591.9061333333333,651.6103429245456,737.9781761897984,1117.277261463519,77.24,0.0,1602.38,144.761,0.0,2432.544,580.445022091595,563.4771776596771,-1441.95,-625.1219999999998,-0.8998801782348756,-0.7957741817218974
2016-02-18,105.844,3,18,2,1,2016,7,0,0,0,0,0,411,0.43388373911755823,-0.900968867902419,0.8660254037844386,0.5000000000000001,0.0,160.43,1602.38,0.0,0.0,129.09199999999998,0.0,4297.644,0.0,301.742,587.6033333333313,406.11028571428545,470.80785714285713,649.6519047619047,591.9061333333333,658.9383407678316,750.3064576293403,1117.277261463519,0.0,0.0,1602.38,103.166,0.0,2432.544,435.3337665686962,488.3468873050535,-160.43,-77.24,-1.0,-1.0
2016-02-22,79.36,0,22,2,1,2016,8,0,0,0,0,0,415,0.0,1.0,0.8660254037844386,0.5000000000000001,2591.1,316.78000000000003,0.0,0.0,1602.38,0.0,129.09199999999998,0.0,0.0,43.66,969.2933333333312,682.3619999999997,489.16999999999996,480.8509523809523,682.3055333333334,1013.1951018706246,778.2984282121748,1166.7758447149934,160.43,0.0,2591.1,117.46799999999999,0.0,2591.1,856.0768089533765,666.7820638877952,2274.3199999999997,1511.138,7.179493654902455,1.3992510847603898
2016-02-23,37.775999999999996,1,23,2,1,2016,8,0,0,0,0,0,416,0.7818314824680298,0.6234898018587336,0.8660254037844386,0.5000000000000001,79.36,2591.1,316.78000000000003,105.844,160.43,0.0,785.5519999999999,0.0,182.72,13.12,995.7466666666646,464.78771428571406,485.6177142857142,484.63,683.4955333333334,943.856820866666,780.1795242807854,1166.1200476206557,105.844,0.0,2591.1,92.602,0.0,2591.1,661.8976067150323,588.4591220360892,-2511.74,-1523.0200000000002,-0.9693720813554089,-0.9504736704152573
2016-02-24,0.0,2,24,2,1,2016,8,0,0,0,0,0,417,0.9749279121818236,-0.22252093395631434,0.8660254037844386,0.5000000000000001,37.775999999999996,79.36,2591.1,0.0,0.0,1079.962,77.24,492.836,3573.252,0.0,902.7453333333311,447.26571428571407,432.2051428571428,486.4288571428571,684.3174,951.5557815391222,783.6552498332492,1165.6398730327883,79.36,0.0,2591.1,78.3,0.0,2591.1,505.86720503627424,515.0347057646106,-41.584,-122.65400000000001,-0.523991935483871,-0.7645328180514867
2016-02-29,0.0,0,29,2,1,2016,9,0,0,1,0,0,422,0.0,1.0,0.8660254037844386,0.5000000000000001,551.264,1159.2710000000002,0.0,0.0,79.36,0.0,1602.38,129.09199999999998,0.0,2161.6400000000003,570.1783333333314,264.7915714285712,473.5767857142857,414.3771904761905,473.7437,440.71788174058725,781.2739652597201,767.7935138075192,37.775999999999996,0.0,1159.2710000000002,92.602,0.0,2591.1,477.9524480701315,461.5313685036505,-608.0070000000002,-2039.8359999999998,-0.5244735700280608,-0.7872471151248505
2016-03-01,1642.1743999999999,1,1,3,1,2016,9,0,1,0,0,0,423,0.7818314824680298,0.6234898018587336,1.0,6.123233995736766e-17,0.0,551.264,1159.2710000000002,25.869999999999997,37.775999999999996,316.78000000000003,160.43,785.5519999999999,0.0,99.26,570.1783333333314,253.4544285714284,359.1210714285714,408.22995238095234,401.68903333333327,447.25524045289495,717.9958132636114,702.5908320118174,25.869999999999997,0.0,1159.2710000000002,58.568,0.0,2591.1,358.4643360525986,399.9938527031638,-551.264,-79.36,-1.0,-1.0
2016-03-04,0.0,4,4,3,1,2016,9,0,0,0,0,0,426,-0.433883739117558,-0.9009688679024191,1.0,6.123233995736766e-17,0.0,899.5699999999999,1642.1743999999999,551.264,0.0,37.775999999999996,0.0,0.0,0.0,492.836,847.2481333333311,607.4684857142855,521.6546714285713,488.1800666666667,483.10517999999996,654.5530874955904,792.5895687313587,734.6215721464118,551.264,0.0,1642.1743999999999,58.568,0.0,2591.1,550.8272917721899,528.79221973003,-899.5699999999999,-25.869999999999997,-1.0,-1.0
2016-03-07,807.54,0,7,3,1,2016,10,0,0,0,0,0,429,0.0,1.0,1.0,6.123233995736766e-17,1555.244,1969.267,0.0,899.5699999999999,0.0,0.0,79.36,1602.38,129.09199999999998,2432.544,1174.836999999998,866.6079142857141,565.6997428571427,604.587161904762,584.1610133333332,870.4112459082836,732.6835877361272,798.0299370168473,899.5699999999999,0.0,1969.267,58.568,0.0,1969.267,990.4288262163925,779.1497590361114,-414.02300000000014,1003.9799999999999,-0.21024218655977078,1.8212326580368026
2016-03-09,478.008,2,9,3,1,2016,10,0,0,0,0,0,431,0.9749279121818236,-0.22252093395631434,1.0,6.123233995736766e-17,2563.2960000000003,807.54,1555.244,0.0,899.5699999999999,551.264,0.0,0.0,77.24,129.09199999999998,1642.0266666666648,1113.5595714285712,798.1068857142857,681.1598285714286,604.6337466666666,970.2684682687462,866.3003870860016,808.1237298311904,899.5699999999999,0.0,2563.2960000000003,679.402,0.0,2563.2960000000003,1349.3539647467207,1020.3165745649014,1755.7560000000003,921.1216000000004,2.1742031354483995,0.5609158199031725
2016-03-10,90.93199999999999,3,10,3,1,2016,10,0,0,0,0,0,432,0.43388373911755823,-0.900968867902419,1.0,6.123233995736766e-17,478.008,2563.2960000000003,807.54,1969.267,0.0,0.0,25.869999999999997,105.844,0.0,785.5519999999999,1282.9479999999978,1053.3364285714283,832.2503142857142,703.9221142857143,616.26428,998.4381033907805,841.4895470924453,803.5415352331277,807.54,0.0,2563.2960000000003,679.402,0.0,2563.2960000000003,1131.5174735600406,948.0087646229147,-2085.2880000000005,-421.56199999999995,-0.8135182202913749,-0.46862612136909854
2016-03-14,707.9000000000001,0,14,3,1,2016,11,0,0,0,0,0,436,0.0,1.0,1.0,6.123233995736766e-17,1384.856,51.016000000000005,0.0,478.008,807.54,0.0,0.0,79.36,1602.38,0.0,478.6239999999979,767.9497142857142,817.2788142857142,633.1164,638.3980133333333,935.5541084650656,869.6299125628422,813.6172866956699,478.008,0.0,2563.2960000000003,642.774,0.0,2563.2960000000003,723.3891849936067,733.2712125312606,1333.84,-170.38799999999992,26.14552297318488,-0.10955708557628252
2016-03-15,16.776,1,15,3,1,2016,11,0,0,0,0,0,437,0.7818314824680298,0.6234898018587336,1.0,6.123233995736766e-17,707.9000000000001,1384.856,51.016000000000005,90.93199999999999,2563.2960000000003,1969.267,1642.1743999999999,37.775999999999996,160.43,1079.962,714.5906666666646,753.7154285714284,867.8430999999999,663.0468761904762,661.9946799999999,935.6093569103746,838.4764117405899,804.680146553854,478.008,0.0,2563.2960000000003,757.72,0.0,2563.2960000000003,719.516888745205,729.8883841937592,-676.9559999999999,-99.63999999999987,-0.4888277192718954,-0.12338707680114902
2016-03-16,7230.209999999999,2,16,3,1,2016,11,0,0,0,0,0,438,0.9749279121818236,-0.22252093395631434,1.0,6.123233995736766e-17,16.776,707.9000000000001,1384.856,0.0,478.008,1555.244,899.5699999999999,0.0,0.0,1602.38,703.1773333333313,389.92685714285693,751.7432142857142,662.0468761904762,626.5551466666667,515.4758669434495,835.536340306789,809.0378631910711,90.93199999999999,0.0,1384.856,592.9540000000001,0.0,2563.2960000000003,543.8316665589037,634.8067329679246,-691.1240000000001,-2546.5200000000004,-0.97630173753355,-0.9934553012995768
2016-03-17,48.84,3,17,3,1,2016,11,0,0,0,0,0,439,0.43388373911755823,-0.900968867902419,1.0,6.123233995736766e-17,7230.209999999999,16.776,707.9000000000001,51.016000000000005,90.93199999999999,807.54,0.0,25.869999999999997,105.844,160.43,2651.6286666666642,1354.5271428571427,1203.9317857142855,1006.3425904761905,814.1494799999999,2641.427373748728,1924.7698916384468,1445.34925881593,90.93199999999999,0.0,7230.209999999999,592.9540000000001,0.0,7230.209999999999,2215.4262499191777,1514.193835238868,7213.433999999999,6752.201999999999,429.9853361945636,14.125709193151577
2016-03-18,0.0,4,18,3,1,2016,11,0,0,0,0,0,440,-0.433883739117558,-0.9009688679024191,1.0,6.123233995736766e-17,48.84,7230.209999999999,16.776,1384.856,0.0,2563.2960000000003,0.0,0.0,0.0,0.0,2431.9419999999977,1348.5139999999994,1207.420357142857,1007.4364,810.4298133333334,2644.829060307923,1922.4628369278996,1447.2320106026425,51.016000000000005,0.0,7230.209999999999,592.9540000000001,0.0,7230.209999999999,1673.7796874393835,1318.8133238736855,-7181.369999999999,-42.091999999999985,-0.9932450094810524,-0.46289535037170626
2016-03-21,1270.3790000000001,0,21,3,1,2016,12,0,0,0,0,0,443,0.0,1.0,1.0,6.123233995736766e-17,102.52000000000001,5203.89,0.0,7230.209999999999,707.9000000000001,0.0,807.54,0.0,79.36,316.78000000000003,1768.8033333333315,1901.4479999999999,1334.6988571428572,1178.668542857143,983.7820133333333,3015.5755625156025,2224.178483631719,1645.1474704936659,102.52000000000001,0.0,7230.209999999999,290.264,0.0,7230.209999999999,1707.4851806384902,1473.5063622371815,-5101.37,-1282.336,-0.9802993529840177,-0.9259706424350257
2016-03-22,2481.424,1,22,3,1,2016,12,0,0,0,0,0,444,0.7818314824680298,0.6234898018587336,1.0,6.123233995736766e-17,1270.3790000000001,102.52000000000001,5203.89,48.84,16.776,51.016000000000005,2563.2960000000003,1642.1743999999999,37.775999999999996,2591.1,2192.262999999998,1981.8021428571426,1367.7587857142858,1239.1627809523811,1015.5686466666666,2985.818413098398,2219.1742783631594,1641.0229172756765,102.52000000000001,0.0,7230.209999999999,290.264,0.0,7230.209999999999,1598.2086354788676,1446.4227139388909,1167.8590000000002,562.479,11.391523605150214,0.7945740923859301
2016-03-23,633.302,2,23,3,1,2016,12,0,0,0,0,0,445,0.9749279121818236,-0.22252093395631434,1.0,6.123233995736766e-17,2481.424,1270.3790000000001,102.52000000000001,0.0,7230.209999999999,1384.856,478.008,899.5699999999999,0.0,79.36,1284.7743333333312,2333.894714285714,1361.9107857142856,1279.1270476190477,1011.91278,2858.064017886385,2215.8868757928753,1637.5103279108077,1270.3790000000001,0.0,7230.209999999999,290.264,0.0,7230.209999999999,1819.0124766091506,1584.4228854137054,1211.0449999999998,2464.648,0.9532942531323327,146.91511683357177
2016-03-24,412.95,3,24,3,1,2016,12,0,0,0,0,0,446,0.43388373911755823,-0.900968867902419,1.0,6.123233995736766e-17,633.302,2481.424,1270.3790000000001,5203.89,48.84,707.9000000000001,90.93199999999999,0.0,25.869999999999997,37.775999999999996,1461.7016666666648,1391.4792857142857,1373.0032142857142,1266.4476190476191,1030.3775133333334,1902.290895416944,2211.506177359125,1629.736864632856,633.302,0.0,5203.89,367.911,0.0,7230.209999999999,1522.584857456863,1457.6067673585449,-1848.1219999999998,-6596.907999999999,-0.7447828343725216,-0.9124089065186212
2016-03-25,0.0,4,25,3,1,2016,12,0,0,0,0,0,447,-0.433883739117558,-0.9009688679024191,1.0,6.123233995736766e-17,412.95,633.302,2481.424,102.52000000000001,0.0,16.776,0.0,0.0,0.0,0.0,1175.891999999998,1443.4950000000001,1396.0044999999998,1286.111904761905,1042.8833133333333,1864.0531007478376,2198.783985440861,1623.2841584088933,633.302,0.0,5203.89,523.126,0.0,7230.209999999999,1245.1761430926472,1318.3191983774054,-220.35200000000003,364.11,-0.3479414244704738,7.455159705159705
2016-03-28,243.344,0,28,3,1,2016,13,0,0,0,0,0,450,0.0,1.0,1.0,6.123233995736766e-17,83.7,131.16,0.0,633.302,1270.3790000000001,0.0,707.9000000000001,807.54,0.0,1159.2710000000002,71.61999999999803,716.130714285714,1308.7893571428572,1128.509476190476,1049.18298,892.3035015356961,2223.2482959349795,1619.3299176023577,412.95,0.0,2481.424,272.055,0.0,7230.209999999999,570.8261853672104,884.4932381733807,-47.459999999999994,-18.820000000000007,-0.36184812442817926,-0.18357393679282097
2016-03-29,1559.0800000000002,1,29,3,1,2016,13,0,0,0,0,0,451,0.7818314824680298,0.6234898018587336,1.0,6.123233995736766e-17,243.344,83.7,131.16,412.95,2481.424,5203.89,16.776,2563.2960000000003,1642.1743999999999,551.264,152.7346666666647,569.4114285714284,1275.6067857142857,1101.6429999999998,1018.6520800000001,870.1420867212308,2236.3349039957943,1625.8042581963837,243.344,0.0,2481.424,187.252,0.0,7230.209999999999,488.95563902540783,799.0066730835966,159.644,-1027.035,1.9073357228195937,-0.8084477152093982
2016-03-30,571.224,2,30,3,1,2016,13,0,0,0,0,0,452,0.9749279121818236,-0.22252093395631434,1.0,6.123233995736766e-17,1559.0800000000002,243.344,83.7,0.0,633.302,102.52000000000001,7230.209999999999,478.008,899.5699999999999,0.0,628.7079999999982,437.64799999999974,1385.7713571428571,1053.8231904761906,1052.2459466666667,539.2902908316557,2207.353345486073,1626.225791000875,243.344,0.0,1559.0800000000002,328.147,0.0,7230.209999999999,756.4867292690559,900.3497833391172,1315.736,-922.3439999999998,5.406897231902164,-0.37169947578487184
2016-03-31,200.716,3,31,3,1,2016,13,0,0,1,0,1,453,0.43388373911755823,-0.900968867902419,1.0,6.123233995736766e-17,571.224,1559.0800000000002,243.344,131.16,412.95,1270.3790000000001,48.84,90.93199999999999,0.0,1642.1743999999999,791.2159999999981,428.779714285714,910.1295,1058.2620476190475,1071.2867466666667,536.0372563748375,1432.5890004020844,1616.797423976513,243.344,0.0,1559.0800000000002,328.147,0.0,5203.89,710.1710469517919,856.4663455605682,-987.8560000000001,-62.077999999999975,-0.6336146958462683,-0.09802274428313817
2016-04-01,0.0,4,1,4,2,2016,13,0,1,0,1,0,454,-0.433883739117558,-0.9009688679024191,0.8660254037844387,-0.4999999999999998,200.716,571.224,1559.0800000000002,83.7,0.0,2481.424,0.0,0.0,0.0,899.5699999999999,777.0066666666647,398.4605714285712,920.9777857142857,1063.489857142857,1023.2381333333334,543.0382684927256,1426.1256415110895,1620.6608276496265,200.716,0.0,1559.0800000000002,328.147,0.0,5203.89,582.8072852138439,769.0329661524925,-370.50800000000004,-212.23399999999998,-0.6486212063918884,-0.5139459983048795
2016-04-04,1484.598,0,4,4,2,2016,14,0,0,0,0,0,457,0.0,1.0,0.8660254037844387,-0.4999999999999998,0.0,299.22,0.0,571.224,243.344,0.0,1270.3790000000001,707.9000000000001,807.54,1969.267,99.73999999999803,410.5119999999997,563.3213571428571,1009.3635714285715,1003.2264666666666,542.5898409418405,726.9835169490675,1625.938439647438,243.344,0.0,1559.0800000000002,271.28200000000004,0.0,2481.424,301.9755734495904,535.1885115961559,-299.22,-83.7,-1.0,-1.0
2016-04-06,140.004,2,6,4,2,2016,14,0,0,0,0,0,459,0.9749279121818236,-0.22252093395631434,0.8660254037844387,-0.4999999999999998,2974.058,1484.598,0.0,0.0,571.224,83.7,633.302,7230.209999999999,478.008,807.54,1486.2186666666646,789.973714285714,613.8108571428571,1187.1721428571427,1034.3646333333334,1090.6236215550553,846.5418496352248,1655.871983330678,299.22,0.0,2974.058,271.28200000000004,0.0,2974.058,1191.7378850653945,970.0806509322239,1489.46,1414.9779999999998,1.0032749606290725,0.9075724145008592
2016-04-07,907.436,3,7,4,2,2016,14,0,0,0,0,0,460,0.43388373911755823,-0.900968867902419,0.8660254037844387,-0.4999999999999998,140.004,2974.058,1484.598,299.22,200.716,243.344,412.95,48.84,90.93199999999999,2563.2960000000003,1532.8866666666647,728.3708571428568,578.5752857142857,849.5432857142857,1012.1134333333333,1116.900779784147,855.8828881831232,1663.4926570459818,200.716,0.0,2974.058,222.03,0.0,2974.058,928.8044137990458,859.4037641412607,-2834.054,-431.22,-0.9529249261446818,-0.7549052560816772
2016-04-08,0.0,4,8,4,2,2016,14,0,0,0,0,0,461,-0.433883739117558,-0.9009688679024191,0.8660254037844387,-0.4999999999999998,907.436,140.004,2974.058,0.0,0.0,1559.0800000000002,0.0,0.0,0.0,478.008,1340.4993333333314,829.3308571428568,613.8957142857142,890.4288095238096,956.9181000000001,1092.9393347920868,858.720600857905,1637.5172654693515,299.22,0.0,2974.058,222.03,0.0,2974.058,923.4623103492844,865.8080622557593,767.432,706.72,5.481500528556328,3.5209948384782477
2016-04-12,0.0,1,12,4,2,2016,15,0,0,0,0,0,465,0.7818314824680298,0.6234898018587336,0.8660254037844387,-0.4999999999999998,1328.346,169.54199999999997,757.992,907.436,2974.058,299.22,1559.0800000000002,2481.424,16.776,1384.856,751.9599999999979,896.7682857142854,742.3011428571427,684.6712380952382,1011.4489,1034.932216071757,851.8119101086253,1625.9825547171256,757.992,0.0,2974.058,435.22200000000004,0.0,2974.058,762.6574966339532,761.076932465911,1158.804,-156.25199999999995,6.834908164348659,-0.1052486935857383
2016-04-13,3192.6780000000003,2,13,4,2,2016,15,0,0,0,0,0,466,0.9749279121818236,-0.22252093395631434,0.8660254037844387,-0.4999999999999998,0.0,1328.346,169.54199999999997,0.0,140.004,0.0,571.224,633.302,7230.209999999999,707.9000000000001,499.295999999998,471.9028571428568,630.9382857142856,566.5081904761905,965.2870333333334,524.72127928368,838.6273388256321,1634.6509408691206,169.54199999999997,0.0,1328.346,249.96800000000002,0.0,2974.058,571.9931224754649,659.6000081371229,-1328.346,-2974.058,-1.0,-1.0
2016-04-15,0.0,4,15,4,2,2016,15,0,0,0,0,0,468,-0.433883739117558,-0.9009688679024191,0.8660254037844387,-0.4999999999999998,35.208,3192.6780000000003,0.0,169.54199999999997,0.0,2974.058,0.0,0.0,0.0,7230.209999999999,1075.9619999999982,783.3951428571427,806.3629999999999,670.3955238095239,1048.7273666666667,1173.7600708497043,1089.8397862214588,1682.9976831237025,169.54199999999997,0.0,3192.6780000000003,234.381,0.0,3192.6780000000003,929.175256392449,869.0589750007724,-3157.4700000000003,-872.2280000000001,-0.9889722671688157,-0.9612005695167483
2016-04-18,2006.96,0,18,4,2,2016,16,0,0,0,0,0,471,0.0,1.0,0.8660254037844387,-0.4999999999999998,2745.106,4161.972,0.0,3192.6780000000003,1328.346,0.0,1484.598,243.344,1270.3790000000001,5203.89,2302.3593333333315,1637.6157142857141,1278.3528571428571,989.0725714285713,1036.3283000000001,1734.1691957512487,1425.9501229943219,1383.3596417885883,1328.346,0.0,4161.972,832.7139999999999,0.0,4161.972,1858.6420612905645,1412.6783253560584,-1416.8659999999995,2575.5640000000003,-0.34043141087926576,15.191303629779057
2016-04-19,329.96,1,19,4,2,2016,16,0,0,0,0,0,472,0.7818314824680298,0.6234898018587336,0.8660254037844387,-0.4999999999999998,2006.96,2745.106,4161.972,35.208,0.0,757.992,2974.058,1559.0800000000002,2481.424,102.52000000000001,2971.345999999998,1734.560571428571,1315.6644285714283,1073.054285714286,929.7639666666668,1732.966440571652,1438.540391536705,1155.6414805718218,2006.96,0.0,4161.972,832.7139999999999,0.0,4161.972,1895.7215459679235,1491.9158819752506,-738.1460000000002,678.614,-0.2688952630608801,0.5108714145260347
2016-04-21,893.0899999999999,3,21,4,2,2016,16,0,0,0,0,0,474,0.43388373911755823,-0.900968867902419,0.8660254037844387,-0.4999999999999998,1194.726,329.96,2006.96,4161.972,35.208,1328.346,907.436,200.716,412.95,2481.424,1177.2153333333315,1496.2759999999996,1202.1375714285714,1044.2153333333333,934.8235333333333,1567.9655961535937,1346.6635618880605,1150.0908545325249,1194.726,0.0,4161.972,832.7139999999999,0.0,4161.972,1426.892369606957,1318.020106905855,864.7660000000001,-1997.9520000000002,2.620820705540066,-0.6257918900684629
2016-04-22,152.916,4,22,4,2,2016,16,0,0,0,0,0,475,-0.433883739117558,-0.9009688679024191,0.8660254037844387,-0.4999999999999998,893.0899999999999,1194.726,329.96,2745.106,0.0,0.0,0.0,0.0,0.0,633.302,805.9253333333314,1618.830571428571,1201.112857142857,1077.1855238095238,881.8790666666666,1464.870469441666,1346.9104938731732,1112.379174755989,1194.726,0.0,4161.972,825.5409999999999,0.0,4161.972,1293.4417772052177,1261.3627593184076,-301.6360000000002,857.882,-0.25247295195718533,24.366109975005678
2016-04-24,25.99,6,24,4,2,2016,16,1,0,0,0,0,477,-0.7818314824680299,0.6234898018587334,0.8660254037844387,-0.4999999999999998,0.0,152.916,893.0899999999999,329.96,2745.106,35.208,169.54199999999997,0.0,83.7,0.0,348.6686666666648,1046.1082857142856,1157.8931428571427,1070.2186666666666,852.1012,1021.4641813419262,1371.7028094256752,1127.784624176647,893.0899999999999,0.0,2745.106,611.525,0.0,4161.972,756.2327496779351,965.0938769991595,-152.916,-4161.972,-1.0,-1.0
2016-04-26,2090.1055,1,26,4,2,2016,17,0,0,0,0,0,479,0.7818314824680298,0.6234898018587336,0.8660254037844387,-0.4999999999999998,920.946,25.99,0.0,893.0899999999999,329.96,4161.972,0.0,2974.058,1559.0800000000002,83.7,315.6453333333315,502.51828571428547,1118.5394285714285,1044.6157142857141,879.2937333333334,489.6225570966506,1380.3613315597838,1118.869969235118,329.96,0.0,1194.726,611.525,0.0,4161.972,660.4905466938384,850.6888231682576,894.956,-1086.0140000000001,34.43462870334744,-0.5411238888667438
2016-04-27,2719.59,2,27,4,2,2016,17,0,0,0,0,0,480,0.9749279121818236,-0.22252093395631434,0.8660254037844387,-0.4999999999999998,2090.1055,920.946,25.99,152.916,1194.726,2745.106,3192.6780000000003,140.004,571.224,243.344,1012.347166666665,753.9676428571427,1267.8326785714285,1002.5227380952381,946.1739166666666,762.2828474445591,1362.9983297183703,1129.5885306961422,893.0899999999999,0.0,2090.1055,907.018,0.0,4161.972,1017.8942850203788,1015.9443800791566,1169.1595000000002,1760.1455,1.2695201455894267,5.334420838889563
2016-04-28,4044.3619999999996,3,28,4,2,2016,17,0,0,0,0,0,481,0.43388373911755823,-0.900968867902419,0.8660254037844387,-0.4999999999999998,2719.59,2090.1055,920.946,0.0,893.0899999999999,2006.96,35.208,907.436,200.716,1559.0800000000002,1910.2138333333316,971.805357142857,1234.0406785714283,1125.3601666666666,1028.71545,1066.433407063088,1316.6835093053323,1166.334943062373,893.0899999999999,0.0,2719.59,907.018,0.0,4161.972,1443.318213765284,1243.0971294019357,629.4845,1524.864,0.3011735532010227,1.2763294680119124
2016-04-29,7.968,4,29,4,2,2016,17,0,0,0,0,0,482,-0.433883739117558,-0.9009688679024191,0.8660254037844387,-0.4999999999999998,4044.3619999999996,2719.59,2090.1055,25.99,152.916,329.96,0.0,0.0,0.0,571.224,2951.3524999999986,1421.9870714285712,1520.4088214285714,1274.7375952380953,1111.5581833333335,1572.6540441334612,1463.6659239692244,1287.2950628658775,920.946,0.0,4044.3619999999996,1057.836,0.0,4161.972,2093.579160323963,1616.5991121483444,1324.7719999999995,3151.272,0.48712195588305574,3.528504406050902
2016-04-30,1571.695,5,30,4,2,2016,17,1,0,1,0,0,483,-0.9749279121818236,-0.2225209339563146,0.8660254037844387,-0.4999999999999998,7.968,4044.3619999999996,2719.59,920.946,0.0,1194.726,4161.972,757.992,299.22,200.716,2257.306666666665,1401.2802142857142,1520.9779642857143,1275.1170238095237,1092.7829833333333,1592.9716249656224,1463.0306506061133,1299.4973007694703,920.946,0.0,4044.3619999999996,1057.836,0.0,4161.972,1572.1763702429723,1402.1149638618986,-4036.394,-144.948,-0.9980298499491391,-0.9478929608412462
2016-05-02,167.232,0,2,5,2,2016,18,0,0,0,0,0,485,0.0,1.0,0.49999999999999994,-0.8660254037844387,450.94,1571.695,7.968,2719.59,920.946,152.916,2006.96,1328.346,1484.598,299.22,676.8676666666648,1686.515214285714,1172.0891785714284,1327.2646904761905,1153.5136166666666,1398.3929383831226,1202.435030422462,1279.9894732231555,1571.695,7.968,4044.3619999999996,907.018,0.0,4044.3619999999996,1291.7770207616718,1294.8875506340485,-1120.7549999999999,424.95,-0.7130868266425738,16.35051943055021
2016-05-03,2198.76,1,3,5,2,2016,18,0,0,0,0,0,486,0.7818314824680298,0.6234898018587336,0.49999999999999994,-0.8660254037844387,167.232,450.94,1571.695,4044.3619999999996,2090.1055,0.0,329.96,0.0,2974.058,0.0,729.9556666666648,1578.8417857142854,1040.6800357142856,1271.9735476190476,1149.1140166666667,1492.9828729495805,1204.7030151840263,1283.249802928877,1571.695,7.968,4044.3619999999996,672.015,0.0,4044.3619999999996,1010.6407655712538,1144.5334772161755,-283.70799999999997,-753.714,-0.6291480019514791,-0.8184128059625646
2016-05-04,1121.362,2,4,5,2,2016,18,0,0,0,0,0,487,0.9749279121818236,-0.22252093395631434,0.49999999999999994,-0.8660254037844387,2198.76,167.232,450.94,7.968,2719.59,25.99,1194.726,3192.6780000000003,140.004,1484.598,938.9773333333314,1594.363857142857,1174.16575,1376.6764047619047,1222.4060166666666,1499.7337884589513,1223.286548730743,1278.13595135045,1571.695,7.968,4044.3619999999996,907.018,0.0,4044.3619999999996,1307.6705741784403,1285.0970135873522,2031.5280000000002,108.6545000000001,12.147962112514353,0.051985174911027165
2016-05-05,0.0,3,5,5,2,2016,18,0,0,0,0,0,488,0.43388373911755823,-0.900968867902419,0.49999999999999994,-0.8660254037844387,1121.362,2198.76,167.232,1571.695,4044.3619999999996,920.946,893.0899999999999,35.208,907.436,2974.058,1162.4513333333314,1366.045571428571,1168.9254642857143,1278.0423095238095,1210.2981499999999,1419.3837174764428,1223.3488340737642,1277.2867395789756,1121.362,7.968,4044.3619999999996,907.018,0.0,4044.3619999999996,1261.0934306338304,1263.265678442372,-1077.3980000000001,-1598.228,-0.4900025468900653,-0.5876724065024508
2016-05-06,0.0,4,6,5,2,2016,18,0,0,0,0,0,489,-0.433883739117558,-0.9009688679024191,0.49999999999999994,-0.8660254037844387,0.0,1121.362,2198.76,450.94,7.968,2090.1055,152.916,0.0,0.0,140.004,1106.7073333333315,788.2795714285712,1105.1333214285714,1276.365738095238,1111.1628833333334,860.6109826740791,1261.5283837966263,1250.8138014155045,450.94,0.0,2198.76,685.943,0.0,4044.3619999999996,945.8200729753728,1094.8302546500558,-1121.362,-4044.3619999999996,-1.0,-1.0
2016-05-09,48.81,0,9,5,2,2016,19,0,0,0,0,0,492,0.0,1.0,0.49999999999999994,-0.8660254037844387,3981.968,305.622,0.0,1121.362,167.232,7.968,920.946,2006.96,1328.346,757.992,1429.1966666666647,1110.7062857142853,1398.6107499999998,1151.6282142857144,1219.1678833333333,1496.3154526201567,1423.0850072181333,1350.955362093608,305.622,0.0,3981.968,1021.154,0.0,4044.3619999999996,1451.8139682864853,1278.9393331751621,3676.346,3531.028,12.029062043962803,7.830372111589124
2016-05-10,154.442,1,10,5,2,2016,19,0,0,0,0,0,493,0.7818314824680298,0.6234898018587336,0.49999999999999994,-0.8660254037844387,48.81,3981.968,305.622,0.0,2198.76,1571.695,2090.1055,329.96,0.0,169.54199999999997,1445.4666666666647,1093.7888571428568,1336.3153214285715,1058.3829761904763,1195.5284833333333,1509.3727284638594,1464.1009464044919,1365.430601065492,305.622,0.0,3981.968,786.1510000000001,0.0,4044.3619999999996,1101.062976214864,1114.9220887518072,-3933.158,-118.422,-0.987742242027058,-0.7081300229621126
2016-05-11,191.968,2,11,5,2,2016,19,0,0,0,0,0,494,0.9749279121818236,-0.22252093395631434,0.49999999999999994,-0.8660254037844387,154.442,48.81,3981.968,0.0,1121.362,450.94,2719.59,1194.726,3192.6780000000003,1328.346,1395.0733333333312,801.7434285714282,1198.0536428571427,1050.024976190476,1195.0251500000002,1456.8009338738004,1478.7647492299698,1365.8245742978272,154.442,0.0,3981.968,378.281,0.0,4044.3619999999996,864.407732161148,986.858076918233,105.632,-2044.3180000000002,2.164146691251793,-0.9297595008095472
2016-05-12,1060.35,3,12,5,2,2016,19,0,0,0,0,0,495,0.43388373911755823,-0.900968867902419,0.49999999999999994,-0.8660254037844387,191.968,154.442,48.81,305.622,0.0,167.232,4044.3619999999996,893.0899999999999,35.208,0.0,131.73999999999805,668.9728571428568,1017.5092142857142,1002.2745952380953,1157.1458833333336,1465.1443407413599,1432.2783021189168,1377.7058679226259,154.442,0.0,3981.968,248.79500000000002,0.0,4044.3619999999996,696.297799120861,880.8727333291353,37.52599999999998,-929.3940000000001,0.2429779464135402,-0.8288081814793082
2016-05-15,69.908,6,15,5,2,2016,19,1,0,0,0,0,498,-0.7818314824680299,0.6234898018587334,0.49999999999999994,-0.8660254037844387,3141.1994999999997,238.384,1060.35,154.442,3981.968,0.0,450.94,25.99,2745.106,0.0,1479.9778333333313,1259.5887857142855,932.9312499999999,1163.8901904761904,1197.5474666666667,1625.9105962807268,1276.9894111376066,1352.4435235377734,238.384,48.81,3981.968,272.003,0.0,3981.968,1272.8592277541131,1125.9808089256624,2902.8154999999997,2835.5775,12.177056765554735,9.278054263109329
2016-05-16,255.968,0,16,5,2,2016,20,0,0,0,0,0,499,0.0,1.0,0.49999999999999994,-0.8660254037844387,69.908,3141.1994999999997,238.384,191.968,48.81,0.0,167.232,920.946,2006.96,4161.972,1149.830499999998,700.7230714285712,905.7146785714285,1165.9815238095239,1199.8777333333335,1131.3109786056443,1292.0243094393165,1350.367625219673,191.968,48.81,3141.1994999999997,215.176,0.0,3981.968,972.1214208155849,985.1711010689074,-3071.2915,-3912.06,-0.9777448073578262,-0.9824438569069365
2016-05-17,47.368,1,17,5,2,2016,20,0,0,0,0,0,500,0.7818314824680298,0.6234898018587336,0.49999999999999994,-0.8660254037844387,255.968,69.908,3141.1994999999997,1060.35,154.442,305.622,2198.76,2090.1055,329.96,2745.106,1155.6918333333313,730.317071428571,912.0529642857142,1134.315904761905,1069.6776,1113.9922926792,1288.3352482955931,1238.5989007670985,238.384,69.908,3141.1994999999997,247.176,0.0,3981.968,793.0830656116887,887.9440209263864,186.06,207.158,2.66149796875894,4.244171276377791
2016-05-18,10.86,2,18,5,2,2016,20,0,0,0,0,0,501,0.9749279121818236,-0.22252093395631434,0.49999999999999994,-0.8660254037844387,47.368,255.968,69.908,238.384,191.968,3981.968,1121.362,2719.59,1194.726,2006.96,124.41466666666469,715.0207857142854,758.3821071428571,1037.0426904761905,979.7529999999999,1123.9085424437108,1250.8138610528786,1210.374029632181,238.384,47.368,3141.1994999999997,215.176,0.0,3981.968,606.6542992087665,775.8672181362016,-208.6,-107.07400000000001,-0.8149456182022753,-0.6932958651144119
2016-05-19,0.0,3,19,5,2,2016,20,0,0,0,0,0,502,0.43388373911755823,-0.900968867902419,0.49999999999999994,-0.8660254037844387,10.86,47.368,255.968,3141.1994999999997,1060.35,48.81,0.0,4044.3619999999996,893.0899999999999,329.96,104.73199999999802,689.148214285714,679.0605357142857,908.0555476190476,913.2163333333333,1139.9265280779923,1261.193184414001,1206.8188310867188,238.384,10.86,3141.1994999999997,173.20499999999998,0.0,3981.968,457.7057244065748,673.8662557180414,-36.508,-181.108,-0.7707312953892924,-0.9434280713452242
2016-05-20,169.54399999999998,4,20,5,2,2016,20,0,0,0,0,0,503,-0.433883739117558,-0.9009688679024191,0.49999999999999994,-0.8660254037844387,0.0,10.86,47.368,69.908,238.384,154.442,0.0,7.968,152.916,1194.726,19.409333333331364,537.6696428571424,679.0605357142857,715.4668809523808,902.2176666666667,1152.7582233363232,1261.193184414001,1213.8011829748032,69.908,0.0,3141.1994999999997,173.20499999999998,0.0,3981.968,343.2792933049311,584.0174216223025,-10.86,-1060.35,-1.0,-1.0
2016-05-22,3862.0980000000004,6,22,5,2,2016,20,1,0,0,0,0,505,-0.7818314824680299,0.6234898018587334,0.49999999999999994,-0.8660254037844387,72.332,169.54399999999998,0.0,47.368,69.908,1060.35,3981.968,450.94,25.99,152.916,80.62533333333135,89.42571428571402,674.5072499999998,651.7627380952381,840.6863333333333,91.98440995005423,1262.011948032689,1228.292610520012,69.908,0.0,255.968,161.993,0.0,3981.968,242.96710248402377,467.8979922407517,-97.21199999999999,-3068.8675,-0.5733732836313877,-0.9769731276221074
2016-05-23,1304.956,0,23,5,2,2016,21,0,0,0,0,0,506,0.0,1.0,0.49999999999999994,-0.8660254037844387,3862.0980000000004,72.332,169.54399999999998,10.86,255.968,238.384,48.81,167.232,920.946,0.0,1367.9913333333316,631.1671428571426,665.9451071428572,814.1988333333334,964.3257333333333,1427.646991629619,1238.024974065707,1338.4200511432812,72.332,0.0,3862.0980000000004,161.993,0.0,3862.0980000000004,1147.749826863018,920.4579932753181,3789.7660000000005,3792.1900000000005,52.394044129845724,54.24543685987298
2016-05-24,610.3069999999999,1,24,5,2,2016,21,0,0,0,0,0,507,0.7818314824680298,0.6234898018587336,0.49999999999999994,-0.8660254037844387,1304.956,3862.0980000000004,72.332,0.0,47.368,3141.1994999999997,154.442,2198.76,2090.1055,25.99,1746.461999999998,781.0225714285713,755.6698214285714,868.3761666666667,1007.8242666666666,1436.7252159661261,1235.3743659656636,1327.1569295289569,72.332,0.0,3862.0980000000004,180.75599999999997,0.0,3862.0980000000004,1187.0513701472635,971.7243941719423,-2557.1420000000007,1048.9879999999998,-0.6621121473354639,4.098121640205026
2016-05-25,1739.4180000000001,2,25,5,2,2016,21,0,0,0,0,0,508,0.9749279121818236,-0.22252093395631434,0.49999999999999994,-0.8660254037844387,610.3069999999999,1304.956,3862.0980000000004,169.54399999999998,10.86,69.908,191.968,1121.362,2719.59,920.946,1925.7869999999978,861.4424285714283,788.231607142857,792.7355476190476,1027.3015,1404.2019904170643,1224.2661661097902,1316.4956162931423,169.54399999999998,0.0,3862.0980000000004,215.176,0.0,3862.0980000000004,1042.8652776104475,923.5354082823501,-694.649,562.9389999999999,-0.5323160321114275,11.88437341665259
2016-05-26,982.5640000000001,3,26,5,2,2016,21,0,0,0,0,0,509,0.43388373911755823,-0.900968867902419,0.49999999999999994,-0.8660254037844387,1739.4180000000001,610.3069999999999,1304.956,72.332,0.0,255.968,1060.35,0.0,4044.3619999999996,2090.1055,1218.226999999998,1108.3792857142855,898.7637499999998,822.1667857142857,1054.5839,1381.4970946808148,1236.090041889046,1322.6818245460813,610.3069999999999,0.0,3862.0980000000004,247.176,0.0,3862.0980000000004,1217.0034582078356,1032.3197538447034,1129.1110000000003,1728.5580000000002,1.8500705382700846,159.16740331491715
2016-05-28,794.146,5,28,5,2,2016,21,1,0,0,0,0,511,-0.9749279121818236,-0.2225209339563146,0.49999999999999994,-0.8660254037844387,0.0,982.5640000000001,1739.4180000000001,1304.956,72.332,10.86,3141.1994999999997,305.622,1571.695,4044.3619999999996,907.3273333333315,1224.5249999999999,876.1801785714285,868.9555476190475,927.01285,1322.3208347105583,1246.7924592446398,1280.0819161239633,982.5640000000001,0.0,3862.0980000000004,212.75599999999997,0.0,3862.0980000000004,868.7951952419075,888.9275662211328,-982.5640000000001,-169.54399999999998,-1.0,-1.0
2016-05-30,681.1,0,30,5,2,2016,22,0,0,0,0,0,513,0.0,1.0,0.49999999999999994,-0.8660254037844387,1119.786,794.146,0.0,1739.4180000000001,1304.956,169.54399999999998,255.968,48.81,167.232,1571.695,637.9773333333313,935.8824285714284,783.5247857142857,755.9242142857144,855.7329166666666,550.734192291749,1051.5148200546166,1127.3949635092213,982.5640000000001,0.0,1739.4180000000001,433.13749999999993,0.0,3862.0980000000004,917.546172323573,908.7561541838732,325.6400000000001,-2742.3120000000004,0.41005054486202797,-0.7100575904599002
2016-05-31,5178.138,1,31,5,2,2016,22,0,0,1,0,0,514,0.7818314824680298,0.6234898018587336,0.49999999999999994,-0.8660254037844387,681.1,1119.786,794.146,982.5640000000001,610.3069999999999,72.332,47.368,154.442,2198.76,450.94,865.0106666666647,846.7601428571427,813.8913571428571,786.0332619047618,826.0464166666666,531.1855004705059,1041.1956622319901,1119.5907351222802,794.146,0.0,1739.4180000000001,645.7035,0.0,3862.0980000000004,858.4346292426798,878.40200029269,-438.68600000000004,-623.8559999999999,-0.39175878248165275,-0.47806669343640695
2016-06-01,834.1980000000001,2,1,6,2,2016,22,0,1,0,0,0,515,0.9749279121818236,-0.22252093395631434,1.2246467991473532e-16,-1.0,5178.138,681.1,1119.786,0.0,1739.4180000000001,3862.0980000000004,10.86,191.968,1121.362,167.232,2326.3413333333315,1499.3074285714283,1180.3749285714287,1025.2568809523812,983.6196833333335,1703.7774965934514,1536.0262688189687,1369.6983723563576,982.5640000000001,0.0,5178.138,737.623,0.0,5178.138,1938.3604719320097,1451.7001335869982,4497.038,4567.831,6.602610483042137,7.4844807613217625
2016-06-02,0.0,3,2,6,2,2016,22,0,0,0,0,0,516,0.43388373911755823,-0.900968867902419,1.2246467991473532e-16,-1.0,834.1980000000001,5178.138,681.1,794.146,982.5640000000001,1304.956,0.0,1060.35,0.0,2198.76,2231.1453333333316,1369.9902857142854,1239.1847857142857,1055.8392619047618,1005.8518833333334,1716.8189357449821,1503.2157833762315,1361.3779172573215,834.1980000000001,0.0,5178.138,814.172,0.0,5178.138,1662.3198539490072,1369.3665157753985,-4343.94,-905.22,-0.8389000061412036,-0.5204154493054574
2016-06-03,0.0,4,3,6,2,2016,22,0,0,0,0,0,517,-0.433883739117558,-0.9009688679024191,1.2246467991473532e-16,-1.0,0.0,834.1980000000001,5178.138,1119.786,0.0,610.3069999999999,169.54399999999998,238.384,0.0,1121.362,2004.111999999998,1229.6239999999998,1239.1847857142857,1005.3464047619048,932.5598833333333,1792.2824807921959,1503.2157833762315,1354.108714282223,794.146,0.0,5178.138,814.172,0.0,5178.138,1246.7398904617553,1186.784313672012,-834.1980000000001,-982.5640000000001,-1.0,-1.0
2016-06-06,0.0,0,6,6,2,2016,23,0,0,0,0,0,520,0.0,1.0,1.2246467991473532e-16,-1.0,1533.1979999999999,1192.31,0.0,834.1980000000001,681.1,0.0,1304.956,255.968,48.81,305.622,908.5026666666645,1345.5634285714282,1140.7229285714286,970.8710000000001,986.0314166666667,1782.8539537022039,1285.3821057421912,1346.9230303571328,834.1980000000001,0.0,5178.138,908.3810000000001,0.0,5178.138,1132.826016288553,1114.757077670344,340.8879999999999,413.4119999999998,0.28590551115062346,0.3691883984975699
2016-06-07,59.768,1,7,6,2,2016,23,0,0,0,0,0,521,0.7818314824680298,0.6234898018587336,1.2246467991473532e-16,-1.0,0.0,1533.1979999999999,1192.31,0.0,5178.138,794.146,610.3069999999999,47.368,154.442,3981.968,908.5026666666645,1248.2634285714282,1047.5117857142857,958.6820476190476,975.8440166666666,1842.7410554112712,1319.4209950635518,1353.3870069683155,834.1980000000001,0.0,5178.138,814.172,0.0,5178.138,849.6195122164148,966.1228006476315,-1533.1979999999999,-681.1,-1.0,-1.0
2016-06-09,797.116,3,9,6,2,2016,23,0,0,0,0,0,523,0.43388373911755823,-0.900968867902419,1.2246467991473532e-16,-1.0,145.504,59.768,0.0,1192.31,0.0,681.1,982.5640000000001,0.0,1060.35,154.442,68.42399999999787,418.6828571428569,894.3365714285713,965.684142857143,848.32715,654.4686810798756,1342.2778990803847,1235.4352176057344,59.768,0.0,1533.1979999999999,737.623,0.0,5178.138,525.4934756217333,751.9726280419989,85.73599999999999,-688.6940000000001,1.4344799892919284,-0.8255761821533977
2016-06-13,1128.898,0,13,6,2,2016,24,0,0,0,0,0,527,0.0,1.0,1.2246467991473532e-16,-1.0,174.476,3373.5640000000003,0.0,145.504,0.0,0.0,681.1,1304.956,255.968,3141.1994999999997,1182.679999999998,650.0611428571426,997.8122857142858,977.169,938.32755,1232.440468866455,1516.0144707094757,1316.259233926977,145.504,0.0,3373.5640000000003,427.788,0.0,5178.138,926.5024981459391,906.5220806618771,-3199.088,-1358.7219999999998,-0.9482814021017535,-0.8862012603721111
2016-06-15,734.144,2,15,6,2,2016,24,0,0,0,0,0,529,0.9749279121818236,-0.22252093395631434,1.2246467991473532e-16,-1.0,51.072,1128.898,174.476,0.0,145.504,1533.1979999999999,834.1980000000001,1739.4180000000001,10.86,255.968,451.48199999999787,810.0899999999998,663.5788571428571,942.1550476190477,870.6229666666667,1207.700270143752,946.7353410132735,1250.1425794879215,174.476,0.0,3373.5640000000003,159.99,0.0,3373.5640000000003,745.5940302070907,818.1588428082545,-1077.826,-8.695999999999998,-0.9547594202487736,-0.14549591754785163
2016-06-16,3443.904,3,16,6,2,2016,24,0,0,0,0,0,530,0.43388373911755823,-0.900968867902419,1.2246467991473532e-16,-1.0,734.144,51.072,1128.898,3373.5640000000003,797.116,0.0,0.0,982.5640000000001,0.0,47.368,638.0379999999977,894.1814285714283,656.4321428571428,894.2848571428573,886.5621666666667,1173.7286256511388,945.7254019710009,1245.0736252957772,734.144,0.0,3373.5640000000003,159.99,0.0,3373.5640000000003,742.731522655318,806.9568637671539,683.072,588.64,13.37468671679198,4.045524521662635
2016-06-17,0.0,4,17,6,2,2016,24,0,0,0,0,0,531,-0.433883739117558,-0.9009688679024191,1.2246467991473532e-16,-1.0,3443.904,734.144,51.072,174.476,0.0,59.768,0.0,0.0,169.54399999999998,10.86,1409.7066666666644,1272.2939999999996,902.4252857142856,1011.4915238095239,999.7800333333333,1514.1946702873538,1180.582463632022,1318.4008532149683,734.144,0.0,3443.904,454.31,0.0,3443.904,1418.0246419914884,1158.5498152648668,2709.76,2646.788,3.691046988056839,3.3204552411443258
2016-06-20,829.544,0,20,6,2,2016,25,0,0,0,0,0,534,0.0,1.0,1.2246467991473532e-16,-1.0,446.346,1883.087,0.0,734.144,1128.898,0.0,0.0,681.1,1304.956,72.332,776.4776666666645,1098.2072857142855,874.1342142857142,1031.2772857142857,1071.4143333333334,1223.3347812470895,1202.4227899922084,1308.7578345861266,734.144,0.0,3443.904,310.411,0.0,3443.904,1062.8944583401592,1031.2869849294555,-1436.741,271.87,-0.7629711213555189,1.5582085788303264
2016-06-21,107.976,1,21,6,2,2016,25,0,0,0,0,0,535,0.7818314824680298,0.6234898018587336,1.2246467991473532e-16,-1.0,829.544,446.346,1883.087,3443.904,51.072,3373.5640000000003,59.768,5178.138,610.3069999999999,3862.0980000000004,1052.992333333331,1055.4424285714283,933.387357142857,1038.3460476190476,1096.6547333333333,1227.308989358118,1176.1865344634643,1296.065510712959,734.144,0.0,3443.904,590.245,0.0,3443.904,1004.5568437551194,1004.3879202721947,383.198,-299.3539999999999,0.8585223122868806,-0.2651736472205637
2016-06-22,2018.953,2,22,6,2,2016,25,0,0,0,0,0,536,0.9749279121818236,-0.22252093395631434,1.2246467991473532e-16,-1.0,107.976,829.544,446.346,0.0,734.144,174.476,145.504,834.1980000000001,1739.4180000000001,1304.956,461.28866666666454,1063.5715714285711,936.8307857142856,796.909761904762,971.5173333333333,1219.7126865845273,1173.4996659110143,1197.3219620579175,734.144,0.0,3443.904,590.245,0.0,3443.904,780.4116328163396,884.8663309025687,-721.568,56.903999999999996,-0.8698369224537819,1.1141917293233083
2016-06-23,836.9580000000001,3,23,6,2,2016,25,0,0,0,0,0,537,0.43388373911755823,-0.900968867902419,1.2246467991473532e-16,-1.0,2018.953,107.976,829.544,1883.087,3443.904,1128.898,797.116,0.0,982.5640000000001,610.3069999999999,985.4909999999978,1247.115714285714,1070.6485714285714,853.3266666666667,995.3172333333333,1257.9484759913123,1183.0992111544442,1211.194389394733,829.544,0.0,3443.904,765.63,0.0,3443.904,1090.0469746122549,1036.0778867822262,1910.9769999999999,1284.809,17.69816440690524,1.7500776414436405
2016-06-24,0.0,4,24,6,2,2016,25,0,0,0,0,0,538,-0.433883739117558,-0.9009688679024191,1.2246467991473532e-16,-1.0,836.9580000000001,2018.953,107.976,446.346,0.0,51.072,0.0,0.0,0.0,1739.4180000000001,987.9623333333312,874.6948571428568,1073.4944285714287,893.1818095238095,1002.8722666666667,802.7116256772632,1182.438370342192,1209.4155902647506,829.544,0.0,2018.953,781.844,0.0,3443.904,1026.7747309591912,1009.528568544596,-1181.995,-2606.946,-0.5854494879276535,-0.7569740619947594
2016-06-27,0.0,0,27,6,2,2016,26,0,0,0,0,0,541,0.0,1.0,1.2246467991473532e-16,-1.0,1592.1960000000001,857.08,0.0,2018.953,829.544,0.0,1128.898,0.0,681.1,794.146,816.4253333333313,891.8152857142856,995.0112857142857,880.0279047619049,993.7820666666667,727.8741508055244,972.9884338131003,1206.892031309455,836.9580000000001,0.0,2018.953,833.251,0.0,3443.904,991.9220896234087,968.4988637311046,735.1160000000001,1145.8500000000001,0.8576982312036217,2.5671788253955454
2016-06-28,1126.156,1,28,6,2,2016,26,0,0,0,0,0,542,0.7818314824680298,0.6234898018587336,1.2246467991473532e-16,-1.0,0.0,1592.1960000000001,857.08,836.9580000000001,107.976,1883.087,51.072,59.768,5178.138,1119.786,816.4253333333313,773.3089999999999,914.3757142857141,880.0279047619049,967.3105333333333,803.321779550153,1007.2153872268489,1220.0591966490977,836.9580000000001,0.0,2018.953,781.844,0.0,3443.904,743.9415672175566,839.3656819002907,-1592.1960000000001,-829.544,-1.0,-1.0
2016-06-30,0.0,3,30,6,2,2016,26,0,0,1,0,1,544,0.43388373911755823,-0.900968867902419,1.2246467991473532e-16,-1.0,432.92600000000004,1126.156,0.0,857.08,836.9580000000001,829.544,3443.904,797.116,0.0,5178.138,519.6939999999978,692.1879999999999,969.6518571428571,944.4950476190477,959.2504000000001,587.6443920410463,986.2270173500686,1222.9341956308217,836.9580000000001,0.0,1592.1960000000001,833.251,0.0,3443.904,737.8528815598755,818.3139388495517,-693.2299999999999,-1586.027,-0.6155719101083685,-0.7855690548516978
2016-07-01,0.0,4,1,7,3,2016,26,0,1,0,1,0,545,-0.433883739117558,-0.9009688679024191,-0.4999999999999997,-0.8660254037844388,0.0,432.92600000000004,1126.156,1592.1960000000001,0.0,107.976,0.0,0.0,0.0,834.1980000000001,519.6939999999978,572.6225714285712,723.6587142857143,906.5371428571428,786.6458,636.402679318351,713.3611004757092,939.5312783819849,432.92600000000004,0.0,1592.1960000000001,637.9449999999999,0.0,2018.953,553.3896611699066,709.2054136696115,-432.92600000000004,-836.9580000000001,-1.0,-1.0
2016-07-04,1138.288,0,4,7,3,2016,27,0,0,0,0,0,548,0.0,1.0,-0.4999999999999997,-0.8660254037844388,823.982,1631.902,0.0,432.92600000000004,0.0,0.0,829.544,1128.898,0.0,1192.31,818.6279999999979,573.5665714285711,732.6909285714285,854.5297142857142,840.7019999999999,644.8323359237727,680.9577519759022,939.6618741649743,432.92600000000004,0.0,1631.902,826.7629999999999,0.0,2018.953,745.4383883060543,760.1060663206332,-807.9200000000001,-768.2140000000002,-0.4950787486013254,-0.4824870807362913
2016-07-06,1379.812,2,6,7,3,2016,27,0,0,0,0,0,550,0.9749279121818236,-0.22252093395631434,-0.4999999999999997,-0.8660254037844388,121.646,1138.288,823.982,0.0,432.92600000000004,1592.1960000000001,2018.953,734.144,145.504,0.0,694.6386666666646,592.6777142857139,755.7205,858.3375238095238,791.8495333333334,629.9609253209243,688.3064809932774,938.3917249261648,432.92600000000004,0.0,1631.902,830.47,0.0,2018.953,663.1495934221556,718.6790809252757,-1016.642,-1004.51,-0.8931324937098519,-0.8919812175222616
2016-07-07,0.0,3,7,7,3,2016,27,0,0,0,0,0,551,0.43388373911755823,-0.900968867902419,-0.4999999999999997,-0.8660254037844388,1379.812,121.646,1138.288,1631.902,0.0,0.0,836.9580000000001,3443.904,797.116,59.768,879.9153333333312,727.9471428571426,710.0675714285713,889.0836190476191,837.8432666666668,688.8492396713284,615.4117287201036,932.0352836017195,823.982,0.0,1631.902,830.47,0.0,1631.902,842.3151950666166,806.8301368019056,1258.166,946.8859999999999,10.342847278167797,2.1871774852977177
2016-07-10,43.286,6,10,7,3,2016,27,1,0,0,0,0,554,-0.7818314824680299,0.6234898018587334,-0.4999999999999997,-0.8660254037844388,1587.114,21.12,0.0,121.646,823.982,0.0,1592.1960000000001,446.346,174.476,0.0,536.0779999999978,724.5659999999997,703.9387142857142,711.9999523809523,858.0381333333333,675.4912406083623,686.6378636052459,947.2974211956365,823.982,0.0,1587.114,628.454,0.0,1631.902,756.0902229187288,739.2722697937146,1565.9940000000001,-44.78800000000001,74.14744318181818,-0.027445275512867795
2016-07-11,1941.952,0,11,7,3,2016,28,0,0,0,0,0,555,0.0,1.0,-0.4999999999999997,-0.8660254037844388,43.286,1587.114,21.12,1379.812,1138.288,0.0,0.0,829.544,1128.898,3373.5640000000003,550.5066666666645,613.0379999999997,593.3022857142857,692.8066190476189,859.481,719.3654531005946,656.6362625745811,945.9774887331007,121.646,0.0,1587.114,277.286,0.0,1631.902,577.8891671890467,646.4741004878861,-1543.828,-780.6959999999999,-0.9727265968292133,-0.9474672990429402
2016-07-12,2052.567,1,12,7,3,2016,28,0,0,0,0,0,556,0.7818314824680298,0.6234898018587336,-0.4999999999999997,-0.8660254037844388,1941.952,43.286,1587.114,0.0,121.646,1631.902,1126.156,107.976,51.072,174.476,1190.7839999999978,727.8471428571427,732.0131428571428,745.7784285714285,811.7606,866.2925614939604,723.3843525892054,845.5592294385133,121.646,0.0,1941.952,628.454,0.0,1941.952,918.904875391785,819.2044870895013,1898.666,803.664,43.86328143048561,0.706028702753609
2016-07-13,2033.2559999999999,2,13,7,3,2016,28,0,0,0,0,0,557,0.9749279121818236,-0.22252093395631434,-0.4999999999999997,-0.8660254037844388,2052.567,1941.952,43.286,21.12,1379.812,823.982,432.92600000000004,2018.953,734.144,1128.898,1345.934999999998,1003.6929999999999,798.1853571428571,838.378,874.3636333333333,944.9464824868616,800.4765508981438,866.0261318741603,1379.812,0.0,2052.567,628.454,0.0,2052.567,1202.3204065438388,983.6528221442345,110.61500000000001,1930.921,0.0569607281745379,15.873279844795555
2016-07-14,860.9159999999999,3,14,7,3,2016,28,0,0,0,0,0,558,0.43388373911755823,-0.900968867902419,-0.4999999999999997,-0.8660254037844388,2033.2559999999999,2052.567,1941.952,1587.114,0.0,1138.288,0.0,836.9580000000001,3443.904,51.072,2009.2583333333312,1097.0421428571426,912.4946428571428,839.0590952380951,904.5089,1017.7654575988694,856.6018609622226,890.5832693978673,1587.114,0.0,2052.567,981.135,0.0,2052.567,1410.0543049078792,1123.5999125250032,-19.31100000000015,653.444,-0.009408219073969382,0.4735746608958322
2016-07-16,3029.386,5,16,7,3,2016,28,1,0,0,0,0,560,-0.9749279121818236,-0.2225209339563146,-0.4999999999999997,-0.8660254037844388,0.0,860.9159999999999,2033.2559999999999,1941.952,1587.114,1379.812,1631.902,857.08,1883.087,3443.904,964.7239999999978,1217.0129999999995,973.9886428571427,840.1999523809524,907.0322333333334,914.0090455418335,815.9958729770854,891.791787311155,1587.114,0.0,2052.567,999.602,0.0,2052.567,954.5772965106821,943.4320054076691,-860.9159999999999,-21.12,-1.0,-1.0
2016-07-18,525.72,0,18,7,3,2016,29,0,0,0,0,0,562,0.0,1.0,-0.4999999999999997,-0.8660254037844388,448.082,3029.386,0.0,2033.2559999999999,1941.952,21.12,1138.288,0.0,829.544,1883.087,1159.1559999999977,1480.8798571428567,1046.9589285714285,889.1614761904762,908.1510333333333,1071.3259803521232,985.564238209416,841.1823085210382,1941.952,0.0,3029.386,999.602,0.0,3029.386,1216.9801042872587,1118.428910728427,-2581.304,404.796,-0.8520881789247062,9.351661045141615
2016-07-19,2.025,1,19,7,3,2016,29,0,0,0,0,0,563,0.7818314824680298,0.6234898018587336,-0.4999999999999997,-0.8660254037844388,525.72,448.082,3029.386,860.9159999999999,2052.567,1587.114,121.646,1126.156,107.976,446.346,1334.3959999999977,1278.5609999999997,1003.2040714285713,914.1957619047618,862.9054666666667,1102.99958666914,994.7525968154857,823.2480064995958,860.9159999999999,0.0,3029.386,693.318,0.0,3029.386,1044.165078215444,1039.4010559646367,77.63800000000003,-1416.232,0.17326739302181315,-0.7292827011172264
2016-07-20,2693.168,2,20,7,3,2016,29,0,0,0,0,0,564,0.9749279121818236,-0.22252093395631434,-0.4999999999999997,-0.8660254037844388,2.025,525.72,448.082,0.0,2033.2559999999999,43.286,1379.812,432.92600000000004,2018.953,829.544,325.2756666666644,985.6264285714282,994.6597142857141,860.6657142857142,848.0947666666667,1135.006076228043,1003.3834411838357,834.9146933410187,525.72,0.0,3029.386,693.318,0.0,3029.386,783.6300586615831,901.0842485026852,-523.695,-2050.542,-0.9961481396941337,-0.9990134304994672
2016-07-21,0.0,3,21,7,3,2016,29,0,0,0,0,0,565,0.43388373911755823,-0.900968867902419,-0.4999999999999997,-0.8660254037844388,2693.168,2.025,525.72,3029.386,860.9159999999999,1941.952,0.0,0.0,836.9580000000001,107.976,1073.6376666666645,1079.8995714285713,1088.470857142857,968.2962857142858,910.2155666666665,1257.3378808302002,1099.0030089080308,900.260021847809,525.72,0.0,3029.386,693.318,0.0,3029.386,1261.0145439961875,1140.0287487023272,2691.143,659.9120000000003,1328.9595061728396,0.32455922913789514
2016-07-22,0.0,4,22,7,3,2016,29,0,0,0,0,0,566,-0.433883739117558,-0.9009688679024191,-0.4999999999999997,-0.8660254037844388,0.0,2693.168,2.025,448.082,0.0,2052.567,21.12,0.0,0.0,2018.953,898.3976666666643,956.911571428571,1088.470857142857,968.2962857142858,906.6163666666666,1322.733169251674,1099.0030089080308,903.7868708450114,448.082,0.0,3029.386,693.318,0.0,3029.386,945.7609079971406,988.024915542017,-2693.168,-860.9159999999999,-1.0,-1.0
2016-07-25,2395.024,0,25,7,3,2016,30,0,0,0,0,0,569,0.0,1.0,-0.4999999999999997,-0.8660254037844388,525.95,208.272,0.0,2693.168,525.72,0.0,1941.952,1138.288,0.0,857.08,244.7406666666644,565.0192857142855,1022.9495714285714,886.3123809523809,835.8934,967.3686449271521,1089.7088799743888,889.1779437187829,208.272,0.0,2693.168,525.835,0.0,3029.386,569.5313830612936,737.3612798357959,317.67800000000005,77.86800000000005,1.525303449335485,0.17378069192692425
2016-07-26,958.857,1,26,7,3,2016,30,0,0,0,0,0,570,0.7818314824680298,0.6234898018587336,-0.4999999999999997,-0.8660254037844388,2395.024,525.95,208.272,0.0,2.025,3029.386,2052.567,121.646,1126.156,1592.1960000000001,1043.0819999999976,832.062714285714,1055.311857142857,946.1569523809524,887.1582,1187.644730996127,1125.2490694727842,933.6631973511007,208.272,0.0,2693.168,525.835,0.0,3029.386,1025.9045372959702,958.3829758576899,1869.0739999999998,1869.3039999999999,3.553710428747979,3.555702655405919
2016-07-27,29.97,2,27,7,3,2016,30,0,0,0,0,0,571,0.9749279121818236,-0.22252093395631434,-0.4999999999999997,-0.8660254037844388,958.857,2395.024,525.95,0.0,2693.168,448.082,2033.2559999999999,1379.812,432.92600000000004,0.0,1293.2769999999978,968.7529999999998,977.1897142857142,986.0241428571429,866.0468999999999,1129.846935552906,1088.038243077488,924.2848834119317,525.95,0.0,2693.168,525.835,0.0,3029.386,1009.1426529719777,958.4461790766645,-1436.167,956.832,-0.5996461830862655,472.5096296296296
2016-07-28,0.0,3,28,7,3,2016,30,0,0,0,0,0,572,0.43388373911755823,-0.900968867902419,-0.4999999999999997,-0.8660254037844388,29.97,958.857,2395.024,208.272,0.0,525.72,860.9159999999999,0.0,0.0,1126.156,1127.950333333331,588.2961428571426,834.0978571428569,921.7459523809523,867.0458999999998,871.1868412788573,1070.048493235048,923.3322567649019,208.272,0.0,2395.024,486.901,0.0,3029.386,764.3494897289833,834.649355199776,-928.887,-2663.1980000000003,-0.968744035867705,-0.9888718416378035
2016-08-01,1011.696,0,1,8,3,2016,31,0,1,0,0,0,576,0.0,1.0,-0.8660254037844384,-0.5000000000000004,3712.162,443.802,0.0,29.97,2395.024,0.0,525.72,1941.952,1138.288,1631.902,1385.3213333333313,1077.1164285714283,821.0678571428571,1041.0051904761904,953.6086333333333,1444.0852486657122,1210.370508965103,1058.9057611824921,443.802,0.0,3712.162,326.03700000000003,0.0,3712.162,1253.098330734561,1017.1210949898431,3268.3599999999997,3186.2119999999995,7.364455320165298,6.058013119117786
2016-08-02,1290.478,1,2,8,3,2016,31,0,0,0,0,0,577,0.7818314824680298,0.6234898018587336,-0.8660254037844384,-0.5000000000000004,1011.696,3712.162,443.802,0.0,958.857,208.272,2.025,2052.567,121.646,823.982,1722.5533333333312,879.4981428571426,855.7804285714285,996.7072857142857,932.9351,1323.2738309579393,1208.2153798111772,1051.232959554972,443.802,0.0,3712.162,326.03700000000003,0.0,3712.162,1192.7477480509208,1016.3977489911973,-2700.466,-1383.328,-0.7274644802678332,-0.5775841912231359
2016-08-03,0.0,2,3,8,3,2016,31,0,0,0,0,0,578,0.9749279121818236,-0.22252093395631434,-0.8660254037844384,-0.5000000000000004,1290.478,1011.696,3712.162,0.0,29.97,525.95,2693.168,2033.2559999999999,1379.812,1138.288,2004.7786666666645,926.8725714285712,947.8127857142856,960.4173333333333,948.4849666666667,1332.4925296589513,1187.067541733779,1053.0144498980178,443.802,0.0,3712.162,484.87600000000003,0.0,3712.162,1217.1803110381907,1052.9417824590378,278.78200000000004,331.6210000000001,0.2755590612199712,0.34585031970356384
2016-08-04,0.0,3,4,8,3,2016,31,0,0,0,0,0,579,0.43388373911755823,-0.900968867902419,-0.8660254037844384,-0.5000000000000004,0.0,1290.478,1011.696,443.802,0.0,2395.024,0.0,860.9159999999999,0.0,121.646,767.3913333333312,922.5911428571425,755.4436428571427,863.5956190476192,910.5420333333333,1335.8984664635886,1097.293291039759,1066.362687766524,443.802,0.0,3712.162,326.03700000000003,0.0,3712.162,912.885233278643,912.5495447978327,-1290.478,-29.97,-1.0,-1.0
2016-08-07,968.206,6,7,8,3,2016,31,1,0,0,0,0,582,-0.7818314824680299,0.6234898018587334,-0.8660254037844384,-0.5000000000000004,494.86920000000003,72.65,0.0,1290.478,3712.162,0.0,525.95,448.082,43.286,21.12,189.17306666666457,940.2650285714283,781.104157142857,705.3678666666667,879.4107399999999,1324.795220595205,1085.1259831891812,1066.4144413696567,494.86920000000003,0.0,3712.162,469.3356,0.0,3712.162,522.4626327894275,668.4136266432115,422.2192,51.067200000000014,5.8116889194769445,0.11506753011478099
2016-08-08,760.1120000000001,0,8,8,3,2016,32,0,0,0,0,0,583,0.0,1.0,-0.8660254037844384,-0.5000000000000004,968.206,494.86920000000003,72.65,0.0,1011.696,0.0,2395.024,525.72,1941.952,1587.114,511.9083999999978,548.271314285714,812.6938714285714,730.1356761904763,910.9802733333332,543.4839207165022,1083.562923064172,1054.0770697935666,494.86920000000003,0.0,1290.478,469.3356,0.0,3712.162,633.8984745920707,708.3859430907833,473.3368,-2743.9559999999997,0.9564887044899943,-0.7391800250096844
2016-08-09,4878.392000000001,1,9,8,3,2016,32,0,0,0,0,0,584,0.7818314824680298,0.6234898018587336,-0.8660254037844384,-0.5000000000000004,760.1120000000001,968.206,494.86920000000003,0.0,1290.478,443.802,958.857,2.025,2052.567,43.286,741.0623999999979,512.3307428571426,695.9144428571427,741.2972,883.41354,515.3187680999847,983.3805130735088,1046.5721102861514,494.86920000000003,0.0,1290.478,469.3356,0.0,3712.162,665.451855944053,715.2827506786788,-208.09399999999994,-251.58399999999995,-0.21492740181325043,-0.24867549145197765
2016-08-10,851.4739999999999,2,10,8,3,2016,32,0,0,0,0,0,585,0.9749279121818236,-0.22252093395631434,-0.8660254037844384,-0.5000000000000004,4878.392000000001,760.1120000000001,968.206,72.65,0.0,3712.162,29.97,2693.168,2033.2559999999999,1941.952,2202.2366666666644,1024.8898857142856,975.8812285714286,973.5051523809525,1044.58374,1742.186376337518,1490.9502428783608,1262.712541210687,494.86920000000003,0.0,4878.392000000001,469.3356,0.0,4878.392000000001,1718.68689195804,1270.3639839215216,4118.280000000001,3587.9140000000007,5.417991032900415,2.780298463050126
2016-08-13,586.896,5,13,8,3,2016,32,1,0,0,0,0,588,-0.9749279121818236,-0.2225209339563146,-0.8660254037844384,-0.5000000000000004,0.0,196.112,851.4739999999999,760.1120000000001,494.86920000000003,0.0,443.802,208.272,3029.386,860.9159999999999,349.19533333333123,1164.166457142857,1048.5680857142856,895.1441047619048,878.5774399999999,1675.0761301811801,1457.0935723746406,1238.2089555698192,760.1120000000001,0.0,4878.392000000001,627.4906000000001,0.0,4878.392000000001,881.5805637947981,934.8952784223949,-196.112,-72.65,-1.0,-1.0
2016-08-15,497.59000000000003,0,15,8,3,2016,33,0,0,0,0,0,590,0.0,1.0,-0.8660254037844384,-0.5000000000000004,0.0,586.896,0.0,851.4739999999999,760.1120000000001,72.65,1011.696,2395.024,525.72,3029.386,195.63199999999787,1038.9979999999998,793.6346571428572,888.128580952381,869.4434399999999,1728.5724193784768,1257.0682824282687,1239.353896596284,586.896,0.0,4878.392000000001,540.8826,0.0,4878.392000000001,605.9320671345739,770.02932468171,-586.896,-968.206,-1.0,-1.0
2016-08-17,381.64,2,17,8,3,2016,33,0,0,0,0,0,592,0.9749279121818236,-0.22252093395631434,-0.8660254037844384,-0.5000000000000004,3378.9320000000002,497.59000000000003,0.0,0.0,851.4739999999999,968.206,0.0,29.97,2693.168,525.72,1292.173999999998,787.2862857142854,906.0880857142856,913.0162476190476,882.7452400000001,1185.6049231681397,1436.9526669038037,1261.2466014545464,497.59000000000003,0.0,3378.9320000000002,496.2296,0.0,4878.392000000001,1278.8679127631979,1086.4011372053733,2881.342,-1499.4600000000005,5.7905946662915255,-0.3073676736104848
2016-08-18,0.0,3,18,8,3,2016,33,0,0,0,0,0,593,0.43388373911755823,-0.900968867902419,-0.8660254037844384,-0.5000000000000004,381.64,3378.9320000000002,497.59000000000003,586.896,196.112,760.1120000000001,0.0,0.0,0.0,2.025,1419.3873333333313,720.1671428571426,933.3480857142857,929.7624380952382,877.9425733333334,1194.630221318617,1421.9833180651215,1262.9261885233277,381.64,0.0,3378.9320000000002,496.2296,0.0,4878.392000000001,1054.5609345723985,992.4329855779902,-2997.2920000000004,-469.83399999999995,-0.8870530688395032,-0.5517890152840839
2016-08-19,0.0,4,19,8,3,2016,33,0,0,0,0,0,594,-0.433883739117558,-0.9009688679024191,-0.8660254037844384,-0.5000000000000004,0.0,381.64,3378.9320000000002,0.0,0.0,4878.392000000001,72.65,0.0,0.0,2693.168,1253.5239999999978,692.1511428571426,933.3480857142857,929.7624380952382,877.8750733333333,1211.1537778244488,1421.9833180651215,1262.9746714662508,381.64,0.0,3378.9320000000002,496.2296,0.0,4878.392000000001,790.9207009292988,860.1085875009248,-381.64,-196.112,-1.0,-1.0
2016-08-23,1202.278,1,23,8,3,2016,34,0,0,0,0,0,598,0.7818314824680298,0.6234898018587336,-0.8660254037844384,-0.5000000000000004,66.632,2827.52,0.0,0.0,3378.9320000000002,586.896,4878.392000000001,1290.478,958.857,525.95,964.7173333333312,950.6748571428568,976.0848571428571,821.5001523809524,877.63214,1485.2418959001604,1553.6056267484503,1272.7057493764464,66.632,0.0,3378.9320000000002,288.876,0.0,4878.392000000001,797.070253028411,820.8655677553367,-2760.888,-430.958,-0.9764344726120416,-0.8660905564822444
2016-08-24,7194.775000000001,2,24,8,3,2016,34,0,0,0,0,0,599,0.9749279121818236,-0.22252093395631434,-0.8660254037844384,-0.5000000000000004,1202.278,66.632,2827.52,0.0,381.64,0.0,851.4739999999999,0.0,29.97,2395.024,1365.4766666666646,639.7242857142854,713.5052857142856,817.3001523809525,900.1764066666667,1058.7493030756602,1082.5847142932053,1272.251399717541,66.632,0.0,2827.52,288.876,0.0,3378.9320000000002,898.3721897713083,871.7205587212918,1135.646,-2176.6540000000005,17.043552647376636,-0.6441840202762293
2016-08-25,178.52599999999998,3,25,8,3,2016,34,0,0,0,0,0,600,0.43388373911755823,-0.900968867902419,-0.8660254037844384,-0.5000000000000004,7194.775000000001,1202.278,66.632,0.0,0.0,497.59000000000003,196.112,0.0,0.0,958.857,2821.228333333331,1613.0292857142854,1166.5982142857142,1159.908485714286,1060.1681066666667,2676.9548784557805,2044.6850903552254,1697.4582103458636,66.632,0.0,7194.775000000001,288.876,0.0,7194.775000000001,2472.472892328481,1714.7944842251195,5992.497,6813.135,4.984285664380452,17.852256052824654
2016-08-29,246.5,0,29,8,3,2016,35,0,0,0,0,0,604,0.0,1.0,-0.8660254037844384,-0.5000000000000004,6491.293,639.9739999999999,0.0,7194.775000000001,66.632,0.0,497.59000000000003,760.1120000000001,1011.696,443.802,2377.088999999998,2253.354,1632.797142857143,1434.8640952380952,1270.8669733333334,3168.853442317421,2453.787451630702,1951.861989297007,639.9739999999999,0.0,7194.775000000001,439.615,0.0,7194.775000000001,2543.9531651508087,1922.385464848467,5851.3189999999995,3663.7729999999997,9.143057374205828,1.2957549371887729
2016-08-30,0.0,1,30,8,3,2016,35,0,0,0,0,0,605,0.7818314824680298,0.6234898018587336,-0.8660254037844384,-0.5000000000000004,246.5,6491.293,639.9739999999999,178.52599999999998,1202.278,0.0,3378.9320000000002,4878.392000000001,1290.478,3712.162,2459.2556666666646,2279.049428571428,1614.8621428571428,1410.406380952381,1264.2902399999998,3148.832612255096,2463.620980512749,1955.0746097052747,639.9739999999999,0.0,7194.775000000001,314.07,0.0,7194.775000000001,1969.5898738631065,1698.934069535338,-6244.793,179.868,-0.9620260555177528,2.6994237003241683
2016-08-31,2601.797,2,31,8,3,2016,35,0,0,1,0,0,606,0.9749279121818236,-0.22252093395631434,-0.8660254037844384,-0.5000000000000004,0.0,246.5,6491.293,0.0,7194.775000000001,2827.52,381.64,851.4739999999999,0.0,1011.696,2245.930999999998,2107.295428571428,1373.509857142857,1178.102,1140.5515066666667,3248.564155974131,2442.931603960445,1911.798220034256,246.5,0.0,7194.775000000001,212.51299999999998,0.0,7194.775000000001,1477.1924053973298,1472.4095269306263,-246.5,-1202.278,-1.0,-1.0
2016-09-02,0.0,4,2,9,3,2016,35,0,0,0,0,0,608,-0.433883739117558,-0.9009688679024191,-1.0,-1.8369701987210297e-16,2367.564,2601.797,0.0,6491.293,0.0,1202.278,0.0,0.0,72.65,0.0,1656.4536666666647,1763.875428571428,1701.2042142857142,1364.8531904761905,1229.45774,2352.4145401836067,2413.201196629624,1941.9043922936723,639.9739999999999,0.0,6491.293,443.23699999999997,0.0,7194.775000000001,1910.6486655359981,1722.270453561226,-234.23300000000017,2189.038,-0.0900273926059566,12.26173218466778
2016-09-05,934.1030000000001,0,5,9,3,2016,36,0,0,0,0,0,611,0.0,1.0,-1.0,-1.8369701987210297e-16,1071.284,1874.898,0.0,2601.797,246.5,0.0,66.632,497.59000000000003,760.1120000000001,494.86920000000003,982.0606666666648,1166.0061428571425,1709.6800714285714,1477.200142857143,1325.2421399999998,1124.0825011315255,2352.891844549841,1917.9316214884855,1071.284,0.0,2601.797,855.629,0.0,7194.775000000001,1425.4192807729992,1480.6270241404488,-803.6139999999998,-5420.009,-0.42861745012261987,-0.8349660075427191
2016-09-06,919.674,1,6,9,3,2016,36,0,0,0,0,0,612,0.7818314824680298,0.6234898018587336,-1.0,-1.8369701987210297e-16,934.1030000000001,1071.284,1874.898,2367.564,0.0,639.9739999999999,1202.278,3378.9320000000002,4878.392000000001,968.206,1293.4283333333315,1264.2351428571426,1771.6422857142857,1497.9864761904762,1339.8832666666667,1058.4669560208795,2317.4499052365386,1913.044415784033,1071.284,0.0,2601.797,1002.6935000000001,0.0,7194.775000000001,1302.5902105797493,1407.7571542550559,-137.18100000000004,687.6030000000001,-0.12805287860175274,2.7894645030425966
2016-09-08,89.64,3,8,9,3,2016,36,0,0,0,0,0,614,0.43388373911755823,-0.900968867902419,-1.0,-1.8369701987210297e-16,2922.667,919.674,934.1030000000001,1874.898,2367.564,246.5,178.52599999999998,0.0,196.112,4878.392000000001,1592.147999999998,1441.455714285714,1446.3057142857142,1501.8802380952382,1410.3507,998.6674666108181,1768.3502125054065,1931.5079052511435,1071.284,0.0,2922.667,926.8885,0.0,6491.293,1635.8126184511088,1553.3444136404644,2002.993,320.8699999999999,2.177938051961891,0.12332630101426045
2016-09-09,0.0,4,9,9,3,2016,36,0,0,0,0,0,615,-0.433883739117558,-0.9009688679024191,-1.0,-1.8369701987210297e-16,89.64,2922.667,919.674,1071.284,0.0,0.0,0.0,0.0,0.0,851.4739999999999,1310.6603333333314,1116.0379999999998,1439.9567142857143,1506.1488095238096,1250.7256333333332,1017.5520134392622,1773.4044677710224,1830.2395009163445,934.1030000000001,0.0,2922.667,926.8885,0.0,6491.293,1249.2694638383316,1358.1838251550691,-2833.027,-2277.924,-0.9693293830600612,-0.9621382991125055
2016-09-12,707.824,0,12,9,3,2016,37,0,0,0,0,0,618,0.0,1.0,-1.0,-1.8369701987210297e-16,1962.13,1415.726,0.0,2922.667,934.1030000000001,0.0,246.5,66.632,497.59000000000003,586.896,1125.9519999999982,1177.705714285714,1171.8559285714286,1532.3552857142856,1328.4013,1033.897593342881,1037.5827417283576,1821.5588864423728,934.1030000000001,0.0,2922.667,1002.6935000000001,0.0,2922.667,1283.016680056796,1309.3397048490926,546.404,890.846,0.3859532141106401,0.8315684729726196
2016-09-13,2109.42,1,13,9,3,2016,37,0,0,0,0,0,619,0.7818314824680298,0.6234898018587336,-1.0,-1.8369701987210297e-16,707.824,1962.13,1415.726,89.64,919.674,1874.898,0.0,1202.278,3378.9320000000002,0.0,1361.8933333333316,1145.3801428571428,1204.8076428571428,1562.888238095238,1332.4322333333332,1046.2470506654277,1012.967989344384,1819.994554266002,919.674,0.0,2922.667,1002.6935000000001,0.0,2922.667,1139.218510042597,1229.1376108692136,-1254.306,-226.2790000000001,-0.639257337689144,-0.24224202256068128
2016-09-14,3262.42,2,14,9,3,2016,37,0,0,0,0,0,620,0.9749279121818236,-0.22252093395631434,-1.0,-1.8369701987210297e-16,2109.42,707.824,1962.13,0.0,2922.667,1071.284,2601.797,7194.775000000001,381.64,497.59000000000003,1593.1246666666648,1315.3438571428571,1355.4805,1606.0854761904761,1402.746233333333,1098.788217399562,976.1889649498254,1807.4466436959342,1415.726,0.0,2922.667,1243.505,0.0,2922.667,1381.7688825319478,1346.508596086652,1401.596,1189.746,1.9801476073148132,1.2936605797271645
2016-09-15,2535.85,3,15,9,3,2016,37,0,0,0,0,0,621,0.43388373911755823,-0.900968867902419,-1.0,-1.8369701987210297e-16,3262.42,2109.42,707.824,1415.726,89.64,934.1030000000001,2367.564,178.52599999999998,0.0,3378.9320000000002,2026.554666666665,1363.8799999999997,1402.667857142857,1418.830476190476,1494.9072333333336,1185.6883233345786,1053.9385481946267,1830.0490566109786,1415.726,0.0,3262.42,1243.505,0.0,3262.42,1851.931661898961,1601.9634499417652,1153.0,339.75300000000016,0.5465957466981446,0.11624759166884235
2016-09-16,31.12,4,16,9,3,2016,37,0,0,0,0,0,622,-0.433883739117558,-0.9009688679024191,-1.0,-1.8369701987210297e-16,2535.85,3262.42,2109.42,1962.13,0.0,919.674,0.0,0.0,0.0,381.64,2635.896666666665,1713.3385714285712,1414.688285714286,1531.084,1466.8045,1105.299194173046,1066.6726971275214,1806.4408381649962,1962.13,0.0,3262.42,1243.505,0.0,3262.42,2022.9112464242207,1726.4816566161967,-726.5700000000002,2446.21,-0.22270890933724052,27.289268183846495
2016-09-18,3924.32,6,18,9,3,2016,37,1,0,0,0,0,624,-0.7818314824680299,0.6234898018587334,-1.0,-1.8369701987210297e-16,11525.006,31.12,2535.85,2109.42,1962.13,89.64,1071.284,6491.293,2827.52,0.0,4697.325333333331,3161.9671428571423,2106.2045714285714,2050.9007619047616,1839.2873666666667,3845.2355678608883,2909.086574680544,2562.130255497756,2109.42,31.12,11525.006,1243.505,0.0,11525.006,4024.974076113624,2837.043110969499,11493.885999999999,10109.279999999999,369.3408097686375,7.140703780251263
2016-09-19,500.38,0,19,9,3,2016,38,0,0,0,0,0,625,0.0,1.0,-1.0,-1.8369701987210297e-16,3924.32,11525.006,31.12,3262.42,707.824,0.0,934.1030000000001,246.5,66.632,0.0,5160.148666666664,3442.2799999999997,2309.9928571428572,1928.6639523809524,1970.0980333333332,3814.5896471816345,2930.86058369509,2565.1636506740615,2535.85,31.12,11525.006,1688.928,0.0,11525.006,3999.810557085218,2982.0133628402327,-7600.686,1962.19,-0.6594951881153033,1.000030579013623
2016-09-20,1836.052,1,20,9,3,2016,38,0,0,0,0,0,626,0.7818314824680298,0.6234898018587336,-1.0,-1.8369701987210297e-16,500.38,3924.32,11525.006,2535.85,2109.42,1415.726,919.674,0.0,1202.278,2827.52,5316.568666666665,3412.645142857142,2279.0126428571425,1940.753476190476,1986.7773666666667,3840.09425837159,2948.760598259433,2553.512191953453,2535.85,31.12,11525.006,1688.928,0.0,11525.006,3124.9529178139132,2651.1289144615353,-3423.94,-207.44399999999996,-0.8724925592204509,-0.29307285426885776
2016-09-21,6982.058,2,21,9,3,2016,38,0,0,0,0,0,627,0.9749279121818236,-0.22252093395631434,-1.0,-1.8369701987210297e-16,1836.052,500.38,3924.32,31.12,3262.42,1962.13,2922.667,2601.797,7194.775000000001,66.632,2086.9173333333315,3373.592571428571,2344.468214285714,2028.1845238095239,1953.7284333333334,3856.9097716706992,2926.3509489771945,2548.6670885535937,2535.85,31.12,11525.006,1899.091,0.0,11525.006,2802.727688360435,2542.4519925333307,1335.672,-273.36800000000017,2.669315320356529,-0.1295939168112562
2016-09-22,1783.504,3,22,9,3,2016,38,0,0,0,0,0,628,0.43388373911755823,-0.900968867902419,-1.0,-1.8369701987210297e-16,6982.058,1836.052,500.38,11525.006,2535.85,707.824,89.64,2367.564,178.52599999999998,1202.278,3106.1633333333316,3904.969428571428,2634.424714285714,2236.768380952381,2184.2426333333333,4088.3299723982973,3178.3131323417088,2681.3807258399734,2535.85,31.12,11525.006,1899.091,0.0,11525.006,3847.560266270326,3134.3994601955533,5146.006,3719.638,2.802756131089969,1.1401468848278271
2016-09-23,0.0,4,23,9,3,2016,38,0,0,0,0,0,629,-0.433883739117558,-0.9009688679024191,-1.0,-1.8369701987210297e-16,1783.504,6982.058,1836.052,3924.32,31.12,2109.42,0.0,0.0,0.0,7194.775000000001,3533.871333333331,3797.4914285714285,2755.415,2208.956,2203.6168333333335,4139.885640344944,3105.3918680556753,2676.1356044750755,1836.052,31.12,11525.006,1899.091,0.0,11525.006,3331.546199702744,2954.280065502813,-5198.554,-752.346,-0.7445589824662012,-0.2966839521265059
2016-09-24,4180.614,5,24,9,3,2016,38,1,0,0,0,0,630,-0.9749279121818236,-0.2225209339563146,-1.0,-1.8369701987210297e-16,0.0,1783.504,6982.058,500.38,11525.006,3262.42,1415.726,1874.898,639.9739999999999,178.52599999999998,2921.853999999998,3793.0457142857144,2755.415,2208.956,1963.791,4144.618353002909,3105.3918680556753,2531.921212930131,1836.052,0.0,11525.006,1899.091,0.0,11525.006,2498.659649777058,2560.3760567691047,-1783.504,-31.12,-1.0,-1.0
2016-09-26,3722.273,0,26,9,3,2016,39,0,0,0,0,0,632,0.0,1.0,-1.0,-1.8369701987210297e-16,3033.757,4180.614,0.0,6982.058,500.38,31.12,707.824,934.1030000000001,246.5,639.9739999999999,2404.790333333331,2616.6235714285713,3029.4517857142855,2412.203095238095,2198.3191666666667,2391.1527929236545,3088.417755422252,2513.9164886128015,1836.052,0.0,6982.058,2322.635,0.0,11525.006,2947.8004279995953,2810.7210115287944,-1146.8569999999995,-890.5630000000001,-0.27432740740953354,-0.22693434786154032
2016-09-27,2382.958,1,27,9,3,2016,39,0,0,0,0,0,633,0.7818314824680298,0.6234898018587336,-1.0,-1.8369701987210297e-16,3722.273,3033.757,4180.614,1783.504,1836.052,11525.006,2109.42,919.674,0.0,6491.293,3645.5479999999984,3076.894,3244.7695714285715,2544.9730952380955,2301.0624666666668,2219.8611746385495,3018.3948382164417,2511.015849499351,3033.757,0.0,6982.058,2784.8035,0.0,11525.006,3141.4185709996964,2932.261276658289,688.5160000000001,3221.893,0.22695159829874312,6.438892441744275
2016-09-28,1058.364,2,28,9,3,2016,39,0,0,0,0,0,634,0.9749279121818236,-0.22252093395631434,-1.0,-1.8369701987210297e-16,2382.958,3722.273,3033.757,0.0,6982.058,3924.32,3262.42,2922.667,2601.797,246.5,3046.3293333333313,3155.023428571428,3264.308,2614.6532857142856,2164.1179666666667,2178.1425824876405,3011.357376339705,2383.3971580003845,3033.757,0.0,6982.058,2784.8035,0.0,11525.006,2951.8034282497724,2859.020839770517,-1339.315,546.9060000000002,-0.35981106168193466,0.29787064854372325
2016-09-29,0.0,3,29,9,3,2016,39,0,0,0,0,0,635,0.43388373911755823,-0.900968867902419,-1.0,-1.8369701987210297e-16,1058.364,2382.958,3722.273,4180.614,1783.504,500.38,2535.85,89.64,2367.564,0.0,2387.8649999999984,2308.781428571428,3106.8754285714285,2525.8769523809524,2191.1801,1483.3935838944628,3068.534445820144,2365.4141633932827,2382.958,0.0,4180.614,2459.404,0.0,11525.006,2478.4435711873293,2618.9332611344485,-1324.594,-5923.6939999999995,-0.555861244721896,-0.8484166129814448
2016-09-30,0.0,4,30,9,3,2016,39,0,0,1,0,1,636,-0.433883739117558,-0.9009688679024191,-1.0,-1.8369701987210297e-16,0.0,1058.364,2382.958,3033.757,0.0,1836.052,31.12,0.0,0.0,2601.797,1147.1073333333316,2053.9951428571426,2925.743285714286,2521.608380952381,2191.1801,1722.5408605056218,3177.735385356673,2365.4141633932827,2382.958,0.0,4180.614,2109.505,0.0,11525.006,1858.832678390497,2269.7421596498552,-1058.364,-1783.504,-1.0,-1.0
2016-10-03,275.218,0,3,10,4,2016,40,0,0,0,0,0,639,0.0,1.0,-0.8660254037844386,0.5000000000000001,1269.266,1158.414,0.0,1058.364,3722.273,0.0,500.38,707.824,934.1030000000001,1874.898,809.226666666665,1370.1821428571425,1993.402857142857,2476.3619047619045,2106.4574000000002,1320.6756424086288,1965.2447843492637,2376.3331401519563,1158.414,0.0,3722.273,1526.385,0.0,6982.058,1318.714161195991,1780.6147214076243,110.85200000000009,-1764.491,0.0956929042639334,-0.5816190947396248
2016-10-04,505.58,1,4,10,4,2016,40,0,0,0,0,0,640,0.7818314824680298,0.6234898018587336,-0.8660254037844386,0.5000000000000001,275.218,1269.266,1158.414,0.0,2382.958,4180.614,1836.052,2109.42,919.674,1071.284,900.9659999999982,877.745714285714,1977.3198571428568,2455.761619047619,2053.1347333333333,859.6767353010497,1979.2743907859417,2399.542595619078,1058.364,0.0,2382.958,1526.385,0.0,6982.058,1057.8401208969933,1579.8951585532743,-994.048,-3447.0550000000003,-0.7831675944994981,-0.9260618444697635
2016-10-05,851.092,2,5,10,4,2016,40,0,0,0,0,0,641,0.9749279121818236,-0.22252093395631434,-0.8660254037844386,0.5000000000000001,505.58,275.218,1269.266,0.0,1058.364,3033.757,6982.058,3262.42,2922.667,934.1030000000001,683.3546666666649,609.548857142857,1882.2861428571427,2379.3882857142853,2034.2779333333335,548.2701508475919,2018.1384107828333,2409.725716259353,505.58,0.0,1269.266,1213.8400000000001,0.0,6982.058,919.7750906727449,1436.6531374128379,230.36199999999997,-1877.3780000000002,0.8370164742131689,-0.7878351192089832
2016-10-06,0.0,3,6,10,4,2016,40,0,0,0,0,0,642,0.43388373911755823,-0.900968867902419,-0.8660254037844386,0.5000000000000001,851.092,505.58,275.218,1158.414,0.0,3722.273,1783.504,2535.85,89.64,919.674,543.9633333333314,579.9385714285712,1444.36,2264.563142857143,2031.5109,525.0986612255998,1395.549311726666,2411.07986377221,505.58,0.0,1269.266,1108.3890000000001,0.0,4180.614,902.6043180045586,1358.578319091126,345.512,-207.27200000000005,0.6833972862850588,-0.1958418842666606
2016-10-10,1855.008,0,10,10,4,2016,41,0,0,0,0,0,646,0.0,1.0,-0.8660254037844386,0.5000000000000001,2133.5350000000003,222.12,0.0,851.092,275.218,0.0,3722.273,500.38,707.824,1415.726,785.2183333333315,569.6492857142855,969.9157142857141,1518.8183333333334,1978.9667000000002,751.1680244802333,1112.641013171843,2421.976879857076,275.218,0.0,2133.5350000000003,678.336,0.0,3722.273,860.62089749363,1076.604812277761,1911.4150000000004,864.2690000000002,8.605325949936972,0.6809203114240829
2016-10-11,1011.8955,1,11,10,4,2016,41,0,0,0,0,0,647,0.7818314824680298,0.6234898018587336,-0.8660254037844386,0.5000000000000001,1855.008,2133.5350000000003,222.12,0.0,505.58,1158.414,2382.958,1836.052,2109.42,1962.13,1403.5543333333317,795.3335714285713,836.5396428571428,1583.3244285714286,1993.6094333333333,875.0660804251214,834.4726372656976,2419.781135545323,505.58,0.0,2133.5350000000003,678.336,0.0,2382.958,1109.2176731202226,1180.3919039740597,-278.52700000000027,1579.79,-0.1305471904609018,5.74014054313308
2016-10-12,2390.758,2,12,10,4,2016,41,0,0,0,0,0,648,0.9749279121818236,-0.22252093395631434,-0.8660254037844386,0.5000000000000001,1011.8955,1855.008,2133.5350000000003,0.0,851.092,1269.266,1058.364,6982.058,3262.42,707.824,1666.8128333333316,867.6643571428569,738.606607142857,1544.078880952381,1961.93495,868.021083603403,710.2300385213263,2426.4175002469437,851.092,0.0,2133.5350000000003,678.336,0.0,2133.5350000000003,1084.8871298401668,1157.9257167775186,-843.1125000000001,506.3155,-0.45450612611913266,1.0014547648245578
2016-10-13,371.65999999999997,3,13,10,4,2016,41,0,0,0,0,0,649,0.43388373911755823,-0.900968867902419,-0.8660254037844386,0.5000000000000001,2390.758,1011.8955,1855.008,222.12,0.0,275.218,0.0,1783.504,2535.85,2109.42,1752.5538333333316,1087.6166428571426,833.777607142857,1325.4455476190476,2018.0327499999999,1040.9651095205002,834.7317102054669,2415.854533742991,1011.8955,0.0,2390.758,678.336,0.0,2390.758,1411.3548473801252,1322.303354540516,1378.8624999999997,1539.6659999999997,1.3626530605186007,1.8090476705221055
2016-10-17,77.88,0,17,10,4,2016,42,0,0,0,0,0,653,0.0,1.0,-0.8660254037844386,0.5000000000000001,824.97,3219.554,0.0,2390.758,1855.008,0.0,275.218,3722.273,500.38,11525.006,1348.174666666665,1381.9779285714283,975.813607142857,1107.269785714286,1900.6118833333335,1154.4049439396636,1026.2327460401007,2440.44833454448,1011.8955,0.0,3219.554,665.275,0.0,3219.554,1295.668885303868,1260.2927120796382,-2394.584,-1308.5650000000003,-0.743762645385044,-0.6133318647221631
2016-10-18,378.494,1,18,10,4,2016,42,0,0,0,0,0,654,0.7818314824680298,0.6234898018587336,-0.8660254037844386,0.5000000000000001,77.88,824.97,3219.554,371.65999999999997,1011.8955,222.12,505.58,2382.958,1836.052,3924.32,1374.134666666665,1128.1024999999997,961.7180357142855,933.7272619047619,1519.0410166666666,1226.2170467034175,1037.8849203955876,1650.9490870277616,824.97,0.0,3219.554,665.275,0.0,3219.554,991.221663977901,1102.6376838023532,-747.09,-1777.1280000000002,-0.9055965671478963,-0.9580163535682865
2016-10-19,2135.09,2,19,10,4,2016,42,0,0,0,0,0,655,0.9749279121818236,-0.22252093395631434,-0.8660254037844386,0.5000000000000001,378.494,77.88,824.97,0.0,2390.758,2133.5350000000003,851.092,1058.364,6982.058,500.38,427.11466666666485,1037.6165714285712,952.6404642857142,838.2765952380954,1400.8468166666669,1259.1494740030878,1042.725760088072,1598.9192275746457,378.494,0.0,3219.554,601.732,0.0,3219.554,838.0397479834259,1006.0851926287062,300.61400000000003,-633.4014999999999,3.8599640472521832,-0.625955446980444
2016-10-20,720.086,3,20,10,4,2016,42,0,0,0,0,0,656,0.43388373911755823,-0.900968867902419,-0.8660254037844386,0.5000000000000001,2135.09,378.494,77.88,3219.554,371.65999999999997,1855.008,0.0,0.0,1783.504,1836.052,863.8213333333315,1001.0925714285713,1044.354607142857,889.549261904762,1455.3371499999998,1216.3375744398645,1088.5669894823293,1595.0238876654578,378.494,0.0,3219.554,601.732,0.0,3219.554,1162.3023109875694,1156.6191669448788,1756.596,-255.66799999999967,4.641014124398273,-0.1069401419968059
2016-10-21,0.0,4,21,10,4,2016,42,0,0,0,0,0,657,-0.433883739117558,-0.9009688679024191,-0.8660254037844386,0.5000000000000001,720.086,2135.09,378.494,824.97,0.0,1011.8955,0.0,0.0,0.0,6982.058,1077.8899999999983,1050.867714285714,1095.7893214285714,923.8390714285715,1418.1382833333334,1193.1959148474064,1051.8171581427289,1598.8473504437259,720.086,0.0,3219.554,772.528,0.0,3219.554,1051.748233240677,1098.4147446855616,-1415.0040000000001,348.42600000000004,-0.6627374021704003,0.9374858741860843
2016-10-24,831.145,0,24,10,4,2016,43,0,0,0,0,0,660,0.0,1.0,-0.8660254037844386,0.5000000000000001,2262.296,15.128,0.0,2135.09,77.88,0.0,1855.008,275.218,3722.273,4180.614,759.1413333333315,798.4248571428569,1090.2013928571428,916.6840238095238,1201.8670166666668,990.142450896726,1076.6781799401158,1236.237621009228,378.494,0.0,2262.296,772.528,0.0,3219.554,1012.1167858984106,1018.4149078738308,2247.1679999999997,1437.3259999999998,148.54362771020624,1.7422766888492913
2016-10-25,1425.412,1,25,10,4,2016,43,0,0,0,0,0,661,0.7818314824680298,0.6234898018587336,-0.8660254037844386,0.5000000000000001,831.145,2262.296,15.128,720.086,378.494,3219.554,1011.8955,505.58,2382.958,3033.757,1036.1896666666648,906.0341428571427,1017.0683214285713,943.1567380952381,1090.21805,938.3602583226992,1055.2932353509723,1101.8911123773562,720.086,0.0,2262.296,772.528,0.0,3219.554,966.8738394238079,993.4455868239867,-1431.1509999999998,753.265,-0.6326099679263898,9.672123780174628
2016-10-26,1395.333,2,26,10,4,2016,43,0,0,0,0,0,662,0.9749279121818236,-0.22252093395631434,-0.8660254037844386,0.5000000000000001,1425.412,831.145,2262.296,0.0,2135.09,824.97,2390.758,851.092,1058.364,3722.273,1506.2843333333315,1055.5938571428571,1046.605214285714,986.958261904762,1036.60655,923.57979673304,1060.909383961208,1041.5429904636019,831.145,0.0,2262.296,772.528,0.0,3219.554,1081.5083795678559,1051.0411085807884,594.267,1046.9180000000001,0.7149979847078429,2.766009500811109
2016-10-27,0.0,3,27,10,4,2016,43,0,0,0,0,0,663,0.43388373911755823,-0.900968867902419,-0.8660254037844386,0.5000000000000001,1395.333,1425.412,831.145,15.128,720.086,77.88,371.65999999999997,0.0,0.0,2382.958,1217.296666666665,949.9142857142855,975.5034285714285,1012.8745,959.0418833333333,815.468311833271,995.2178437539504,913.404663283866,831.145,0.0,2262.296,772.528,0.0,3219.554,1159.964534675892,1096.94669410335,-30.07899999999995,-739.7570000000001,-0.02110196911489448,-0.34647579258953953
2016-10-28,104.51,4,28,10,4,2016,43,0,0,0,0,0,664,-0.433883739117558,-0.9009688679024191,-0.8660254037844386,0.5000000000000001,0.0,1395.333,1425.412,2262.296,0.0,378.494,0.0,0.0,0.0,1058.364,940.2483333333315,847.0448571428569,948.9562857142856,1012.8745,879.60995,891.1951413292016,1017.2767105838865,888.5842197882671,831.145,0.0,2262.296,772.528,0.0,3219.554,869.9734010069191,950.68713488957,-1395.333,-720.086,-1.0,-1.0
2016-10-30,2122.044,6,30,10,4,2016,43,1,0,0,0,0,666,-0.7818314824680299,0.6234898018587334,-0.8660254037844386,0.5000000000000001,244.24,104.51,0.0,1425.412,2262.296,720.086,824.97,2133.5350000000003,1269.266,0.0,116.24999999999818,894.7051428571425,743.8988571428571,1018.9045,855.95615,842.0840439438191,785.3454727781946,892.1090608628516,831.145,0.0,2262.296,549.29,0.0,2262.296,570.015663066392,758.7137146503882,139.73000000000002,229.11200000000002,1.3370012439001053,15.144896879957695
2016-10-31,3211.009,0,31,10,4,2016,44,0,0,1,0,0,667,0.0,1.0,-0.8660254037844386,0.5000000000000001,2122.044,244.24,104.51,1395.333,831.145,0.0,77.88,1855.008,275.218,1158.414,823.5979999999981,874.6691428571427,836.5469999999999,1018.3573095238095,926.6909499999999,804.9719509635781,867.8229905609504,905.9213993650425,831.145,0.0,2122.044,549.29,0.0,2262.296,958.022747299794,940.4910860303364,1877.8039999999999,-140.25199999999995,7.688355715689484,-0.0619954241177989
2016-11-01,3106.1059999999998,1,1,11,4,2016,44,0,1,0,0,0,668,0.7818314824680298,0.6234898018587336,-0.5000000000000004,0.8660254037844384,3211.009,2122.044,244.24,0.0,1425.412,15.128,378.494,1011.8955,505.58,1269.266,1859.0976666666647,1214.649714285714,1060.3419285714283,1082.9287857142856,995.1107833333334,1192.7112744673539,1043.3611901370612,996.9624391439482,1395.333,0.0,3211.009,775.6155,0.0,3211.009,1521.2693104748455,1243.2268078929583,1088.9650000000001,2379.864,0.5131679644719904,2.8633559727845324
2016-11-02,5528.551,2,2,11,4,2016,44,0,0,0,0,0,669,0.9749279121818236,-0.22252093395631434,-0.5000000000000004,0.8660254037844384,3106.1059999999998,3211.009,2122.044,104.51,1395.333,2262.296,2135.09,2390.758,851.092,275.218,2813.052999999998,1454.7488571428569,1255.171357142857,1182.6530952380951,1056.3387833333334,1394.3346117015021,1154.944167848726,1068.236747769921,1395.333,0.0,3211.009,1113.239,0.0,3211.009,1917.4784828561342,1491.6107001738972,-104.90300000000025,1680.6939999999997,-0.032669793202074526,1.1790934831473283
2016-11-03,2800.846,3,3,11,4,2016,44,0,0,0,0,0,670,0.43388373911755823,-0.900968867902419,-0.5000000000000004,0.8660254037844384,5528.551,3106.1059999999998,3211.009,244.24,0.0,831.145,720.086,371.65999999999997,0.0,505.58,3948.5553333333314,2045.2085714285713,1497.5614285714287,1332.0718095238096,1231.4498833333334,2074.3211336097224,1617.3488254352806,1333.4344849213528,2122.044,0.0,5528.551,1113.239,0.0,5528.551,2820.2466121421007,2029.8694068173775,2422.4450000000006,4133.218000000001,0.7798977240313114,2.962173187332343
2016-11-05,834.874,5,5,11,4,2016,44,1,0,0,0,0,672,-0.9749279121818236,-0.2225209339563146,-0.5000000000000004,0.8660254037844384,0.0,2800.846,5528.551,3211.009,244.24,1395.333,15.128,3219.554,222.12,0.0,2776.465666666665,2430.3994285714284,1646.1871428571428,1447.7473333333332,1279.5890166666666,1896.616372884773,1635.9060555031353,1374.669499292029,2800.846,0.0,5528.551,1410.3725,0.0,5528.551,2111.5473443299315,1848.3107811206082,-2800.846,-104.51,-1.0,-1.0
2016-11-07,3073.073,0,7,11,4,2016,45,0,0,0,0,0,674,0.0,1.0,-0.5000000000000004,0.8660254037844384,11.481,834.874,0.0,5528.551,3211.009,104.51,831.145,77.88,1855.008,222.12,282.1183333333315,2213.266714285714,1543.9679285714283,1295.4535714285714,1307.80085,2032.050988776088,1639.294371667859,1355.8184548757013,2800.846,0.0,5528.551,1115.1035000000002,0.0,5528.551,1347.1545061855863,1486.2918933750348,-823.393,-2110.5629999999996,-0.9862482242829457,-0.9945896503559776
2016-11-08,12196.997,1,8,11,4,2016,45,0,0,0,0,0,675,0.7818314824680298,0.6234898018587336,-0.5000000000000004,0.8660254037844384,3073.073,11.481,834.874,2800.846,3106.1059999999998,244.24,1425.412,378.494,1011.8955,2133.5350000000003,1306.475999999998,2193.5615714285714,1704.1056428571426,1438.0818095238096,1402.8326166666666,2021.4040688583082,1673.452144686437,1376.8482067701577,2800.846,0.0,5528.551,1410.3725,0.0,5528.551,1778.6341296391897,1697.8627075916968,3061.5919999999996,-137.93600000000015,266.6659698632523,-0.04295721376053452
2016-11-09,4620.2919999999995,2,9,11,4,2016,45,0,0,0,0,0,676,0.9749279121818236,-0.22252093395631434,-0.5000000000000004,0.8660254037844384,12196.997,3073.073,11.481,0.0,5528.551,2122.044,1395.333,2135.09,2390.758,1855.008,5093.850333333331,3492.2602857142856,2473.504571428571,2000.8676666666665,1738.28135,4319.454075143664,3259.7923479812393,2403.8754753641874,2800.846,0.0,12196.997,1758.6885,0.0,12196.997,4383.224847229392,3097.7472799128036,9123.923999999999,9090.891,2.968990323366871,2.9267806700737196
2016-11-10,3536.904,3,10,11,4,2016,45,0,0,0,0,0,677,0.43388373911755823,-0.900968867902419,-0.5000000000000004,0.8660254037844384,4620.2919999999995,12196.997,3073.073,834.874,2800.846,3211.009,0.0,720.086,371.65999999999997,1011.8955,6630.120666666665,3362.5089999999996,2703.8587857142857,2119.2106190476193,1830.4574833333331,4261.342295294365,3291.5341221537096,2460.8476870005957,2800.846,0.0,12196.997,2461.4449999999997,0.0,12196.997,4442.491635422044,3300.7532425910963,-7576.705,-908.2590000000009,-0.6211942988917682,-0.16428518069201148
2016-11-11,542.178,4,11,11,4,2016,45,0,0,0,0,0,678,-0.433883739117558,-0.9009688679024191,-0.5000000000000004,0.8660254037844384,3536.904,4620.2919999999995,12196.997,11.481,0.0,3106.1059999999998,104.51,0.0,0.0,2390.758,6784.730999999997,3467.660142857142,2956.4947857142856,2253.344809523809,1914.6244333333332,4254.2484627435415,3202.5725491325366,2475.0253398172367,3073.073,0.0,12196.997,2936.9595,0.0,12196.997,4216.094726566533,3332.2400102456168,-1083.3879999999995,736.058,-0.23448474685149756,0.2627984544669717
2016-11-13,2867.9132,6,13,11,4,2016,45,1,0,0,0,0,680,-0.7818314824680299,0.6234898018587334,-0.5000000000000004,0.8660254037844384,1127.992,542.178,3536.904,12196.997,11.481,2800.846,2122.044,2262.296,824.97,0.0,1735.6913333333316,3586.9881428571425,3050.8819285714285,2332.1563333333334,1878.2161666666664,4154.683476550745,3124.242699651095,2474.0163707165984,3073.073,11.481,12196.997,2936.9595,0.0,12196.997,2755.2096586936746,2715.933109917819,585.814,293.11799999999994,1.0804827934737298,0.35109250018565663
2016-11-14,2512.71,0,14,11,4,2016,46,0,0,0,0,0,681,0.0,1.0,-0.5000000000000004,0.8660254037844384,2867.9132,1127.992,542.178,4620.2919999999995,3073.073,0.0,3211.009,831.145,77.88,3219.554,1512.6943999999983,3995.049885714285,3104.1582999999996,2360.9952476190474,1973.8132733333332,3875.8995834274824,3113.526349232515,2454.268576481335,3073.073,542.178,12196.997,2970.4930999999997,0.0,12196.997,2783.385544020256,2736.197121928776,1739.9212,2856.4321999999997,1.5424942730090283,248.79646372267223
2016-11-15,702.17,1,15,11,4,2016,46,0,0,0,0,0,682,0.7818314824680298,0.6234898018587336,-0.5000000000000004,0.8660254037844384,2512.71,2867.9132,1127.992,3536.904,12196.997,834.874,3106.1059999999998,1425.412,378.494,824.97,2169.538399999998,3914.9980285714278,3054.2798,2441.0697714285716,1950.2518066666667,3903.8019405242176,3117.2740331227496,2445.2732627931405,2867.9132,542.178,12196.997,2834.3796,0.0,12196.997,2715.7166580151916,2706.39883900494,-355.2031999999999,-560.3629999999998,-0.1238542365926556,-0.18234614016653683
2016-11-16,4072.334,2,16,11,4,2016,46,0,0,0,0,0,683,0.9749279121818236,-0.22252093395631434,-0.5000000000000004,0.8660254037844384,702.17,2512.71,2867.9132,542.178,4620.2919999999995,11.481,5528.551,1395.333,2135.09,77.88,2027.5977333333315,2272.8798857142856,2882.570085714286,2406.6296761904764,1946.1584733333332,1543.4220937994655,3179.7813369558594,2447.3238371499156,2512.71,542.178,4620.2919999999995,2656.7780000000002,0.0,12196.997,2212.3299935113937,2439.1683271376146,-1810.54,-11494.827,-0.7205527100222469,-0.9424309114776367
2016-11-17,3885.986,3,17,11,4,2016,46,0,0,0,0,0,684,0.43388373911755823,-0.900968867902419,-0.5000000000000004,0.8660254037844384,4072.334,702.17,2512.71,1127.992,3536.904,3073.073,2800.846,0.0,720.086,378.494,2429.0713333333315,2194.6001714285712,2778.5545857142856,2534.1059142857143,2079.30694,1412.8993852603141,3109.612585252567,2450.831860491372,2512.71,542.178,4072.334,2656.7780000000002,0.0,12196.997,2677.330995133545,2656.9237501859325,3370.1639999999998,-547.9579999999996,4.799641112551091,-0.11859813189296253
2016-11-18,0.0,4,18,11,4,2016,46,0,0,0,0,0,685,-0.433883739117558,-0.9009688679024191,-0.5000000000000004,0.8660254037844384,3885.986,4072.334,702.17,2867.9132,542.178,12196.997,0.0,104.51,0.0,2135.09,2886.829999999998,2244.469028571428,2856.0645857142854,2719.152866666667,2196.2233399999996,1473.0527355189656,3123.703101023761,2450.5591809083417,2512.71,542.178,4072.334,2690.3116,0.0,12196.997,2979.4947463501585,2820.798716827808,-186.34799999999996,349.0819999999999,-0.045759507938199606,0.09869705256348493
2016-11-19,1040.784,5,19,11,4,2016,46,1,0,0,0,0,686,-0.9749279121818236,-0.2225209339563146,-0.5000000000000004,0.8660254037844384,0.0,3885.986,4072.334,2512.71,1127.992,4620.2919999999995,834.874,244.24,15.128,720.086,2652.7733333333313,2167.0150285714285,2856.0645857142854,2714.1762,2125.0536733333333,1587.3016300821678,3123.703101023761,2483.182570712282,2512.71,0.0,4072.334,2690.3116,0.0,12196.997,2234.6210597626186,2444.692221250767,-3885.986,-542.178,-1.0,-1.0
2016-11-21,3613.5748,0,21,11,4,2016,47,0,0,0,0,0,688,0.0,1.0,-0.5000000000000004,0.8660254037844384,2861.15,1040.784,0.0,4072.334,2512.71,542.178,3073.073,3211.009,831.145,15.128,1300.644666666665,2153.5905714285714,3074.3202285714287,2787.3023904761903,2231.1152733333333,1596.6261232405832,3003.834456810158,2447.4469038257066,2512.71,0.0,4072.334,2864.5316000000003,0.0,12196.997,2167.408846116473,2337.990530628354,1820.366,-6.76319999999987,1.749033420959584,-0.0023582303676414895
2016-11-22,614.499,1,22,11,4,2016,47,0,0,0,0,0,689,0.7818314824680298,0.6234898018587336,-0.5000000000000004,0.8660254037844384,3613.5748,2861.15,1040.784,3885.986,702.17,1127.992,12196.997,3106.1059999999998,1425.412,2262.296,2505.169599999998,2310.856971428571,3112.9274999999993,2806.4721904761905,2351.0634999999997,1689.4154809776985,3007.2886511643796,2423.1559750216948,2861.15,0.0,4072.334,2864.5316000000003,0.0,12196.997,2528.9503345873545,2508.06843321124,752.4247999999998,1100.8647999999998,0.26297985075930996,0.438118525416781
2016-11-23,3450.1879999999996,2,23,11,4,2016,47,0,0,0,0,0,690,0.9749279121818236,-0.22252093395631434,-0.5000000000000004,0.8660254037844384,614.499,3613.5748,2861.15,0.0,4072.334,2867.9132,4620.2919999999995,5528.551,1395.333,831.145,2363.0745999999986,2298.3325428571425,2285.6062142857145,2687.8242380952383,2296.136933333333,1703.5945610292467,1561.7688334835098,2443.8249433683286,2861.15,0.0,4072.334,2686.9300000000003,0.0,4620.2919999999995,2050.337500940516,2255.5925087830747,-2999.0757999999996,-87.67099999999994,-0.8299470651610699,-0.12485722830653534
2016-11-24,1218.7640000000001,3,24,11,4,2016,47,0,0,0,0,0,691,0.43388373911755823,-0.900968867902419,-0.5000000000000004,0.8660254037844384,3450.1879999999996,614.499,3613.5748,1040.784,3885.986,2512.71,3536.904,2800.846,0.0,1425.412,2559.420599999998,2209.4545428571428,2202.027357142857,2588.854571428571,2383.4383666666668,1609.2338395557158,1454.8666770180646,2436.455286660127,2861.15,0.0,3885.986,2686.9300000000003,0.0,4072.334,2400.300125705387,2414.871907611998,2835.6889999999994,-622.1460000000002,4.6146356625478635,-0.1527738147214841
2016-11-25,13.12,4,25,11,4,2016,47,0,0,0,0,0,692,-0.433883739117558,-0.9009688679024191,-0.5000000000000004,0.8660254037844384,1218.7640000000001,3450.1879999999996,614.499,2861.15,0.0,702.17,542.178,0.0,104.51,1395.333,1761.1503333333312,1828.4228285714282,2036.4459285714286,2513.517333333333,2376.5501,1454.4308827455407,1422.8182182311032,2439.54733624442,1218.7640000000001,0.0,3613.5748,1865.737,0.0,4072.334,2104.9160942790404,2255.3908532637315,-2231.4239999999995,-2667.2219999999998,-0.646754321793479,-0.6863694310787531
2016-11-27,3109.7835,6,27,11,4,2016,47,1,0,0,0,0,694,-0.7818314824680299,0.6234898018587334,-0.5000000000000004,0.8660254037844384,1484.0819999999999,13.12,1218.7640000000001,614.499,2861.15,3885.986,2867.9132,11.481,2122.044,104.51,905.321999999998,1893.6253999999997,2024.0910714285712,2545.0567619047615,2379.9457333333335,1420.8474894808217,1458.5568054887024,2437.9296108034055,1484.0819999999999,13.12,3613.5748,1998.396,0.0,4072.334,1557.4958030319603,1893.4428186736475,1470.962,443.2979999999998,112.11600609756097,0.42592699349720964
2016-11-28,1864.482,0,28,11,4,2016,48,0,0,0,0,0,695,0.0,1.0,-0.5000000000000004,0.8660254037844384,3109.7835,1484.0819999999999,13.12,3450.1879999999996,3613.5748,0.0,2512.71,3073.073,3211.009,244.24,1535.661833333331,1929.1444714285713,2041.367521428571,2692.5949761904762,2480.1215166666666,1451.8351015024707,1470.7025275104304,2402.6962052851536,1484.0819999999999,13.12,3613.5748,1998.396,0.0,4072.334,1945.5677272739704,2055.6215761838275,1625.7015000000001,248.6334999999999,1.0954256570728576,0.08689984796323147
2016-11-29,2760.168,1,29,11,4,2016,48,0,0,0,0,0,696,0.7818314824680298,0.6234898018587336,-0.5000000000000004,0.8660254037844384,1864.482,3109.7835,1484.0819999999999,1218.7640000000001,614.499,1040.784,702.17,12196.997,3106.1059999999998,2122.044,2152.782499999998,1679.2740714285712,1995.0655214285714,2635.0430238095237,2534.1295833333334,1250.1186715371605,1464.9144769014695,2368.6738783097126,1484.0819999999999,13.12,3450.1879999999996,1674.282,0.0,4072.334,1925.2962954554778,2030.1362993593173,-1245.3015,-1749.0928,-0.4004463654784971,-0.4840339267364826
2016-11-30,1798.3970000000002,2,30,11,4,2016,48,0,0,1,0,0,697,0.9749279121818236,-0.22252093395631434,-0.5000000000000004,0.8660254037844384,2760.168,1864.482,3109.7835,13.12,3450.1879999999996,2861.15,4072.334,4620.2919999999995,5528.551,3211.009,2578.144499999998,1985.798214285714,2142.0653785714285,2185.6702142857143,2555.4003833333336,1207.867717547589,1427.9879627171874,2367.710721362954,1864.482,13.12,3450.1879999999996,2312.325,0.0,4072.334,2134.0142215916085,2127.4738594447417,895.6860000000001,2145.669,0.4803940182849715,3.4917371712565846
2016-12-01,7130.594,3,1,12,4,2016,48,0,1,0,0,0,698,0.43388373911755823,-0.900968867902419,-2.4492935982947064e-16,1.0,1798.3970000000002,2760.168,1864.482,1484.0819999999999,1218.7640000000001,3613.5748,3885.986,3536.904,2800.846,3106.1059999999998,2141.015666666665,1749.8280714285713,1979.6413071428572,2051.2942619047617,2508.3133166666667,1020.9942010064677,1316.5156220257923,2368.26928986613,1798.3970000000002,13.12,3109.7835,1831.4395,0.0,3885.986,2050.1099161937063,2083.5969448521096,-961.771,-1651.7909999999995,-0.34844654383356377,-0.4787539113810608
2016-12-02,0.0,4,2,12,4,2016,48,0,0,0,0,0,699,-0.433883739117558,-0.9009688679024191,-2.4492935982947064e-16,1.0,7130.594,1798.3970000000002,2760.168,3109.7835,13.12,614.499,0.0,542.178,0.0,5528.551,3896.3863333333315,2594.3752142857143,2211.3990214285714,2222.422357142857,2642.4629166666664,2233.546087334695,1853.8520105596344,2512.8670438244544,1864.482,13.12,7130.594,1831.4395,0.0,7130.594,3320.2309371452798,2756.529885538495,5332.197,5911.83,2.964972139077189,4.850676587099717
2016-12-03,1972.645,5,3,12,4,2016,48,1,0,0,0,0,700,-0.9749279121818236,-0.2225209339563146,-2.4492935982947064e-16,1.0,0.0,7130.594,1798.3970000000002,1864.482,1484.0819999999999,3450.1879999999996,1040.784,1127.992,834.874,2800.846,2976.3303333333315,2592.5009285714286,2211.3990214285714,2196.604357142857,2458.1778833333333,2236.0772357741075,1853.8520105596344,2496.5824865625345,1864.482,0.0,7130.594,1831.4395,0.0,7130.594,2490.17320285896,2388.9925674666956,-7130.594,-13.12,-1.0,-1.0
2016-12-05,897.322,0,5,12,4,2016,49,0,0,0,0,0,702,0.0,1.0,-2.4492935982947064e-16,1.0,5185.814,1972.645,0.0,1798.3970000000002,1864.482,13.12,3613.5748,2512.71,3073.073,834.874,2386.152999999998,2958.871428571428,2444.0079499999997,2347.2021571428572,2603.43165,2403.9542876234686,1981.2992997129936,2502.6711286945756,1972.645,0.0,7130.594,1918.5635,0.0,7130.594,3067.046864108165,2713.7908173416513,3213.1690000000003,2076.0305000000003,1.6288632774777017,0.667580395870002
2016-12-06,6061.502,1,6,12,4,2016,49,0,0,0,0,0,703,0.7818314824680298,0.6234898018587336,-2.4492935982947064e-16,1.0,897.322,5185.814,1972.645,7130.594,2760.168,1484.0819999999999,614.499,702.17,12196.997,11.481,2685.2603333333313,2820.7057142857143,2249.989892857143,2270.278919047619,2605.5132500000004,2503.0863207496886,1990.9305635596097,2501.174927759523,1972.645,0.0,7130.594,1831.4395,0.0,7130.594,2524.615648081124,2471.594975029431,-4288.492,-967.16,-0.8269660269342479,-0.5187285262072789
2016-12-07,1338.298,2,7,12,4,2016,49,0,0,0,0,0,704,0.9749279121818236,-0.22252093395631434,-2.4492935982947064e-16,1.0,6061.502,897.322,5185.814,0.0,1798.3970000000002,3109.7835,3450.1879999999996,4072.334,4620.2919999999995,3073.073,4048.212666666665,3292.3248571428567,2639.0615357142856,2525.4852047619047,2807.1806166666665,2784.922806052522,2170.8378087082733,2528.5621352383414,1972.645,0.0,7130.594,1918.5635,0.0,7130.594,3408.837236060843,2950.249245025507,5164.18,3301.3340000000003,5.7551024047109065,1.1960627034296465
2016-12-08,2672.728,3,8,12,4,2016,49,0,0,0,0,0,705,0.43388373911755823,-0.900968867902419,-2.4492935982947064e-16,1.0,1338.298,6061.502,897.322,1972.645,7130.594,1864.482,1218.7640000000001,3885.986,3536.904,12196.997,2765.707333333332,3226.5964285714285,2488.21225,2395.2930142857144,2749.3547833333337,2831.1048828404896,2183.477480976293,2542.071991255744,1972.645,0.0,7130.594,1831.4395,0.0,7130.594,2891.2024270456327,2735.3224123554396,-4723.204000000001,-460.09900000000016,-0.7792134688728966,-0.2558383938585308
2016-12-09,34.02,4,9,12,4,2016,49,0,0,0,0,0,706,-0.433883739117558,-0.9009688679024191,-2.4492935982947064e-16,1.0,2672.728,1338.298,6061.502,5185.814,0.0,2760.168,13.12,0.0,542.178,4620.2919999999995,3357.5093333333316,2589.758428571429,2592.0668214285715,2337.518823809524,2431.87915,2247.87172960705,2152.8158166166922,1811.133909728178,1972.645,0.0,6061.502,1918.5635,0.0,7130.594,2836.583820284224,2726.976490708048,1334.43,-4457.866,0.9971097618019304,-0.6251745646996589
2016-12-11,1590.894,6,11,12,4,2016,49,1,0,0,0,0,708,-0.7818314824680299,0.6234898018587334,-2.4492935982947064e-16,1.0,3080.38,34.02,2672.728,6061.502,5185.814,7130.594,3109.7835,2861.15,2867.9132,542.178,1929.0426666666647,2752.8662857142854,2707.580964285714,2436.2624428571426,2263.78595,2229.206338764063,2129.7644183822013,1804.5762378482575,2672.728,34.02,6061.502,2322.6865,0.0,7130.594,2372.0521489098765,2462.9108752429343,3046.36,1107.7350000000001,89.5461493239271,0.5615480737791139
2016-12-12,1448.854,0,12,12,4,2016,50,0,0,0,0,0,709,0.0,1.0,-2.4492935982947064e-16,1.0,1590.894,3080.38,34.02,1338.298,897.322,0.0,1864.482,3613.5748,2512.71,1127.992,1568.4313333333314,2239.3062857142854,2599.0888571428573,2375.7740619047618,2298.7431500000002,1974.8798825006736,2146.3222495448754,1780.0673758645996,1590.894,34.02,6061.502,1918.5635,0.0,7130.594,2176.762611682407,2346.6419585438766,-1489.486,-3594.92,-0.48353969315474066,-0.693221931985991
2016-12-13,1023.386,1,13,12,4,2016,50,0,0,0,0,0,710,0.7818314824680298,0.6234898018587336,-2.4492935982947064e-16,1.0,1448.854,1590.894,3080.38,2672.728,6061.502,1972.645,2760.168,614.499,702.17,2867.9132,2040.0426666666644,2318.096571428571,2569.401142857143,2272.692119047619,2309.43855,1922.7298705599778,2160.095146271604,1773.7431449215892,1590.894,34.02,6061.502,1885.5210000000002,0.0,7130.594,1994.7854587618056,2226.936897404693,-142.03999999999996,551.532,-0.08928313262857235,0.6146422354517107
2016-12-14,488.744,2,14,12,4,2016,50,0,0,0,0,0,711,0.9749279121818236,-0.22252093395631434,-2.4492935982947064e-16,1.0,1023.386,1448.854,1590.894,34.02,1338.298,5185.814,1798.3970000000002,3450.1879999999996,4072.334,2512.71,1354.377999999998,1598.365714285714,2445.345285714285,2292.1629285714284,2247.95431,1018.0409818950662,2197.839085255175,1785.6458838630167,1448.854,34.02,3080.38,1694.6455,0.0,7130.594,1751.935594071354,2066.4634444174008,-425.4680000000001,-5038.116,-0.29365829821362266,-0.8311662686904995
2016-12-15,5494.796,3,15,12,4,2016,50,0,0,0,0,0,712,0.43388373911755823,-0.900968867902419,-2.4492935982947064e-16,1.0,488.744,1023.386,1448.854,3080.38,2672.728,897.322,7130.594,1218.7640000000001,3885.986,702.17,986.9946666666648,1477.0008571428568,2351.7986428571426,2151.1417857142856,2180.4887766666666,1101.435712896479,2254.6309479037777,1813.3183797889806,1448.854,34.02,3080.38,1519.874,0.0,7130.594,1436.1376955535154,1856.100851828414,-534.6419999999999,-849.554,-0.5224245788001789,-0.6348018154402084
2016-12-16,4.98,4,16,12,4,2016,50,0,0,0,0,0,713,-0.433883739117558,-0.9009688679024191,-2.4492935982947064e-16,1.0,5494.796,488.744,1023.386,1590.894,34.02,6061.502,0.0,13.12,0.0,4072.334,2335.641999999998,1880.1534285714283,2234.9559285714286,2354.762357142857,2340.242976666667,1864.3208869325365,2017.8836112164079,1888.1586238942498,1448.854,34.02,5494.796,1519.874,0.0,6061.502,2450.8022716651367,2341.260204917959,5006.052000000001,2822.068,10.242687378259374,1.0558754949998654
2016-12-17,1918.492,5,17,12,4,2016,50,1,0,0,0,0,714,-0.9749279121818236,-0.2225209339563146,-2.4492935982947064e-16,1.0,4.98,5494.796,488.744,1448.854,3080.38,1338.298,1972.645,1484.0819999999999,1040.784,3885.986,1996.1733333333311,1876.0048571428567,2235.311642857143,2354.374738095238,2204.66451,1869.1397528156574,2017.4597194968367,1905.4460507655976,1448.854,4.98,5494.796,1519.874,4.98,6061.502,1839.3467037488524,2029.7561775955646,-5489.816000000001,-29.040000000000003,-0.9990936879185324,-0.8536155202821869
2016-12-18,935.288,6,18,12,4,2016,50,1,0,0,0,0,715,-0.7818314824680299,0.6234898018587334,-2.4492935982947064e-16,1.0,1918.492,4.98,5494.796,1023.386,1590.894,2672.728,5185.814,3109.7835,2861.15,0.0,2472.755999999998,1710.020857142857,2231.4435714285714,2375.0609285714286,2139.081376666667,1794.4605200504625,2018.0538951874769,1879.260981401975,1448.854,4.98,5494.796,1519.874,4.98,6061.502,1859.1330278116393,2014.920953916156,1913.512,-1161.8880000000001,384.23935742971884,-0.3771898272291081
2016-12-19,6120.656,0,19,12,4,2016,51,0,0,0,0,0,716,0.0,1.0,-2.4492935982947064e-16,1.0,935.288,1918.492,4.98,488.744,1448.854,34.02,897.322,1864.482,3613.5748,1040.784,952.9199999999979,1616.362857142857,1927.8345714285715,2271.5135238095236,2170.2576433333334,1818.660147526866,1852.3219627569213,1850.082233214138,1023.386,4.98,5494.796,1393.576,4.98,6061.502,1628.1717708587294,1870.969893394002,-983.204,-655.606,-0.5124879332308918,-0.41209910905440583
2016-12-20,1107.464,1,20,12,4,2016,51,0,0,0,0,0,717,0.7818314824680298,0.6234898018587336,-2.4492935982947064e-16,1.0,6120.656,935.288,1918.492,5494.796,1023.386,3080.38,6061.502,2760.168,614.499,2861.15,2991.4786666666646,2283.7631428571426,2300.929857142857,2474.1884761904766,2339.5867100000005,2482.867425081421,2133.492091874003,1971.618364666428,1023.386,4.98,6120.656,1519.874,4.98,6120.656,2751.2928281440472,2437.5947076081347,5185.368,4671.802,5.54414041450334,3.2244808655668544
2016-12-21,3257.7599999999998,2,21,12,4,2016,51,0,0,0,0,0,718,0.9749279121818236,-0.22252093395631434,-2.4492935982947064e-16,1.0,1107.464,6120.656,935.288,4.98,488.744,1590.894,1338.298,1798.3970000000002,3450.1879999999996,3613.5748,2721.1359999999977,2295.7742857142853,1947.0699999999997,2395.4882857142857,2281.13051,2475.947736442325,1854.3643594904192,1981.5935296717953,1107.464,4.98,6120.656,1393.576,4.98,6120.656,2340.3356211080354,2260.243946593717,-5013.192,84.07799999999997,-0.8190612248098896,0.08215668379282115
2016-12-22,473.313,3,22,12,4,2016,51,0,0,0,0,0,719,0.43388373911755823,-0.900968867902419,-2.4492935982947064e-16,1.0,3257.7599999999998,1107.464,6120.656,1918.492,5494.796,1448.854,2672.728,7130.594,1218.7640000000001,614.499,3495.2933333333312,2691.3479999999995,2084.1744285714285,2464.9817619047617,2269.270016666667,2357.4920034692173,1876.7158610019035,1974.3951655615986,1918.492,4.98,6120.656,1519.874,4.98,6120.656,2569.6917158310266,2393.246087047888,2150.296,2769.0159999999996,1.941639637947599,5.665575434174127
2016-12-23,194.32,4,23,12,4,2016,51,0,0,0,0,0,720,-0.433883739117558,-0.9009688679024191,-2.4492935982947064e-16,1.0,473.313,3257.7599999999998,1107.464,935.288,4.98,1023.386,34.02,0.0,13.12,3450.1879999999996,1612.8456666666643,1973.9932857142853,1927.073357142857,2147.9683809523813,2264.5638166666668,2113.6376758365036,1915.318014983639,1978.6392212008802,1107.464,4.98,6120.656,1278.159,4.98,6120.656,2045.59703687327,2137.2550087748364,-2784.4469999999997,-5021.483,-0.8547121334904966,-0.9138615883101029
2016-12-24,7484.566000000001,5,24,12,4,2016,51,1,0,0,0,0,721,-0.9749279121818236,-0.2225209339563146,-2.4492935982947064e-16,1.0,194.32,473.313,3257.7599999999998,6120.656,1918.492,488.744,3080.38,1972.645,1484.0819999999999,1218.7640000000001,1308.464333333331,2001.0418571428568,1938.5233571428569,2157.2217142857144,2156.0348833333333,2085.261280844867,1903.5737246936205,2000.5363999462393,1107.464,194.32,6120.656,1278.159,4.98,6120.656,1582.7777776549524,1878.1970076048583,-278.993,189.34,-0.589447152307247,38.020080321285135
2016-12-25,4204.968,6,25,12,4,2016,51,1,0,0,0,0,722,-0.7818314824680299,0.6234898018587334,-2.4492935982947064e-16,1.0,7484.566000000001,194.32,473.313,1107.464,935.288,5494.796,1590.894,5185.814,3109.7835,13.12,2717.399666666665,2796.1952857142855,2253.1080714285713,2419.6941428571427,2364.8949500000003,2936.16040030585,2404.7384447338554,2214.905011327343,1107.464,194.32,7484.566000000001,1278.159,4.98,7484.566000000001,3058.2248332412146,2625.712873257544,7290.246000000001,5566.0740000000005,37.51670440510499,2.901275585199209
2016-12-26,561.486,0,26,12,4,2016,52,0,0,0,0,0,723,0.0,1.0,-2.4492935982947064e-16,1.0,4204.968,7484.566000000001,194.32,3257.7599999999998,6120.656,4.98,1448.854,897.322,1864.482,1484.0819999999999,3961.2846666666646,3263.2924285714284,2439.827642857143,2372.9871904761903,2504.623216666667,2849.579905482548,2450.417574555176,2193.545593291475,3257.7599999999998,194.32,7484.566000000001,1278.159,4.98,7484.566000000001,3344.9106249309107,2836.280223489872,-3279.598000000001,3269.68,-0.4381814523380515,3.495907143040432
2016-12-27,5148.4472,1,27,12,4,2016,52,0,0,0,0,0,724,0.7818314824680298,0.6234898018587336,-2.4492935982947064e-16,1.0,561.486,4204.968,7484.566000000001,473.313,1107.464,1918.492,1023.386,6061.502,2760.168,3109.7835,4083.673333333332,2469.125285714286,2376.444214285714,2356.9950000000003,2473.8700166666667,2690.7543883009603,2489.191958882741,2214.71202233342,1107.464,194.32,7484.566000000001,1065.425,4.98,7484.566000000001,2649.054468698183,2532.9743270245554,-3643.482,-5559.17,-0.8664708031071817,-0.9082637547347866
2016-12-28,79.2,2,28,12,4,2016,52,0,0,0,0,0,725,0.9749279121818236,-0.22252093395631434,-2.4492935982947064e-16,1.0,5148.4472,561.486,4204.968,194.32,3257.7599999999998,935.288,488.744,1338.298,1798.3970000000002,1864.482,3304.9670666666643,3046.4085999999998,2671.0914428571427,2313.5162,2541.8254733333333,2781.870095147476,2559.8496361709613,2265.5894394994866,3257.7599999999998,194.32,7484.566000000001,1512.978,4.98,7484.566000000001,3273.9026515236374,2881.7040434212813,4586.9612,4040.9831999999997,8.169324257416925,3.648861904314723
2016-12-29,0.0,3,29,12,4,2016,52,0,0,0,0,0,726,0.43388373911755823,-0.900968867902419,-2.4492935982947064e-16,1.0,79.2,5148.4472,561.486,7484.566000000001,473.313,6120.656,5494.796,2672.728,7130.594,2760.168,1929.7110666666642,2592.3286,2641.8383,2253.5591523809526,2482.3160733333334,2993.023674438247,2588.8826297567734,2307.061563855547,561.486,79.2,7484.566000000001,1512.978,4.98,7484.566000000001,2475.2269886427284,2508.036837631777,-5069.2472,-3178.56,-0.9846167209406362,-0.9756888168557536
2016-12-30,3251.34,4,30,12,4,2016,52,0,0,0,0,0,727,-0.433883739117558,-0.9009688679024191,-2.4492935982947064e-16,1.0,0.0,79.2,5148.4472,4204.968,194.32,1107.464,4.98,34.02,0.0,1798.3970000000002,1742.5490666666644,2524.712457142857,2249.3528714285712,2126.2863904761907,2390.310473333333,3053.606642218275,2539.1304859510396,2350.232557862015,561.486,0.0,7484.566000000001,1021.376,0.0,7484.566000000001,1856.4202414820463,2173.63192594754,-79.2,-473.313,-1.0,-1.0
2017-01-01,0.0,6,1,1,1,2017,52,1,1,0,1,0,729,-0.7818314824680299,0.6234898018587334,0.49999999999999994,0.8660254037844387,1381.344,3251.34,0.0,5148.4472,4204.968,473.313,935.288,1590.894,5185.814,0.0,1544.227999999998,2089.5407428571425,2442.8680142857143,2198.585628571429,2247.10024,2098.6449219247716,2479.1414872299547,2185.4350138577256,1381.344,0.0,5148.4472,1244.404,0.0,7484.566000000001,1999.1986358336512,2192.528691045041,-1869.996,-6103.222000000001,-0.5751462473933824,-0.8154410021903742
2017-01-02,405.91999999999996,0,2,1,1,2017,1,0,0,0,0,0,730,0.0,1.0,0.49999999999999994,0.8660254037844387,0.0,1381.344,3251.34,79.2,561.486,194.32,6120.656,1448.854,897.322,1972.645,1544.227999999998,1488.8310285714283,2376.0617285714284,2122.8287714285716,2247.10024,1991.2745482839302,2534.86725788938,2185.4350138577256,561.486,0.0,5148.4472,1244.404,0.0,7484.566000000001,1499.3989768752385,1900.1915322390355,-1381.344,-4204.968,-1.0,-1.0
2017-01-04,1069.22,2,4,1,1,2017,1,0,0,0,0,0,732,0.9749279121818236,-0.22252093395631434,0.49999999999999994,0.8660254037844387,2095.83,405.91999999999996,0.0,3251.34,79.2,4204.968,3257.7599999999998,488.744,1338.298,897.322,833.9166666666646,1030.5191428571427,2038.4638714285713,2124.2340095238096,2091.8766066666667,1265.509264464352,2324.869319905548,2137.403287777077,405.91999999999996,0.0,3251.34,971.415,0.0,7484.566000000001,1443.4794244923219,1753.6052842150978,1689.9099999999999,-3052.6171999999997,4.163160228616476,-0.5929199778915863
2017-01-05,255.904,3,5,1,1,2017,1,0,0,0,0,0,733,0.43388373911755823,-0.900968867902419,0.49999999999999994,0.8660254037844387,1069.22,2095.83,405.91999999999996,1381.344,0.0,561.486,473.313,5494.796,2672.728,6061.502,1190.3233333333312,1171.9505714285713,1882.1395857142857,2151.875723809524,2097.6065399999998,1194.8188072209591,2310.1091264798342,2134.3186951874877,1069.22,0.0,3251.34,815.3530000000001,0.0,7484.566000000001,1349.9145683692416,1662.3539129864182,-1026.61,990.02,-0.48983457627765603,12.500252525252526
2017-01-07,83.576,5,7,1,1,2017,1,1,0,0,0,0,735,-0.9749279121818236,-0.2225209339563146,0.49999999999999994,0.8660254037844387,0.0,255.904,1069.22,405.91999999999996,1381.344,79.2,7484.566000000001,1918.492,3080.38,2672.728,441.70799999999787,744.0311428571425,1852.7303714285713,1902.1675333333333,1859.4766733333336,795.7205912947317,2332.336398131248,2050.280067075655,405.91999999999996,0.0,2095.83,815.3530000000001,0.0,7484.566000000001,807.3089447076985,1278.1836235320209,-255.904,-3251.34,-1.0,-1.0
2017-01-10,174.75,1,10,1,1,2017,2,0,0,0,0,0,738,0.7818314824680298,0.6234898018587336,0.49999999999999994,0.8660254037844387,743.0459999999999,1859.1580000000001,83.576,255.904,2095.83,1381.344,5148.4472,1107.464,1023.386,1590.894,895.259999999998,872.3905714285712,1169.4989428571428,1602.7077238095237,1756.0984066666667,845.5112127730264,1509.5969621591105,2038.4337826504213,743.0459999999999,0.0,2095.83,574.483,0.0,5148.4472,886.6899610485602,1154.3290159703258,-1116.112,337.126,-0.6003319782396117,0.8305232558139535
2017-01-11,149.444,2,11,1,1,2017,2,0,0,0,0,0,739,0.9749279121818236,-0.22252093395631434,0.49999999999999994,0.8660254037844387,174.75,743.0459999999999,1859.1580000000001,0.0,1069.22,0.0,79.2,3257.7599999999998,488.744,1448.854,925.6513333333313,597.9505714285713,814.2348571428571,1558.2927714285713,1708.8936066666668,677.2508646320896,1000.6151601735072,2058.687879696414,255.904,0.0,1859.1580000000001,330.912,0.0,3251.34,708.7049707864202,1023.7184805076157,-568.2959999999999,-1921.08,-0.7648194055280562,-0.9166201457179256
2017-01-12,0.0,3,12,1,1,2017,2,0,0,0,0,0,740,0.43388373911755823,-0.900968867902419,0.49999999999999994,0.8660254037844387,149.444,174.75,743.0459999999999,83.576,255.904,405.91999999999996,0.0,473.313,5494.796,1023.386,355.74666666666457,466.5539999999997,819.2522857142856,1410.2777238095239,1665.57994,659.5731270167294,996.8148227950418,2077.927167265599,174.75,0.0,1859.1580000000001,330.912,0.0,3251.34,568.8897280898151,907.1485497732671,-25.30600000000001,-919.7760000000001,-0.14481258941344788,-0.8602308224687155
2017-01-13,0.0,4,13,1,1,2017,2,0,0,0,0,0,741,-0.433883739117558,-0.9009688679024191,0.49999999999999994,0.8660254037844387,0.0,149.444,174.75,1859.1580000000001,0.0,2095.83,3251.34,194.32,4.98,488.744,108.06466666666454,429.9962857142855,819.2522857142856,1387.7390095238097,1631.4670733333335,679.9711031109075,996.8148227950418,2097.144946819479,149.444,0.0,1859.1580000000001,330.912,0.0,3251.34,426.66729606736135,786.1954098034981,-149.444,-255.904,-1.0,-1.0
2017-01-16,102.21799999999999,0,16,1,1,2017,3,0,0,0,0,0,744,0.0,1.0,0.49999999999999994,0.8660254037844387,701.923,405.344,0.0,149.444,743.0459999999999,0.0,405.91999999999996,561.486,6120.656,1918.492,369.0889999999979,310.6438571428569,567.4367857142855,874.5682000000002,1468.75864,312.6475236195473,678.4400162096027,1973.1018644006845,174.75,0.0,743.0459999999999,330.624,0.0,2095.83,431.4830155284181,652.2135778780106,296.579,-1157.2350000000001,0.7316723573063868,-0.6224511311034351
2017-01-17,1040.55,1,17,1,1,2017,3,0,0,0,0,0,745,0.7818314824680298,0.6234898018587336,0.49999999999999994,0.8660254037844387,102.21799999999999,701.923,405.344,0.0,174.75,83.576,2095.83,5148.4472,1107.464,935.288,403.1616666666646,219.09699999999975,545.7437857142857,852.6982952380952,1408.2161733333332,253.0792957295378,688.778392504625,1986.6451496595998,149.444,0.0,701.923,215.327,0.0,2095.83,349.1667616463136,578.8808341609425,-599.705,-640.828,-0.8543743402054071,-0.8624338197096815
2017-01-18,0.0,2,18,1,1,2017,3,0,0,0,0,0,746,0.9749279121818236,-0.22252093395631434,0.49999999999999994,0.8660254037844387,1040.55,102.21799999999999,701.923,0.0,149.444,1859.1580000000001,1069.22,79.2,3257.7599999999998,6120.656,614.8969999999979,342.78271428571406,470.3666428571427,657.0841428571429,1411.7249066666666,397.91667112038766,549.8199487398068,1985.8738855581028,149.444,0.0,1040.55,215.327,0.0,1859.1580000000001,522.0125712347351,640.4367229394835,938.332,865.8,9.179713944706412,4.95450643776824
2017-01-19,0.0,3,19,1,1,2017,3,0,0,0,0,0,747,0.43388373911755823,-0.900968867902419,0.49999999999999994,0.8660254037844387,0.0,1040.55,102.21799999999999,405.344,0.0,743.0459999999999,255.904,0.0,473.313,1107.464,380.92266666666455,321.43357142857116,393.99378571428554,653.3127142857143,1207.70304,413.71400999552617,534.2777826515908,1790.1776553999484,102.21799999999999,0.0,1040.55,162.09699999999998,0.0,1859.1580000000001,391.50942842605133,555.0451598808858,-1040.55,-149.444,-1.0,-1.0
2017-01-23,1732.3,0,23,1,1,2017,4,0,0,0,0,0,751,0.0,1.0,0.49999999999999994,0.8660254037844387,917.63,1167.056,0.0,0.0,102.21799999999999,0.0,743.0459999999999,405.91999999999996,561.486,7484.566000000001,694.8953333333312,461.06485714285685,385.85435714285705,531.9794761904761,1109.4306733333333,549.1192536863944,436.3198582472022,1760.4021273801,102.21799999999999,0.0,1167.056,162.09699999999998,0.0,1167.056,572.1065300879303,570.3491340515156,-249.42600000000004,215.707,-0.2137223920703034,0.3073086364173847
2017-01-24,31.36,1,24,1,1,2017,4,0,0,0,0,0,752,0.7818314824680298,0.6234898018587336,0.49999999999999994,0.8660254037844387,1732.3,917.63,1167.056,0.0,1040.55,405.344,174.75,2095.83,5148.4472,4204.968,1272.3286666666645,693.933714285714,456.515357142857,595.1404285714286,917.6884733333334,697.2402883008593,560.9266759746197,1293.4065883311016,917.63,0.0,1732.3,162.09699999999998,0.0,1732.3,862.1548975659477,725.2759161779802,814.67,1630.0819999999999,0.8877979141919945,15.947113032929622
2017-01-25,858.712,2,25,1,1,2017,4,0,0,0,0,0,753,0.9749279121818236,-0.22252093395631434,0.49999999999999994,0.8660254037844387,31.36,1732.3,917.63,0.0,0.0,701.923,149.444,1069.22,79.2,561.486,893.7633333333312,549.7637142857141,446.2732142857141,496.8323333333333,778.5682066666667,717.6617440014469,567.7350618578996,1143.3896294561473,31.36,0.0,1732.3,125.83099999999999,0.0,1732.3,654.4561731744608,632.7537940209162,-1700.94,-1009.1899999999999,-0.9818969000750447,-0.9698620921627985
2017-01-30,3107.316,0,30,1,1,2017,5,0,0,0,0,0,758,0.0,1.0,0.49999999999999994,0.8660254037844387,0.0,39.68,0.0,858.712,1732.3,0.0,102.21799999999999,743.0459999999999,405.91999999999996,1381.344,13.226666666664544,380.29314285714264,420.6789999999999,384.00061904761907,507.1655,674.3450426666622,592.2884817143879,635.7484051617403,31.36,0.0,1732.3,35.519999999999996,0.0,1732.3,230.67097859511134,378.56173999329457,-39.68,-917.63,-1.0,-1.0
2017-02-01,161.97,2,1,2,1,2017,5,0,1,0,0,0,760,0.9749279121818236,-0.22252093395631434,0.8660254037844386,0.5000000000000001,1601.5539999999999,3107.316,0.0,0.0,858.712,917.63,0.0,149.444,1069.22,405.91999999999996,1569.6233333333312,801.0374285714282,675.4005714285713,564.5279523809523,618.0830333333332,1187.976010301378,951.8781821441793,794.1399152892453,39.68,0.0,3107.316,35.519999999999996,0.0,3107.316,1112.76267545975,856.950089150519,-1505.762,1570.194,-0.48458605433113333,50.06996173469388
2017-02-02,8996.784,3,2,2,1,2017,5,0,0,0,0,0,761,0.43388373911755823,-0.900968867902419,0.8660254037844386,0.5000000000000001,161.97,1601.5539999999999,3107.316,39.68,0.0,1732.3,0.0,0.0,255.904,2095.83,1623.613333333331,701.5028571428568,686.969857142857,565.1244285714286,609.9513666666667,1211.2977140251016,943.9894107918016,797.6286010892599,39.68,0.0,3107.316,100.825,0.0,3107.316,875.0645065948124,764.2860772637832,-1439.5839999999998,-696.742,-0.8988669754500941,-0.8113802997978368
2017-02-05,2994.476,6,5,2,1,2017,5,1,0,0,0,0,764,-0.7818314824680299,0.6234898018587334,0.8660254037844386,0.5000000000000001,197.868,866.4,8996.784,1601.5539999999999,0.0,0.0,917.63,701.923,1859.1580000000001,0.0,3353.683999999998,2133.127428571428,1322.2552857142855,1024.9200476190474,831.2879666666666,3217.8387385035708,2387.215485378549,1712.135802217045,866.4,0.0,8996.784,528.29,0.0,8996.784,1846.2575887196867,1525.0329196291948,-668.5319999999999,158.188,-0.7716204986149584,3.9865927419354836
2017-02-07,762.142,1,7,2,1,2017,6,0,0,0,0,0,766,0.7818314824680298,0.6234898018587336,0.8660254037844386,0.5000000000000001,132.224,2994.476,197.868,8996.784,1601.5539999999999,39.68,31.36,1040.55,174.75,1859.1580000000001,1108.1893333333317,2135.896571428571,1356.3102857142856,1135.5180952380952,932.7254333333333,3198.2579398209245,2448.685250741191,1748.1037449573473,866.4,132.224,8996.784,179.91899999999998,0.0,8996.784,1633.0401436548239,1509.127375188151,-2862.252,-2975.0919999999996,-0.9558440274692467,-0.9574475206255173
2017-02-08,1369.476,2,8,2,1,2017,6,0,0,0,0,0,767,0.9749279121818236,-0.22252093395631434,0.8660254037844386,0.5000000000000001,762.142,132.224,2994.476,866.4,161.97,0.0,858.712,0.0,149.444,743.0459999999999,1296.280666666665,2015.980571428571,1408.5089999999998,1122.2605714285714,896.1582333333333,3237.132059072596,2425.952148600278,1739.5088584936163,762.142,132.224,8996.784,480.005,0.0,8996.784,1415.315607741118,1409.5293251630644,629.9180000000001,-839.4119999999998,4.764021660212973,-0.5241234451039427
2017-02-09,121.83,3,9,2,1,2017,6,0,0,0,0,0,768,0.43388373911755823,-0.900968867902419,0.8660254037844386,0.5000000000000001,1369.476,762.142,132.224,197.868,8996.784,3107.316,0.0,0.0,0.0,174.75,754.6139999999982,2188.481428571428,1444.9921428571427,1187.4737142857143,917.0392333333333,3152.9473235148703,2420.8832195133896,1741.3663567279095,866.4,132.224,8996.784,480.005,0.0,8996.784,1403.8557058058386,1404.1888818079892,607.3340000000001,1207.506,0.7968777471914683,7.455121318762735
2017-02-10,0.0,4,10,2,1,2017,6,0,0,0,0,0,769,-0.433883739117558,-0.9009688679024191,0.8660254037844386,0.5000000000000001,121.83,1369.476,762.142,2994.476,866.4,1601.5539999999999,0.0,0.0,0.0,149.444,751.1493333333315,920.6308571428566,1453.6942857142856,1193.2751428571428,915.2752333333334,1025.7037967456465,2415.5024623665754,1742.1708409233852,762.142,121.83,2994.476,480.005,0.0,8996.784,1083.349279354379,1233.207697566924,-1247.6460000000002,-8874.954,-0.9110389667288803,-0.9864584945020354
2017-02-11,69.93,5,11,2,1,2017,6,1,0,0,0,0,770,-0.9749279121818236,-0.2225209339563146,0.8660254037844386,0.5000000000000001,0.0,121.83,1369.476,132.224,197.868,161.97,39.68,1167.056,405.344,0.0,497.1019999999982,796.8594285714281,1453.6942857142856,1193.2751428571428,910.2937666666666,1083.9583552496733,2415.5024623665754,1744.6480205676419,197.868,0.0,2994.476,480.005,0.0,8996.784,812.5119595157842,1068.7800045580009,-121.83,-866.4,-1.0,-1.0
2017-02-13,146.82,0,13,2,1,2017,7,0,0,0,0,0,772,0.0,1.0,0.8660254037844386,0.5000000000000001,1366.04,69.93,0.0,1369.476,132.224,866.4,3107.316,1732.3,102.21799999999999,405.344,478.6566666666649,545.9488571428566,1553.4292857142852,1162.3839047619047,958.1594333333331,615.5194394447932,2378.1221147826323,1736.6040731479072,132.224,0.0,1369.476,814.271,0.0,8996.784,811.6598522276286,992.9920034235652,1296.11,-1628.4360000000001,18.53439153439153,-0.5438133416330604
2017-02-14,837.921,1,14,2,1,2017,7,0,0,0,0,0,773,0.7818314824680298,0.6234898018587336,0.8660254037844386,0.5000000000000001,146.82,1366.04,69.93,121.83,762.142,197.868,1601.5539999999999,31.36,1040.55,701.923,527.5966666666649,548.0339999999994,1341.9652857142858,1086.884857142857,949.5419666666668,613.9069194440551,2360.8829792509155,1740.0798282336195,146.82,0.0,1369.476,480.005,0.0,8996.784,645.4498891707215,880.1690696337565,-1219.22,14.596000000000004,-0.892521448859477,0.11038843175217816
2017-02-15,407.072,2,15,2,1,2017,7,0,0,0,0,0,774,0.9749279121818236,-0.22252093395631434,0.8660254037844386,0.5000000000000001,837.921,146.82,1366.04,0.0,1369.476,2994.476,161.97,858.712,0.0,102.21799999999999,783.5936666666648,558.8595714285709,1287.4200714285712,1125.2925238095236,954.0752333333332,618.9590886554959,2363.2443728919798,1739.5895673532837,146.82,0.0,1369.476,480.005,0.0,8996.784,693.5676668780411,874.535993682589,691.1010000000001,75.779,4.707131181038006,0.09942897780203697
2017-02-16,1135.638,3,16,2,1,2017,7,0,0,0,0,0,775,0.43388373911755823,-0.900968867902419,0.8660254037844386,0.5000000000000001,407.072,837.921,146.82,69.93,121.83,132.224,8996.784,0.0,0.0,1040.55,463.9376666666649,421.37328571428515,1304.9273571428569,1103.785857142857,964.2370333333333,505.35222730111076,2355.1595626316534,1735.3270381272046,146.82,0.0,1366.04,584.607,0.0,8996.784,621.9437501585309,812.2074611915772,-430.84900000000005,-962.4040000000001,-0.514188091717477,-0.7027534619080582
2017-02-17,0.0,4,17,2,1,2017,7,0,0,0,0,0,776,-0.433883739117558,-0.9009688679024191,0.8660254037844386,0.5000000000000001,1135.638,407.072,837.921,1366.04,0.0,762.142,866.4,0.0,0.0,0.0,793.543666666665,566.2029999999994,743.4169285714285,1157.8638571428571,967.4066333333333,548.6200295446959,811.3606882445572,1735.558055734998,407.072,0.0,1366.04,584.607,0.0,2994.476,750.3673126188982,855.3315330327002,728.5659999999999,1013.8079999999999,1.7897718339753164,8.321497168185175
2017-02-21,1524.126,1,21,2,1,2017,8,0,0,0,0,0,780,0.7818314824680298,0.6234898018587336,0.8660254037844386,0.5000000000000001,16.496,392.65999999999997,0.0,1135.638,837.921,69.93,762.142,1601.5539999999999,31.36,917.63,136.3853333333315,398.5409999999994,473.2874999999999,1027.490523809524,942.1433,447.2326716072466,521.8024353097495,1737.93747517514,392.65999999999997,0.0,1135.638,269.74,0.0,1369.476,315.16865750832324,530.1241069619151,-376.164,-130.32399999999998,-0.9579890999847196,-0.8876447350497207
2017-02-22,983.17,2,22,2,1,2017,8,0,0,0,0,0,781,0.9749279121818236,-0.22252093395631434,0.8660254037844386,0.5000000000000001,1524.126,16.496,392.65999999999997,0.0,407.072,1366.04,1369.476,161.97,858.712,1732.3,644.4273333333315,496.57028571428515,527.7149285714283,1023.8034761904762,962.3598333333333,606.4543122581679,589.5867497086961,1741.1670192178574,392.65999999999997,0.0,1524.126,269.74,0.0,1524.126,617.4079931312424,662.6576927003265,1507.6299999999999,686.2049999999999,91.3936711930165,0.8189375848081142
2017-02-23,57.576,3,23,2,1,2017,8,0,0,0,0,0,782,0.43388373911755823,-0.900968867902419,0.8660254037844386,0.5000000000000001,983.17,1524.126,16.496,0.0,1135.638,146.82,121.83,8996.784,0.0,31.36,841.2639999999982,578.8699999999994,500.1216428571427,1062.908238095238,937.3888333333333,630.8826667370803,555.1978946911372,1735.105420161175,392.65999999999997,0.0,1524.126,269.74,0.0,1524.126,708.8484948484318,705.3926670069496,-540.956,576.098,-0.3549286607537697,1.415223842465215
2017-02-24,0.0,4,24,2,1,2017,8,0,0,0,0,0,783,-0.433883739117558,-0.9009688679024191,0.8660254037844386,0.5000000000000001,57.576,983.17,1524.126,392.65999999999997,0.0,837.921,0.0,866.4,0.0,858.712,854.9573333333315,424.8611428571423,495.53207142857127,637.2316666666667,938.2627,603.2969649073594,558.8193811776366,1734.6399131319888,57.576,0.0,1524.126,269.74,0.0,1524.126,546.0303711363238,619.017111406023,-925.5939999999999,-1078.062,-0.9414384084136009,-0.9493007454840363
2017-02-27,243.892,0,27,2,1,2017,9,0,0,0,0,0,786,0.0,1.0,0.8660254037844386,0.5000000000000001,0.0,46.72,0.0,983.17,16.496,0.0,146.82,132.224,3107.316,39.68,15.573333333331513,375.4411428571423,396.29992857142844,446.1829047619047,911.1963,620.3037995905162,513.6470793810468,1742.2422689767668,46.72,0.0,1524.126,102.198,0.0,1524.126,239.1165628231366,408.3559685211949,-46.72,-392.65999999999997,-1.0,-1.0
2017-03-01,6285.8060000000005,2,1,3,1,2017,9,0,1,0,0,0,788,0.9749279121818236,-0.22252093395631434,1.0,6.123233995736766e-17,147.584,243.892,0.0,0.0,983.17,392.65999999999997,407.072,1369.476,161.97,3107.316,130.49199999999817,211.27742857142803,353.92385714285695,422.2357619047619,922.9228333333334,351.40629026561214,498.6529032031131,1736.6365595416185,57.576,0.0,983.17,102.58,0.0,1524.126,217.12881658801433,354.58164746703085,-96.30799999999999,-1376.542,-0.3948797008511964,-0.9031681107729939
2017-03-02,0.0,3,2,3,1,2017,9,0,0,0,0,0,789,0.43388373911755823,-0.900968867902419,1.0,6.123233995736766e-17,6285.8060000000005,147.584,243.892,46.72,57.576,16.496,1135.638,121.83,8996.784,1601.5539999999999,2225.7606666666647,968.7968571428567,773.8334285714284,656.3467142857143,1028.8725,2346.2078522466354,1662.9069933176884,1957.4215275140996,57.576,0.0,6285.8060000000005,102.58,0.0,6285.8060000000005,1734.2981124410107,1145.4115611380935,6138.222000000001,5302.636,41.59137846921076,5.393407040491472
2017-03-03,7264.422,4,3,3,1,2017,9,0,0,0,0,0,790,-0.433883739117558,-0.9009688679024191,1.0,6.123233995736766e-17,0.0,6285.8060000000005,147.584,0.0,0.0,1524.126,0.0,0.0,866.4,161.97,2144.463333333332,960.5717142857138,692.7164285714285,650.5452857142858,975.4873666666666,2350.0325545530636,1671.576219968754,1963.0956148818032,46.72,0.0,6285.8060000000005,52.147999999999996,0.0,6285.8060000000005,1300.723584330758,992.6900196530144,-6285.8060000000005,-57.576,-1.0,-1.0
2017-03-05,162.344,6,5,3,1,2017,9,1,0,0,0,0,792,-0.7818314824680299,0.6234898018587334,1.0,6.123233995736766e-17,315.45,7264.422,0.0,147.584,0.0,57.576,392.65999999999997,1366.04,2994.476,866.4,2526.623999999998,2036.7362857142853,1234.135857142857,1008.1615714285714,922.8579666666667,3251.304718317536,2395.351488213203,1728.6513554421626,243.892,0.0,7264.422,195.738,0.0,7264.422,2172.5986411860513,1627.1248236504864,-6948.972,268.73,-0.9565760359186182,5.751926369863013
2017-03-07,21.072,1,7,3,1,2017,10,0,0,0,0,0,794,0.7818314824680298,0.6234898018587336,1.0,6.123233995736766e-17,811.303,162.344,315.45,0.0,147.584,46.72,1524.126,837.921,762.142,2994.476,429.6989999999982,2140.9869999999996,1274.456642857143,982.484761904762,919.8372666666667,3188.580263906331,2381.083302692918,1729.2671764906427,315.45,0.0,7264.422,203.118,0.0,7264.422,1455.3519856671537,1349.0850186530322,648.9590000000001,567.4110000000001,3.997431380278914,2.326484673544028
2017-03-08,2190.81,2,8,3,1,2017,10,0,0,0,0,0,795,0.9749279121818236,-0.22252093395631434,1.0,6.123233995736766e-17,21.072,811.303,162.344,7264.422,6285.8060000000005,0.0,983.17,407.072,1369.476,132.224,331.57299999999816,2122.9138571428566,1167.0956428571428,943.5871904761906,820.7238,3202.092082103112,2402.7471284293156,1691.0467357825996,315.45,0.0,7264.422,154.964,0.0,7264.422,1096.7819892503653,1172.0166161659613,-790.231,-126.512,-0.9740269664971041,-0.8572202948829142
2017-03-09,635.6,3,9,3,1,2017,10,0,0,0,0,0,796,0.43388373911755823,-0.900968867902419,1.0,6.123233995736766e-17,2190.81,21.072,811.303,315.45,0.0,243.892,57.576,1135.638,121.83,762.142,1007.7283333333315,1537.914428571428,1253.3556428571426,1028.5270952380952,889.3433333333334,2639.4358862818735,2417.269762129918,1703.8635389912768,315.45,0.0,7264.422,154.964,0.0,7264.422,1370.288991937774,1307.8557340104999,2169.738,-4094.9960000000005,102.96782460136674,-0.6514671308659542
2017-03-11,896.0219999999999,5,11,3,1,2017,10,1,0,0,0,0,798,-0.9749279121818236,-0.2225209339563146,1.0,6.123233995736766e-17,7879.734,635.6,2190.81,811.303,315.45,6285.8060000000005,46.72,0.0,69.93,121.83,3568.714666666665,1716.6161428571424,1857.481214285714,1379.9411904761905,1102.1338666666668,2812.2045835151184,2937.053537889558,2129.563847917458,635.6,21.072,7879.734,279.671,0.0,7879.734,2859.896057964998,2106.4232846567756,7244.134,615.3120000000008,11.3973159219635,0.08470212771229435
2017-03-12,1694.6419999999998,6,12,3,1,2017,10,1,0,0,0,0,799,-0.7818314824680299,0.6234898018587334,1.0,6.123233995736766e-17,896.0219999999999,7879.734,635.6,21.072,162.344,0.0,0.0,392.65999999999997,1366.04,0.0,3137.1186666666654,1799.5549999999992,1918.1456428571425,1422.6089047619048,1127.9402666666667,2772.2711485499212,2905.375793549225,2121.952017807999,811.303,21.072,7879.734,475.525,0.0,7879.734,2368.9275434737483,1945.0364467025388,-6983.712,580.5719999999999,-0.8862877858567307,1.840456490727532
2017-03-13,8866.882,0,13,3,1,2017,11,0,0,0,0,0,800,0.0,1.0,1.0,6.123233995736766e-17,1694.6419999999998,896.0219999999999,7879.734,2190.81,811.303,7264.422,243.892,16.496,146.82,69.93,3490.1326666666646,2018.4547142857139,2039.1914999999997,1484.6080476190477,1184.4283333333333,2680.424444347737,2854.1636563012444,2113.4291889920682,896.0219999999999,21.072,7879.734,723.4515,0.0,7879.734,2200.356157605311,1911.6505204755338,798.6199999999999,1532.2979999999998,0.8912950798083081,9.438587197555806
2017-03-14,669.3679999999999,1,14,3,1,2017,11,0,0,0,0,0,801,0.7818314824680298,0.6234898018587336,1.0,6.123233995736766e-17,8866.882,1694.6419999999998,896.0219999999999,635.6,21.072,315.45,147.584,1524.126,837.921,1366.04,3819.1819999999984,3169.2517142857137,2655.119357142857,1906.0549999999998,1477.6600666666666,3635.04828237286,3328.0205460787197,2523.8814353545554,1694.6419999999998,21.072,8866.882,853.6624999999999,0.0,8866.882,3866.9876182039834,2839.014717745463,7172.24,8055.579,4.232303932039923,9.929186752668238
2017-03-15,1805.992,2,15,3,1,2017,11,0,0,0,0,0,802,0.9749279121818236,-0.22252093395631434,1.0,6.123233995736766e-17,669.3679999999999,8866.882,1694.6419999999998,7879.734,2190.81,162.344,6285.8060000000005,983.17,407.072,146.82,3743.6306666666646,3261.865428571428,2692.3896428571425,1865.3522380952384,1454.4376666666665,3548.70394327482,3300.5873330817876,2528.145334389009,1694.6419999999998,635.6,8866.882,853.6624999999999,0.0,8866.882,3067.5827136529874,2549.728488712735,-8197.514,648.2959999999999,-0.9245092017690096,30.76575550493546
2017-03-16,0.0,3,16,3,1,2017,11,0,0,0,0,0,803,0.43388373911755823,-0.900968867902419,1.0,6.123233995736766e-17,1805.992,669.3679999999999,8866.882,896.0219999999999,635.6,811.303,0.0,57.576,1135.638,837.921,3780.7473333333323,3206.8914285714277,2372.402928571428,1904.534238095238,1509.7433999999998,3570.972108224443,3138.593221932755,2516.675495123615,1694.6419999999998,635.6,8866.882,853.6624999999999,0.0,8866.882,2752.1850352397405,2450.563623551037,1136.624,-384.818,1.6980554791982887,-0.17565101492142177
2017-03-17,2360.3340000000003,4,17,3,1,2017,11,0,0,0,0,0,804,-0.433883739117558,-0.9009688679024191,1.0,6.123233995736766e-17,0.0,1805.992,669.3679999999999,1694.6419999999998,7879.734,21.072,7264.422,0.0,0.0,407.072,825.1199999999981,3116.091428571428,2372.402928571428,1901.792523809524,1481.8127,3654.357018918229,3138.593221932755,2529.0081670525888,1694.6419999999998,0.0,8866.882,853.6624999999999,0.0,8866.882,2064.138776429805,2123.8218070775656,-1805.992,-635.6,-1.0,-1.0
2017-03-19,138.68,6,19,3,1,2017,11,1,0,0,0,0,806,-0.7818314824680299,0.6234898018587334,1.0,6.123233995736766e-17,1061.682,2360.3340000000003,0.0,669.3679999999999,1694.6419999999998,635.6,162.344,0.0,392.65999999999997,0.0,1140.6719999999984,2351.271428571428,2075.413214285714,2062.520904761905,1544.4562333333333,2977.7528574005128,2778.77068789116,2525.9772132778376,1694.6419999999998,0.0,8866.882,978.852,0.0,8866.882,1869.0611867417654,2009.533463982705,-1298.6520000000003,165.66000000000008,-0.5501984041241621,0.18488385329824508
2017-03-20,928.311,0,20,3,1,2017,12,0,0,0,0,0,807,0.0,1.0,1.0,6.123233995736766e-17,138.68,1061.682,2360.3340000000003,1805.992,8866.882,7879.734,811.303,243.892,16.496,0.0,1186.898666666665,2128.991142857142,2073.7229285714284,2069.124714285714,1549.0789,3090.8631864454587,2780.0308063073,2523.1786621181145,1061.682,0.0,8866.882,978.852,0.0,8866.882,1436.465890056324,1760.0863354516775,-923.002,-1555.9619999999998,-0.8693770827799661,-0.9181656066591055
2017-03-21,645.7059999999999,1,21,3,1,2017,12,0,0,0,0,0,808,0.7818314824680298,0.6234898018587336,1.0,6.123233995736766e-17,928.311,138.68,1061.682,0.0,669.3679999999999,896.0219999999999,21.072,147.584,1524.126,392.65999999999997,709.5576666666651,994.909571428571,2082.0806428571427,2101.7160952380955,1580.0226,852.4556637588705,2776.1167286317173,2509.179480106451,928.311,0.0,2360.3340000000003,994.9965,0.0,8866.882,1309.4271675422428,1649.1829573914538,789.6310000000001,-7938.571,5.693906835881165,-0.8953058132497985
2017-03-22,226.46800000000002,2,22,3,1,2017,12,0,0,0,0,0,809,0.9749279121818236,-0.22252093395631434,1.0,6.123233995736766e-17,645.7059999999999,928.311,138.68,2360.3340000000003,1805.992,1694.6419999999998,2190.81,6285.8060000000005,983.17,16.496,570.8989999999983,991.5292857142852,2126.697357142857,2125.436190476191,1588.4574666666667,854.0072001352578,2745.293308623595,2505.4729844201515,928.311,0.0,2360.3340000000003,994.9965,0.0,8866.882,1143.496875656682,1515.38602973926,-282.60500000000013,-23.662000000000035,-0.30442922684315943,-0.035349762761291315
2017-03-23,0.0,3,23,3,1,2017,12,0,0,0,0,0,810,0.43388373911755823,-0.900968867902419,1.0,6.123233995736766e-17,226.46800000000002,645.7059999999999,928.311,1061.682,0.0,8866.882,635.6,0.0,57.576,1524.126,600.1616666666649,765.8829999999996,1986.3872142857142,1836.8962857142858,1595.4565333333335,810.5065619143926,2791.5725321180594,2501.219938492893,645.7059999999999,0.0,2360.3340000000003,912.1665,0.0,8866.882,914.2396567425114,1343.530292440692,-419.2379999999999,-1579.524,-0.6492707207304872,-0.8746018808499705
2017-03-26,682.246,6,26,3,1,2017,12,1,0,0,0,0,813,-0.7818314824680299,0.6234898018587334,1.0,6.123233995736766e-17,1346.97,745.774,0.0,645.7059999999999,138.68,0.0,1694.6419999999998,162.344,0.0,0.0,697.5813333333317,575.9869999999995,1463.6292142857142,1575.6044761904764,1579.7189333333333,482.59667759833815,2246.8814560162205,2505.192072028423,645.7059999999999,0.0,1346.97,837.0425,0.0,8866.882,862.269980188247,1140.362788886578,601.196,285.288,0.8061369798357143,0.2687132305153521
2017-03-27,92.69999999999999,0,27,3,1,2017,13,0,0,0,0,0,814,0.0,1.0,1.0,6.123233995736766e-17,682.246,1346.97,745.774,226.46800000000002,928.311,2360.3340000000003,8866.882,811.303,243.892,46.72,924.996666666665,653.6392857142852,1391.315214285714,1600.3617142857145,1602.4604666666667,442.5761214881869,2255.150924884978,2493.4262720646993,682.246,0.0,1346.97,714.01,0.0,8866.882,817.2639851411852,1079.2805503683676,-664.724,543.566,-0.4934957719919524,3.919570233631381
2017-03-28,125.30000000000001,1,28,3,1,2017,13,0,0,0,0,0,815,0.7818314824680298,0.6234898018587336,1.0,6.123233995736766e-17,92.69999999999999,682.246,1346.97,0.0,645.7059999999999,1061.682,669.3679999999999,21.072,147.584,0.0,707.3053333333318,534.2662857142852,764.5879285714284,1566.142523809524,1603.9931333333332,468.0991133643873,702.602714089711,2492.4509502836304,645.7059999999999,0.0,1346.97,675.807,0.0,2360.3340000000003,636.1229888558889,947.7364769859187,-589.546,-835.6110000000001,-0.8641252568721547,-0.9001412242233475
2017-03-29,2659.339,2,29,3,1,2017,13,0,0,0,0,0,816,0.9749279121818236,-0.22252093395631434,1.0,6.123233995736766e-17,125.30000000000001,92.69999999999999,682.246,745.774,226.46800000000002,138.68,1805.992,2190.81,6285.8060000000005,243.892,300.08199999999835,459.9225714285709,725.7259285714284,1571.1057619047622,1608.1698,488.3384034235268,723.0244229413089,2489.7739581790925,226.46800000000002,0.0,1346.97,663.9759999999999,0.0,2360.3340000000003,508.4172416419167,838.0782800544629,32.60000000000002,-520.406,0.3516720604099248,-0.805948837396586
2017-03-30,11.34,3,30,3,1,2017,13,0,0,0,0,0,817,0.43388373911755823,-0.900968867902419,1.0,6.123233995736766e-17,2659.339,125.30000000000001,92.69999999999999,1346.97,0.0,928.311,0.0,635.6,0.0,147.584,959.1129999999984,807.4755714285709,786.6792857142856,1593.4166666666667,1688.6847,945.8881498566528,846.5225913958866,2483.1812175720265,682.246,0.0,2659.339,663.9759999999999,0.0,2659.339,1046.1476812314374,1080.913042713868,2534.0389999999998,2432.871,20.223774940143652,10.742670046099226
2017-04-01,2161.48,5,1,4,2,2017,13,1,1,0,1,0,819,-0.9749279121818236,-0.2225209339563146,0.8660254037844387,-0.4999999999999998,640.762,11.34,2659.339,92.69999999999999,1346.97,226.46800000000002,1061.682,896.0219999999999,315.45,0.0,1103.8136666666649,794.0938571428567,664.6627142857142,1218.9770476190477,1495.9750999999999,946.288736848378,714.3885638835541,2334.955376780631,640.762,11.34,2659.339,643.2339999999999,0.0,2659.339,750.7748206926835,898.6311298606387,629.4219999999999,-105.01200000000006,55.504585537918864,-0.14080941411205006
2017-04-02,1454.9,6,2,4,2,2017,13,1,0,0,0,0,820,-0.7818314824680299,0.6234898018587334,0.8660254037844387,-0.4999999999999998,2161.48,640.762,11.34,125.30000000000001,682.246,0.0,138.68,1694.6419999999998,162.344,7264.422,937.860666666665,910.452428571428,743.2197142857141,1279.2369523809525,1568.0244333333333,1067.8695188114398,814.8149438226351,2320.506067086982,640.762,11.34,2659.339,643.2339999999999,0.0,2659.339,1103.4511155195128,1067.0109792125536,1520.718,814.51,2.373296169248489,0.6046979516989985
2017-04-03,441.198,0,3,4,2,2017,14,0,0,0,0,0,821,0.0,1.0,0.8660254037844387,-0.4999999999999998,1454.9,2161.48,640.762,2659.339,92.69999999999999,745.774,928.311,8866.882,811.303,315.45,1419.0473333333314,1020.8315714285709,837.2354285714284,1267.8206666666667,1374.3736999999999,1080.2107782733472,815.6299738081398,2056.0804485679005,640.762,11.34,2659.339,663.9759999999999,0.0,2659.339,1191.3133366396346,1118.7295153175464,-706.5799999999999,772.6540000000001,-0.3268963858097229,1.1325152510971117
2017-04-04,970.194,1,4,4,2,2017,14,0,0,0,0,0,822,0.7818314824680298,0.6234898018587336,0.8660254037844387,-0.4999999999999998,441.198,1454.9,2161.48,11.34,125.30000000000001,1346.97,645.7059999999999,669.3679999999999,21.072,162.344,1352.5259999999982,1070.6169999999995,802.4416428571428,866.597619047619,1378.5653,1037.4912605210825,821.8123351210866,2053.974346932477,640.762,11.34,2659.339,643.2339999999999,0.0,2659.339,1003.7845024797259,1028.3919799418736,-1013.7020000000001,348.498,-0.6967502921162967,3.7594174757281555
2017-04-05,1046.3339999999998,2,5,4,2,2017,14,0,0,0,0,0,823,0.9749279121818236,-0.22252093395631434,0.8660254037844387,-0.4999999999999998,970.194,441.198,1454.9,640.762,2659.339,682.246,226.46800000000002,1805.992,2190.81,811.303,955.4306666666649,1191.3161428571423,825.619357142857,880.9226666666667,1405.493633333333,955.0576998957193,821.6276334894542,2042.7443232239866,970.194,11.34,2659.339,661.5039999999999,0.0,2659.339,995.3868768597944,1020.6322492829571,528.996,844.894,1.1989990888444644,6.7429688747007175
2017-04-06,1294.75,3,6,4,2,2017,14,0,0,0,0,0,824,0.43388373911755823,-0.900968867902419,0.8660254037844387,-0.4999999999999998,1046.3339999999998,970.194,441.198,2161.48,11.34,92.69999999999999,0.0,0.0,635.6,21.072,819.2419999999983,960.8868571428567,884.1812142857141,844.7484761904763,1413.328,703.213621340225,804.6812706193483,2040.8366991581725,970.194,11.34,2161.48,714.01,0.0,2659.339,1008.1236576448457,1024.0591493785628,76.13999999999987,-1613.005,0.0784791495309185,-0.6065435809424824
2017-04-07,1900.3020000000001,4,7,4,2,2017,14,0,0,0,0,0,825,-0.433883739117558,-0.9009688679024191,0.8660254037844387,-0.4999999999999998,1294.75,1046.3339999999998,970.194,1454.9,640.762,125.30000000000001,745.774,2360.3340000000003,7879.734,2190.81,1103.7593333333316,1144.2311428571425,976.6633571428569,906.4032380952382,1455.7839333333332,568.8549695002246,768.8505090445715,2024.0538643727516,1046.3339999999998,441.198,2161.48,857.9839999999999,11.34,2659.339,1079.7802432336343,1060.1512627947545,248.41600000000017,1283.41,0.23741558622772474,113.17548500881834
2017-04-08,2906.404,5,8,4,2,2017,14,1,0,0,0,0,826,-0.9749279121818236,-0.2225209339563146,0.8660254037844387,-0.4999999999999998,1900.3020000000001,1294.75,1046.3339999999998,441.198,2161.48,2659.339,1346.97,1061.682,896.0219999999999,635.6,1413.7953333333317,1324.165428571428,1059.1296428571427,884.4969523809525,1446.1003333333333,582.1087227963338,803.3244952062676,2021.108838375528,1294.75,441.198,2161.48,1008.2639999999999,11.34,2659.339,1284.9106824252258,1172.1713610887873,605.5520000000001,1259.5400000000002,0.4676980111990734,1.965690849332514
2017-04-09,1115.197,6,9,4,2,2017,14,1,0,0,0,0,827,-0.7818314824680299,0.6234898018587334,0.8660254037844387,-0.4999999999999998,2906.404,1900.3020000000001,1294.75,970.194,1454.9,11.34,682.246,138.68,1694.6419999999998,7879.734,2033.818666666665,1430.5831428571423,1170.5177857142858,972.3408571428571,1521.7938,791.2241029913314,942.3849124579292,2032.1997436267036,1294.75,441.198,2906.404,1008.2639999999999,11.34,2906.404,1690.2840118189192,1403.4023796102824,1006.1019999999999,744.924,0.5294432148153292,0.34463608268408685
2017-04-10,950.594,0,10,4,2,2017,15,0,0,0,0,0,828,0.0,1.0,0.8660254037844387,-0.4999999999999998,1115.197,2906.404,1900.3020000000001,1046.3339999999998,441.198,640.762,92.69999999999999,928.311,8866.882,896.0219999999999,1973.9676666666649,1382.0541428571426,1201.4428571428568,1018.8416666666666,1296.3092333333332,799.8546898869215,932.1778971013471,1639.8260717143066,1115.197,441.198,2906.404,1080.7655,11.34,2906.404,1546.5122588641893,1364.9749956622447,-1791.207,-339.7030000000002,-0.6162966332278651,-0.23348889958072727
2017-04-11,0.0,1,11,4,2,2017,15,0,0,0,0,0,829,0.7818314824680298,0.6234898018587336,0.8660254037844387,-0.4999999999999998,950.594,1115.197,2906.404,1294.75,970.194,2161.48,125.30000000000001,645.7059999999999,669.3679999999999,1694.6419999999998,1657.3983333333317,1454.8249999999994,1262.7209999999998,1019.9027619047619,1298.1283,719.0831592360936,880.448639516855,1639.396931822778,1115.197,950.594,2906.404,1080.7655,11.34,2906.404,1397.532694148142,1309.7241962406122,-164.60299999999984,509.3960000000001,-0.14759993077456257,1.154574590093337
2017-04-12,1542.53,2,12,4,2,2017,15,0,0,0,0,0,830,0.9749279121818236,-0.22252093395631434,0.8660254037844387,-0.4999999999999998,0.0,950.594,1115.197,1900.3020000000001,1046.3339999999998,1454.9,2659.339,226.46800000000002,1805.992,8866.882,688.5969999999983,1316.2258571428567,1253.771,989.1548571428572,1241.6402333333333,899.0424588639308,893.4412229968784,1654.3905391071407,1115.197,0.0,2906.404,1080.7655,0.0,2906.404,1048.1495206111065,1135.0943034085305,-950.594,-970.194,-1.0,-1.0
2017-04-14,1466.572,4,14,4,2,2017,15,0,0,0,0,0,832,-0.433883739117558,-0.9009688679024191,0.8660254037844387,-0.4999999999999998,6.12,1542.53,0.0,1115.197,1900.3020000000001,970.194,640.762,745.774,2360.3340000000003,1805.992,516.216666666665,1203.0209999999993,1173.626071428571,1052.1159047619046,975.3869,1037.1631802082186,804.2156952244255,838.5485383704748,1115.197,0.0,2906.404,1080.7655,0.0,2906.404,880.3384803437473,1031.6458545601854,-1536.41,-1288.63,-0.9960324920747085,-0.9952732187681019
2017-04-15,2201.8559999999998,5,15,4,2,2017,15,1,0,0,0,0,833,-0.9749279121818236,-0.2225209339563146,0.8660254037844387,-0.4999999999999998,1466.572,6.12,1542.53,950.594,2906.404,1046.3339999999998,2161.48,1346.97,1061.682,0.0,1005.0739999999983,1141.0595714285707,1232.6124999999997,1086.439619047619,964.0729,1000.8853231434214,792.3227350235485,829.192870067042,1115.197,0.0,2906.404,1204.9735,0.0,2906.404,1026.8968602578104,1089.636007285494,1460.452,-433.73000000000025,238.63594771241827,-0.2282426687968545
2017-04-16,9335.086000000001,6,16,4,2,2017,15,1,0,0,0,0,834,-0.7818314824680299,0.6234898018587334,0.8660254037844387,-0.4999999999999998,2201.8559999999998,1466.572,6.12,0.0,1115.197,1294.75,1454.9,682.246,138.68,2360.3340000000003,1224.8493333333315,1040.4098571428565,1235.4964999999997,1127.1484761904762,1037.4681,811.2299444860053,796.0286426528959,838.313751691362,1115.197,0.0,2201.8559999999998,1204.9735,0.0,2906.404,1320.6366451933577,1237.932006314095,735.2839999999999,-704.5480000000002,0.5013623606614608,-0.2424122730356827
2017-04-17,421.08500000000004,0,17,4,2,2017,16,0,0,0,0,0,835,0.0,1.0,0.8660254037844387,-0.4999999999999998,9335.086000000001,2201.8559999999998,1466.572,1542.53,950.594,1900.3020000000001,441.198,92.69999999999999,928.311,1061.682,4334.504666666665,2214.679714285714,1798.3669285714284,1539.1884761904762,1269.9598333333333,3242.7420355148834,2309.800012999211,1720.6579022926094,1466.572,0.0,9335.086000000001,1204.9735,0.0,9335.086000000001,3324.2489838950187,2317.5525388055494,7133.230000000001,8219.889000000001,3.2396441910824336,7.370795473804181
2017-04-18,2514.538,1,18,4,2,2017,16,0,0,0,0,0,836,0.7818314824680298,0.6234898018587336,0.8660254037844387,-0.4999999999999998,421.08500000000004,9335.086000000001,2201.8559999999998,6.12,0.0,2906.404,970.194,125.30000000000001,645.7059999999999,138.68,3986.008999999998,2139.035571428571,1796.9302857142854,1554.825857142857,1248.6065999999998,3283.069460758319,2310.7151476338186,1727.2938261571053,1466.572,0.0,9335.086000000001,1204.9735,0.0,9335.086000000001,2598.4579879212642,2064.690200298143,-8914.001,-529.509,-0.9548922205965751,-0.5570296046471995
2017-04-20,0.0,3,20,4,2,2017,16,0,0,0,0,0,838,0.43388373911755823,-0.900968867902419,0.8660254037844387,-0.4999999999999998,1414.132,2514.538,421.08500000000004,2201.8559999999998,6.12,950.594,1294.75,11.34,0.0,645.7059999999999,1449.9183333333315,2479.9127142857137,1933.5118571428573,1609.303523809524,1343.9958999999997,3151.536268459063,2296.5811169131357,1727.5182116579106,1466.572,6.12,9335.086000000001,1440.3519999999999,0.0,9335.086000000001,2286.641493205711,2029.9315193350496,-1100.406,-128.3979999999999,-0.43761756632828774,-0.08323857558686054
2017-04-21,271.616,4,21,4,2,2017,16,0,0,0,0,0,839,-0.433883739117558,-0.9009688679024191,0.8660254037844387,-0.4999999999999998,0.0,1414.132,2514.538,9335.086000000001,1466.572,0.0,1900.3020000000001,640.762,745.774,226.46800000000002,1309.5566666666648,2479.038428571428,1841.0297142857144,1608.7635238095238,1322.4723666666664,3152.3376626209624,2349.7366936353487,1740.4921449945373,1466.572,0.0,9335.086000000001,1440.3519999999999,0.0,9335.086000000001,1714.9811199042833,1759.2739834237098,-1414.132,-6.12,-1.0,-1.0
2017-04-23,720.368,6,23,4,2,2017,16,1,0,0,0,0,841,-0.7818314824680299,0.6234898018587334,0.8660254037844387,-0.4999999999999998,1765.4650000000001,271.616,0.0,2514.538,9335.086000000001,6.12,1115.197,1454.9,682.246,745.774,679.0269999999982,2245.9888571428564,1643.199357142857,1572.3272857142856,1382.8261333333332,3253.79763159657,2362.5073193151457,1722.9803752011383,1414.132,0.0,9335.086000000001,1264.6644999999999,0.0,9335.086000000001,1456.9711299461594,1588.1923075493644,1493.8490000000002,-436.3909999999996,5.499856414938738,-0.19819234318683854
2017-04-24,1607.1,0,24,4,2,2017,17,0,0,0,0,0,842,0.0,1.0,0.8660254037844387,-0.4999999999999998,720.368,1765.4650000000001,271.616,1414.132,421.08500000000004,1466.572,950.594,441.198,92.69999999999999,1346.97,919.1496666666649,1015.3148571428567,1614.9972857142857,1537.3495714285716,1381.9792666666665,912.2778636698931,2371.634085613139,1723.3105036613824,720.368,0.0,2514.538,1182.363,0.0,9335.086000000001,1272.8203474596196,1472.4823998761158,-1045.0970000000002,-8614.718,-0.5919669888669558,-0.9228322052951627
2017-04-25,108.42,1,25,4,2,2017,17,0,0,0,0,0,843,0.7818314824680298,0.6234898018587336,0.8660254037844387,-0.4999999999999998,1607.1,720.368,1765.4650000000001,0.0,2514.538,2201.8559999999998,0.0,970.194,125.30000000000001,682.246,1364.310999999998,1184.745571428571,1661.8905714285715,1592.8687142857143,1390.6502666666668,893.4631653324689,2363.964596672448,1723.7826466859585,1414.132,0.0,2514.538,1440.3519999999999,0.0,9335.086000000001,1356.3902605947146,1490.431413225967,886.7319999999999,1186.0149999999999,1.2309430735401903,2.816569101250341
2017-04-26,434.646,2,26,4,2,2017,17,0,0,0,0,0,844,0.9749279121818236,-0.22252093395631434,0.8660254037844387,-0.4999999999999998,108.42,1607.1,720.368,271.616,1414.132,9335.086000000001,1542.53,1046.3339999999998,2659.339,92.69999999999999,811.9626666666649,841.014428571428,1669.634857142857,1551.8318571428572,1371.5227333333335,747.5214277276021,2358.272230902625,1735.0611015101595,720.368,0.0,1765.4650000000001,1440.3519999999999,0.0,9335.086000000001,1044.3976954460359,1306.163224795838,-1498.6799999999998,-2406.118,-0.932536867649804,-0.9568827355164249
2017-04-27,0.0,3,27,4,2,2017,17,0,0,0,0,0,845,0.43388373911755823,-0.900968867902419,0.8660254037844387,-0.4999999999999998,434.646,108.42,1607.1,1765.4650000000001,0.0,421.08500000000004,6.12,1294.75,11.34,125.30000000000001,716.7219999999983,701.0878571428566,1590.5002857142856,1522.703857142857,1382.9209333333336,713.2490379463793,2381.3408117572517,1727.4769983448932,434.646,0.0,1765.4650000000001,1067.25,0.0,9335.086000000001,891.959771584527,1189.960928156393,326.226,-979.4860000000001,3.00890979524073,-0.6926411395824434
2017-04-30,142.208,6,30,4,2,2017,17,1,0,1,0,0,848,-0.7818314824680299,0.6234898018587334,0.8660254037844387,-0.4999999999999998,0.0,486.672,0.0,108.42,720.368,0.0,9335.086000000001,1115.197,1454.9,640.762,162.2239999999982,479.6008571428566,1362.7948571428572,1255.3331904761906,1305.9440333333334,567.0248771024961,2423.8040733004764,1721.061003318341,434.646,0.0,1607.1,460.659,0.0,9335.086000000001,467.54652863722225,830.8581449361765,-486.672,-1765.4650000000001,-1.0,-1.0
2017-05-02,767.316,1,2,5,2,2017,18,0,0,0,0,0,850,0.7818314824680298,0.6234898018587336,0.49999999999999994,-0.8660254037844387,517.866,142.208,0.0,0.0,108.42,1765.4650000000001,2514.538,0.0,970.194,1454.9,220.02466666666484,241.40171428571375,713.0736428571429,1188.3942857142858,1234.5384333333334,230.2196316922777,795.2893404080745,1727.5401603194628,142.208,0.0,517.866,460.659,0.0,2514.538,419.1254223584375,709.5485088631726,375.658,-1089.234,2.6416094734473448,-0.6777636736979653
2017-05-03,1099.013,2,3,5,2,2017,18,0,0,0,0,0,851,0.9749279121818236,-0.22252093395631434,0.49999999999999994,-0.8660254037844387,767.316,517.866,142.208,486.672,434.646,720.368,1414.132,1542.53,1046.3339999999998,441.198,475.7966666666648,335.5297142857138,588.2720714285715,1224.933142857143,1211.6189666666667,292.9412938329599,605.2284442566322,1729.0762301812758,434.646,0.0,767.316,460.659,0.0,1765.4650000000001,506.17306676882816,717.2508410147497,249.45000000000005,658.8960000000001,0.4816883131929883,6.077255118981737
2017-05-04,0.0,3,4,5,2,2017,18,0,0,0,0,0,852,0.43388373911755823,-0.900968867902419,0.49999999999999994,-0.8660254037844387,1099.013,767.316,517.866,0.0,0.0,1607.1,0.0,6.12,1294.75,970.194,794.7316666666648,430.4392857142852,565.7635714285715,1203.8132857142857,1233.5461333333333,413.30285748370494,577.3705599240699,1723.130083970761,486.672,0.0,1099.013,460.659,0.0,1765.4650000000001,654.3830500766211,768.1524622127831,331.6969999999999,664.367,0.4322821366946601,1.5285243623546516
2017-05-08,1340.2440000000001,0,8,5,2,2017,19,0,0,0,0,0,856,0.0,1.0,0.49999999999999994,-0.8660254037844387,4835.976,236.96,2701.28,1099.013,517.866,486.672,1607.1,421.08500000000004,950.594,2906.404,2591.405333333332,1451.201571428571,924.1040714285713,954.5076666666666,1318.9673333333333,1735.060717388083,1355.6001985918365,1884.4288393238048,767.316,0.0,4835.976,460.659,0.0,4835.976,1840.3423869383057,1376.0739965088258,4599.016,4693.768,19.40840648210668,33.00635688568857
2017-05-09,1283.512,1,9,5,2,2017,19,0,0,0,0,0,857,0.7818314824680298,0.6234898018587336,0.49999999999999994,-0.8660254037844387,1340.2440000000001,4835.976,236.96,0.0,767.316,0.0,108.42,2514.538,0.0,1115.197,2137.726666666664,1568.6841428571424,905.0429285714287,998.2771428571428,1266.762,1688.5494450255542,1347.107359688699,1860.4766267776831,1099.013,0.0,4835.976,460.659,0.0,4835.976,1715.3177902037291,1371.2966636409824,-3495.7319999999995,822.3780000000002,-0.7228596667973538,1.5880131153618895
2017-05-10,763.0200000000001,2,10,5,2,2017,19,0,0,0,0,0,858,0.9749279121818236,-0.22252093395631434,0.49999999999999994,-0.8660254037844387,1283.512,1340.2440000000001,4835.976,2701.28,1099.013,142.208,434.646,1414.132,1542.53,950.594,2486.5773333333314,1642.4264285714278,988.9780714285715,939.6568571428572,1272.3725000000002,1658.7275317511462,1330.1554661498712,1860.2575773333986,1283.512,0.0,4835.976,502.269,0.0,4835.976,1607.3663426527967,1359.5920418221847,-56.7320000000002,516.1959999999999,-0.042329605653895985,0.6727293579177287
2017-05-11,5.98,3,11,5,2,2017,19,0,0,0,0,0,859,0.43388373911755823,-0.900968867902419,0.49999999999999994,-0.8660254037844387,763.0200000000001,1283.512,1340.2440000000001,236.96,0.0,517.866,0.0,0.0,6.12,0.0,1128.9253333333315,1594.427428571428,1012.4333571428572,908.6515238095238,1266.1200333333331,1681.7744761505874,1322.5019189256761,1861.691066011786,1283.512,0.0,4835.976,640.443,0.0,4835.976,1396.2797569895977,1280.04910291256,-520.4919999999998,-335.9929999999998,-0.40552172476766857,-0.30572249827800024
2017-05-13,0.0,5,13,5,2,2017,19,1,0,0,0,0,861,-0.9749279121818236,-0.2225209339563146,0.49999999999999994,-0.8660254037844387,918.878,5.98,763.0200000000001,1340.2440000000001,236.96,1099.013,0.0,1765.4650000000001,2201.8559999999998,6.12,562.6259999999983,1340.6528571428566,1043.7323571428572,939.7582857142859,1245.5309666666665,1619.2381142573727,1313.939675067878,1861.8424816482275,918.878,5.98,4835.976,765.1680000000001,0.0,4835.976,1016.2481133066486,1084.6671928543233,912.898,-1782.402,152.65852842809363,-0.6598360777113073
2017-05-14,455.93,6,14,5,2,2017,19,1,0,0,0,0,862,-0.7818314824680299,0.6234898018587334,0.49999999999999994,-0.8660254037844387,0.0,918.878,5.98,1283.512,4835.976,0.0,142.208,720.368,9335.086000000001,1466.572,308.2859999999982,1306.8014285714282,1043.7323571428572,855.688523809524,1245.3269666666667,1648.372083295389,1313.939675067878,1861.9832952673291,918.878,0.0,4835.976,765.1680000000001,0.0,4835.976,762.1860849799865,940.0449004737469,-918.878,-236.96,-1.0,-1.0
2017-05-16,880.4599999999999,1,16,5,2,2017,20,0,0,0,0,0,864,0.7818314824680298,0.6234898018587336,0.49999999999999994,-0.8660254037844387,648.9119999999999,455.93,0.0,5.98,1283.512,236.96,767.316,108.42,2514.538,9335.086000000001,368.2806666666649,582.3188571428566,1075.5014999999999,797.468238095238,1159.8741000000002,470.685192526563,1296.1977039841017,1860.0923912741036,648.9119999999999,0.0,1283.512,765.1680000000001,0.0,4835.976,676.4445478012424,845.2850141336144,192.9819999999999,-691.3320000000002,0.42327111618011526,-0.5158254765550154
2017-05-17,346.922,2,17,5,2,2017,20,0,0,0,0,0,865,0.9749279121818236,-0.22252093395631434,0.49999999999999994,-0.8660254037844387,880.4599999999999,648.9119999999999,455.93,918.878,763.0200000000001,4835.976,1099.013,434.646,1414.132,421.08500000000004,661.7673333333315,524.7399999999996,1083.5832142857143,834.2320476190478,878.0532333333334,388.00265177954367,1294.4799617668984,1037.2320596417808,648.9119999999999,0.0,918.878,821.74,0.0,4835.976,727.4484108509317,849.9750122491325,231.548,-403.052,0.3568249623985995,-0.31402277501106346
2017-05-18,122.22,3,18,5,2,2017,20,0,0,0,0,0,866,0.43388373911755823,-0.900968867902419,0.49999999999999994,-0.8660254037844387,346.922,880.4599999999999,648.9119999999999,0.0,5.98,1340.2440000000001,0.0,0.0,0.0,2514.538,625.4313333333315,465.29742857142804,1029.8624285714284,830.0547142857143,875.5811333333334,377.1348773682653,1309.3112568565161,1038.4464042967277,455.93,0.0,918.878,705.966,0.0,4835.976,632.3168081381988,782.9012772825815,-533.5379999999999,-416.09800000000007,-0.6059764214160779,-0.5453303976304684
2017-05-19,1582.008,4,19,5,2,2017,20,0,0,0,0,0,867,-0.433883739117558,-0.9009688679024191,0.49999999999999994,-0.8660254037844387,122.22,346.922,880.4599999999999,455.93,918.878,1283.512,2701.28,486.672,271.616,1414.132,449.86733333333154,481.9031428571423,1038.5924285714286,835.8747142857144,795.8372,355.47706628853064,1302.3050201341368,999.3680355281532,455.93,0.0,918.878,705.966,0.0,4835.976,504.7926061036491,694.8104403115707,-224.70200000000003,116.24,-0.6477017888747327,19.438127090301002
2017-05-20,2471.913,5,20,5,2,2017,20,1,0,0,0,0,868,-0.9749279121818236,-0.2225209339563146,0.49999999999999994,-0.8660254037844387,1582.008,122.22,346.922,648.9119999999999,0.0,763.0200000000001,236.96,0.0,1765.4650000000001,0.0,683.7166666666649,576.6359999999994,958.6444285714285,888.0335714285713,801.4330666666666,534.578827882248,1224.4077286055638,1003.4113245011888,455.93,0.0,1582.008,705.966,0.0,4835.976,774.0964545777368,813.1034482700279,1459.788,663.13,11.943937162493864,0.7216736062894094
2017-05-22,1799.2,0,22,5,2,2017,21,0,0,0,0,0,870,0.0,1.0,0.49999999999999994,-0.8660254037844387,2718.2140000000004,2471.913,1582.008,346.922,648.9119999999999,918.878,1340.2440000000001,517.866,1607.1,1765.4650000000001,2257.3783333333317,1252.949857142857,967.0152142857144,1128.4106666666667,965.3834333333333,1028.2830615202404,846.7050640925863,1081.718841117949,880.4599999999999,122.22,2718.2140000000004,821.74,0.0,2718.2140000000004,1578.4664431999772,1258.8028478117099,246.30100000000039,2262.2840000000006,0.09963983360255813,4.961910819643367
2017-05-23,10560.978000000001,1,23,5,2,2017,21,0,0,0,0,0,871,0.7818314824680298,0.6234898018587336,0.49999999999999994,-0.8660254037844387,1799.2,2718.2140000000004,2471.913,122.22,880.4599999999999,0.0,1283.512,767.316,108.42,720.368,2329.775666666665,1417.2767142857138,999.7977857142857,1189.4265714285714,966.5079333333334,1007.3645981402171,870.809044046724,1082.596424059048,1582.008,122.22,2718.2140000000004,821.74,0.0,2718.2140000000004,1633.6498323999829,1330.8558014368152,-919.0140000000004,1150.288,-0.33809479312519186,1.7726409744310483
2017-05-24,277.756,2,24,5,2,2017,21,0,0,0,0,0,872,0.9749279121818236,-0.22252093395631434,0.49999999999999994,-0.8660254037844387,10560.978000000001,1799.2,2718.2140000000004,1582.008,346.922,455.93,763.0200000000001,1099.013,434.646,1607.1,5026.130666666665,2800.207857142857,1662.4739285714288,1655.7914285714287,1294.5282666666667,3559.501645782377,2703.924882829645,2057.3986448002884,1799.2,122.22,10560.978000000001,821.74,0.0,10560.978000000001,3865.4818742999873,2561.5387612452396,8761.778,9680.518000000002,4.8698188083592715,10.994841332939602
2017-05-25,1311.97,3,25,5,2,2017,21,0,0,0,0,0,873,0.43388373911755823,-0.900968867902419,0.49999999999999994,-0.8660254037844387,277.756,10560.978000000001,1799.2,2471.913,122.22,648.9119999999999,5.98,0.0,0.0,108.42,4212.644666666665,2790.3269999999998,1627.8122142857142,1616.6839523809526,1250.2168,3567.533701157002,2719.407929421013,2064.7368196371503,1799.2,122.22,10560.978000000001,764.6859999999999,0.0,10560.978000000001,2968.5504057249905,2257.034393079208,-10283.222000000002,-69.16600000000005,-0.9736997842434668,-0.1993704636777145
2017-05-26,1975.356,4,26,5,2,2017,21,0,0,0,0,0,874,-0.433883739117558,-0.9009688679024191,0.49999999999999994,-0.8660254037844387,1311.97,277.756,10560.978000000001,2718.2140000000004,1582.008,880.4599999999999,918.878,2701.28,486.672,434.646,4050.2346666666654,2960.291285714285,1721.0972142857142,1679.1587142857143,1290.3351333333335,3445.487621523193,2681.6315444384063,2053.4481933611874,1799.2,277.756,10560.978000000001,899.669,0.0,10560.978000000001,2554.4053042937426,2131.0258073353134,1034.214,1189.75,3.7234623194458454,9.734495172639503
2017-05-27,5305.078,5,27,5,2,2017,21,1,0,0,0,0,875,-0.9749279121818236,-0.2225209339563146,0.49999999999999994,-0.8660254037844387,1975.356,1311.97,277.756,1799.2,2471.913,346.922,0.0,236.96,0.0,0.0,1188.3606666666649,3016.4838571428563,1796.5599285714286,1644.5909047619048,1341.6921333333335,3422.392904732904,2672.168347220503,2050.5740025083087,1975.356,277.756,10560.978000000001,1096.215,0.0,10560.978000000001,2409.6429782203068,2110.269833023938,663.386,393.34799999999996,0.5056411350869303,0.24863843924935902
2017-05-28,2137.324,6,28,5,2,2017,21,1,0,0,0,0,876,-0.7818314824680299,0.6234898018587334,0.49999999999999994,-0.8660254037844387,5305.078,1975.356,1311.97,10560.978000000001,2718.2140000000004,122.22,455.93,4835.976,142.208,486.672,2864.134666666665,3421.221714285714,2175.4940714285717,1885.9298571428571,1518.5280666666667,3513.570258474878,2772.0873013559385,2156.8728942857565,1975.356,277.756,10560.978000000001,1446.989,122.22,10560.978000000001,3133.50173366523,2536.244255287413,3329.7220000000007,2833.1650000000004,1.6856313494883963,1.1461426838242286
2017-05-29,1063.185,0,29,5,2,2017,22,0,0,0,0,0,877,0.0,1.0,0.49999999999999994,-0.8660254037844387,2137.324,5305.078,1975.356,277.756,1799.2,1582.008,648.9119999999999,1340.2440000000001,517.866,0.0,3139.2526666666654,3338.237428571428,2295.593642857143,1757.422619047619,1573.5498000000002,3539.7039546669625,2727.9282889036076,2150.6877770134515,1975.356,277.756,10560.978000000001,1690.604,122.22,10560.978000000001,2884.4573002489224,2483.054887915758,-3167.7540000000004,-580.8900000000003,-0.5971173279638866,-0.21370282104352356
2017-05-30,8090.578,1,30,5,2,2017,22,0,0,0,0,0,878,0.7818314824680298,0.6234898018587336,0.49999999999999994,-0.8660254037844387,1063.185,2137.324,5305.078,1311.97,10560.978000000001,2471.913,880.4599999999999,1283.512,767.316,142.208,2835.195666666665,3233.092428571428,2325.1845714285714,1744.2293333333337,1608.9893000000002,3603.39801597371,2710.8857146061146,2132.5475620103175,1975.356,277.756,10560.978000000001,1690.604,122.22,10560.978000000001,2429.1392251866914,2293.738902860324,-1074.1390000000001,-736.0150000000001,-0.5025625501795703,-0.40907903512672306
2017-05-31,438.85900000000004,2,31,5,2,2017,22,0,0,1,0,0,879,0.9749279121818236,-0.22252093395631434,0.49999999999999994,-0.8660254037844387,8090.578,1063.185,2137.324,1975.356,277.756,2718.2140000000004,346.922,763.0200000000001,1099.013,517.866,3763.695666666665,2880.178142857142,2840.193,2068.3753333333334,1873.9349666666667,2796.7923068638447,3075.6485045678032,2418.5965760177805,1975.356,277.756,8090.578,1887.278,122.22,10560.978000000001,3844.498918890019,3066.650782478948,7027.393,-2470.4000000000005,6.609755592864836,-0.23391772996781168
2017-06-01,0.0,3,1,6,2,2017,22,0,1,0,0,0,880,0.43388373911755823,-0.900968867902419,1.2246467991473532e-16,-1.0,438.85900000000004,8090.578,1063.185,5305.078,1311.97,1799.2,122.22,5.98,0.0,767.316,3197.5406666666654,2903.1928571428566,2846.7599285714286,2052.9390952380954,1871.3014,2772.3640229513126,3070.008511186587,2420.1665976124327,1975.356,438.85900000000004,8090.578,1887.278,122.22,10560.978000000001,2993.0889391675146,2716.2785448150885,-7651.719,161.10300000000007,-0.9457567802943128,0.5800162732758252
2017-06-02,157.844,4,2,6,2,2017,22,0,0,0,0,0,881,-0.433883739117558,-0.9009688679024191,1.2246467991473532e-16,-1.0,0.0,438.85900000000004,8090.578,2137.324,1975.356,10560.978000000001,1582.008,918.878,2701.28,1099.013,2843.1456666666654,2715.7685714285712,2838.0299285714286,2052.6543333333334,1845.7242,2937.307644739526,3078.5140852714976,2436.2375161457394,1975.356,0.0,8090.578,1887.278,0.0,10560.978000000001,2244.8167043756357,2354.108072173077,-438.85900000000004,-1311.97,-1.0,-1.0
2017-06-04,2316.5229999999997,6,4,6,2,2017,22,1,0,0,0,0,883,-0.7818314824680299,0.6234898018587334,1.2246467991473532e-16,-1.0,0.0,157.844,0.0,8090.578,2137.324,1311.97,2718.2140000000004,455.93,4835.976,2701.28,52.61466666666515,1698.2557142857138,2559.738714285714,2016.4146190476192,1814.3519000000001,2920.7582706029507,3230.2199311794307,2452.1923979076832,438.85900000000004,0.0,8090.578,1555.585,0.0,10560.978000000001,1292.305146211295,1786.4364808766666,-157.844,-5305.078,-1.0,-1.0
2017-06-06,5477.352,1,6,6,2,2017,23,0,0,0,0,0,885,0.7818314824680298,0.6234898018587336,1.2246467991473532e-16,-1.0,659.82,2316.5229999999997,0.0,0.0,8090.578,5305.078,10560.978000000001,880.4599999999999,1283.512,4835.976,992.1143333333317,1666.2319999999995,2449.6622142857145,2105.5337142857143,1815.622,2945.1174855304102,3264.5160579006133,2440.2829386600747,438.85900000000004,0.0,8090.578,1187.5774999999999,0.0,10560.978000000001,1326.2247072438531,1697.4753923029184,-1656.7029999999995,-403.3649999999999,-0.7151679478252535,-0.3793930501276823
2017-06-07,51.562,2,7,6,2,2017,23,0,0,0,0,0,886,0.9749279121818236,-0.22252093395631434,1.2246467991473532e-16,-1.0,5477.352,659.82,2316.5229999999997,157.844,438.85900000000004,2137.324,277.756,346.922,763.0200000000001,1340.2440000000001,2817.898333333332,1292.9139999999993,2086.5460714285714,2324.4333333333334,1837.0012000000002,2013.2540758797174,2481.769858509401,2470.281709486989,438.85900000000004,0.0,5477.352,1187.5774999999999,0.0,8090.578,2364.00653043289,2201.4589399958627,4817.532,-2613.2260000000006,7.3012821678639614,-0.32299620620430336
2017-06-08,0.0,3,8,6,2,2017,23,0,0,0,0,0,887,0.43388373911755823,-0.900968867902419,1.2246467991473532e-16,-1.0,51.562,5477.352,659.82,0.0,0.0,1063.185,1311.97,122.22,5.98,1283.512,2062.911333333332,1237.5858571428564,2070.389357142857,2310.3685714285716,1794.0451333333333,2045.697446895664,2495.151379630153,2490.340848529564,157.844,0.0,5477.352,1187.5774999999999,0.0,8090.578,1785.8953978246675,1914.806014663081,-5425.79,-387.297,-0.9905863271157304,-0.8825089607368198
2017-06-12,2962.563,0,12,6,2,2017,24,0,0,0,0,0,891,0.0,1.0,1.2246467991473532e-16,-1.0,1623.416,1412.3960000000002,1688.4720000000002,51.562,659.82,157.844,1063.185,1799.2,648.9119999999999,0.0,1574.761333333332,1559.0025714285707,1641.4290714285712,2207.031857142857,1852.4749333333334,1866.6932681776038,2359.4692948827255,2476.56234296295,1412.3960000000002,0.0,5477.352,861.5025,0.0,8090.578,1473.1880907179614,1629.0351056749091,211.01999999999975,-693.1069999999997,0.14940569075528365,-0.2992014324917127
2017-06-13,430.43800000000005,1,13,6,2,2017,24,0,0,0,0,0,892,0.7818314824680298,0.6234898018587336,1.2246467991473532e-16,-1.0,2962.563,1623.416,1412.3960000000002,0.0,5477.352,0.0,8090.578,10560.978000000001,880.4599999999999,455.93,1999.4583333333321,1887.9658571428565,1777.0989285714288,2262.4300952380954,1951.2270333333333,1884.6395420704307,2378.1955005453997,2459.15280434471,1623.416,0.0,5477.352,1036.1080000000002,0.0,8090.578,1845.531818038471,1806.8388249182547,1339.1470000000002,2302.743,0.8248945433579564,3.4899563517322907
2017-06-14,3457.099,2,14,6,2,2017,24,0,0,0,0,0,893,0.9749279121818236,-0.22252093395631434,1.2246467991473532e-16,-1.0,430.43800000000005,2962.563,1623.416,1688.4720000000002,51.562,2316.5229999999997,438.85900000000004,277.756,346.922,648.9119999999999,1672.1389999999983,1166.9781428571425,1229.9460714285713,1780.0234285714284,1950.3773,1073.4002673722284,1551.3713558468442,2459.6916497453735,1412.3960000000002,0.0,2962.563,549.3395,0.0,5477.352,1491.7583635288534,1623.318714929154,-2532.125,-5046.914,-0.854707562337071,-0.9214149464923926
2017-06-15,173.488,3,15,6,2,2017,24,0,0,0,0,0,894,0.43388373911755823,-0.900968867902419,1.2246467991473532e-16,-1.0,3457.099,430.43800000000005,2962.563,1412.3960000000002,0.0,659.82,0.0,1311.97,122.22,880.4599999999999,2283.3666666666654,1653.4834285714282,1445.534642857143,1931.4207142857142,2043.9835333333333,1242.0961732321364,1640.1567338679574,2461.888410939075,1623.416,0.0,3457.099,1036.1080000000002,0.0,5477.352,1983.09352264664,1867.8227529386002,3026.661,3405.5370000000003,7.031584107351117,66.04741864163532
2017-06-17,3000.92,5,17,6,2,2017,24,1,0,0,0,0,896,-0.9749279121818236,-0.2225209339563146,1.2246467991473532e-16,-1.0,147.27499999999998,173.488,3457.099,2962.563,1412.3960000000002,51.562,0.0,5305.078,2471.913,122.22,1259.287333333332,1458.0964285714283,1457.1717142857142,1790.1558095238097,2013.7629000000004,1336.2511935239754,1629.6637387443063,2481.6637580274078,1412.3960000000002,147.27499999999998,3457.099,1036.1080000000002,0.0,5477.352,1184.8378564887348,1442.6265922072155,-26.213000000000022,-1541.1970000000001,-0.15109402379415304,-0.9127761668538181
2017-06-18,541.938,6,18,6,2,2017,24,1,0,0,0,0,897,-0.7818314824680299,0.6234898018587334,1.2246467991473532e-16,-1.0,3000.92,147.27499999999998,173.488,430.43800000000005,1623.416,0.0,2316.5229999999997,2137.324,2718.2140000000004,1582.008,1107.2276666666653,1685.028428571428,1671.5231428571428,1680.434,2109.719566666667,1456.658998540925,1620.588890914415,2461.5758155162584,1623.416,147.27499999999998,3457.099,1517.906,0.0,5477.352,1638.858392366551,1650.3990465795869,2853.645,1588.524,19.3763028348328,1.1247015709475243
2017-06-19,17.12,0,19,6,2,2017,25,0,0,0,0,0,898,0.0,1.0,1.2246467991473532e-16,-1.0,541.938,3000.92,147.27499999999998,3457.099,2962.563,1688.4720000000002,659.82,1063.185,1799.2,2471.913,1230.0443333333321,1530.5315714285712,1544.7670714285716,1604.4632380952378,2075.050566666667,1520.2470913555192,1635.5899182734554,2476.543132500021,541.938,147.27499999999998,3457.099,1036.1080000000002,0.0,5477.352,1364.6282942749133,1502.6042403689753,-2458.982,-1081.478,-0.8194093811231222,-0.6661742892764393
2017-06-20,1229.548,1,20,6,2,2017,25,0,0,0,0,0,899,0.7818314824680298,0.6234898018587336,1.2246467991473532e-16,-1.0,17.12,541.938,3000.92,173.488,430.43800000000005,1412.3960000000002,5477.352,8090.578,10560.978000000001,2718.2140000000004,1186.659333333332,1109.7539999999995,1498.8599285714286,1554.650619047619,1993.2241333333334,1464.424319909008,1670.975686531927,2503.3868244862256,430.43800000000005,17.12,3457.099,977.1670000000001,0.0,5477.352,1027.751220706185,1304.5396749864453,-524.818,-2945.443,-0.9684096704789109,-0.9942212199369262
2017-06-21,577.108,2,21,6,2,2017,25,0,0,0,0,0,900,0.9749279121818236,-0.22252093395631434,1.2246467991473532e-16,-1.0,1229.548,17.12,541.938,147.27499999999998,3457.099,1623.416,51.562,438.85900000000004,277.756,1799.2,596.2019999999986,1223.912571428571,1195.4453571428571,1227.9349047619048,1943.6019333333336,1433.4623963799145,1216.9748372036565,2503.274698340459,541.938,17.12,3457.099,885.7429999999999,0.0,3457.099,1078.2004155296388,1294.5407849882527,1212.428,799.1099999999999,70.81939252336448,1.8565043049173164
2017-06-22,0.0,3,22,6,2,2017,25,0,0,0,0,0,901,0.43388373911755823,-0.900968867902419,1.2246467991473532e-16,-1.0,577.108,1229.548,17.12,3000.92,173.488,2962.563,0.0,0.0,1311.97,10560.978000000001,607.925333333332,812.4852857142852,1232.984357142857,1234.5181904761903,1902.8655333333336,1046.8376426063073,1186.7053385877696,2515.618881611795,541.938,17.12,3000.92,903.328,0.0,3457.099,952.9273116472291,1198.8830803231524,-652.44,-2879.991,-0.5306340216079406,-0.8330658161655191
2017-06-23,2475.094,4,23,6,2,2017,25,0,0,0,0,0,902,-0.433883739117558,-0.9009688679024191,1.2246467991473532e-16,-1.0,0.0,577.108,1229.548,541.938,147.27499999999998,430.43800000000005,1688.4720000000002,157.844,1975.356,277.756,602.2186666666653,787.7012857142852,1232.984357142857,1234.5181904761903,1550.8329333333336,1066.3590219078176,1186.7053385877696,1933.925698183556,541.938,0.0,3000.92,903.328,0.0,3457.099,714.6954837354218,1039.032002946732,-577.108,-173.488,-1.0,-1.0
2017-06-25,893.266,6,25,6,2,2017,25,1,0,0,0,0,904,-0.7818314824680299,0.6234898018587334,1.2246467991473532e-16,-1.0,5310.952,2475.094,0.0,1229.548,541.938,173.488,1623.416,2316.5229999999997,2137.324,1975.356,2595.3486666666654,1450.251428571428,1567.6399285714288,1597.765904761905,1757.3769333333335,1903.8788840521297,1633.132485512498,2038.3998998067082,577.108,0.0,5310.952,903.328,0.0,5310.952,2193.8343346011748,1774.566277768879,2835.858,2310.032,1.1457576964753664,0.769774602455247
2017-06-26,1919.6000000000001,0,26,6,2,2017,26,0,0,0,0,0,905,0.0,1.0,1.2246467991473532e-16,-1.0,893.266,5310.952,2475.094,577.108,17.12,147.27499999999998,2962.563,659.82,1063.185,5305.078,2893.103999999999,1500.4411428571423,1515.4863571428573,1529.991761904762,1721.3072666666667,1880.4297054137494,1642.8439598472398,2043.9759479692407,893.266,0.0,5310.952,735.1869999999999,0.0,5310.952,1868.6922509508809,1657.0595740663618,-4417.686000000001,351.328,-0.8318068022456238,0.6482807996486684
2017-06-27,778.7059999999999,1,27,6,2,2017,26,0,0,0,0,0,906,0.7818314824680298,0.6234898018587336,1.2246467991473532e-16,-1.0,1919.6000000000001,893.266,5310.952,0.0,1229.548,3000.92,430.43800000000005,5477.352,8090.578,2137.324,2707.939333333332,1772.2239999999997,1440.989,1589.9812857142858,1608.4579999999999,1764.2036138454366,1595.1308273383834,1929.5448027592884,1229.548,0.0,5310.952,735.1869999999999,0.0,5310.952,1881.4191882131609,1692.064964190847,1026.3340000000003,1902.4800000000002,1.1489679445988097,111.12616822429906
2017-06-28,877.156,2,28,6,2,2017,26,0,0,0,0,0,907,0.9749279121818236,-0.22252093395631434,1.2246467991473532e-16,-1.0,778.7059999999999,1919.6000000000001,893.266,2475.094,577.108,541.938,3457.099,51.562,438.85900000000004,1063.185,1197.1906666666653,1707.8179999999995,1465.8652857142856,1366.2362380952381,1563.1707333333331,1795.2729686655728,1580.8102223091637,1932.6452505496359,893.266,0.0,5310.952,835.9859999999999,0.0,5310.952,1605.7408911598707,1570.2837689654007,-1140.8940000000002,-450.8420000000001,-0.5943394457178579,-0.3666729562408301
2017-06-29,191.88,3,29,6,2,2017,26,0,0,0,0,0,908,0.43388373911755823,-0.900968867902419,1.2246467991473532e-16,-1.0,877.156,778.7059999999999,1919.6000000000001,5310.952,0.0,17.12,173.488,0.0,0.0,8090.578,1191.820666666665,1750.6819999999993,1281.583642857143,1405.550238095238,1556.9697666666666,1767.1381378186875,1477.8524765062432,1934.602241849243,893.266,0.0,5310.952,827.9309999999999,0.0,5310.952,1423.594668369903,1477.8667331033473,98.45000000000005,300.048,0.12642768901228463,0.5199165494153608
2017-07-01,1724.376,5,1,7,3,2017,26,1,1,0,1,0,910,-0.9749279121818236,-0.2225209339563146,-0.4999999999999997,-0.8660254037844388,1352.9499999999998,191.88,877.156,1919.6000000000001,5310.952,577.108,3000.92,1412.3960000000002,0.0,0.0,807.3286666666651,1617.7871428571423,1369.0169999999998,1398.710142857143,1324.1495333333335,1713.2537317228994,1440.1819889843532,1495.7251414295094,893.266,191.88,5310.952,885.211,0.0,5310.952,1174.9870009580704,1312.6082573087365,1161.0699999999997,-1122.1440000000002,6.051021471753178,-0.4533742960873406
2017-07-02,772.786,6,2,7,3,2017,26,1,0,0,0,0,911,-0.7818314824680299,0.6234898018587334,-0.4999999999999997,-0.8660254037844388,1724.376,1352.9499999999998,191.88,778.7059999999999,893.266,0.0,541.938,1623.416,2316.5229999999997,157.844,1089.7353333333317,1105.4191428571423,1277.8352857142856,1413.5663333333334,1381.6287333333335,598.0075035814943,1367.4903809343853,1476.0888528932999,893.266,191.88,1919.6000000000001,885.211,0.0,5310.952,1312.3342507185528,1367.510623000905,371.42600000000016,-3586.576,0.2745304704534537,-0.6753169676547632
2017-07-03,847.6999999999999,0,3,7,3,2017,27,0,0,0,0,0,912,0.0,1.0,-0.4999999999999997,-0.8660254037844388,772.786,1724.376,1352.9499999999998,877.156,1919.6000000000001,2475.094,17.12,2962.563,659.82,0.0,1283.370666666665,1088.2077142857138,1294.3244285714286,1373.060142857143,1402.1267999999998,606.8003604738543,1359.3016511756064,1462.7176646243681,877.156,191.88,1919.6000000000001,885.211,0.0,5310.952,1177.4471880389146,1288.2140066007844,-951.59,-120.48000000000002,-0.5518460011041675,-0.13487583765642042
2017-07-04,1651.301,1,4,7,3,2017,27,0,0,0,0,0,913,0.7818314824680298,0.6234898018587336,-0.4999999999999997,-0.8660254037844388,847.6999999999999,772.786,1724.376,191.88,778.7059999999999,5310.952,1229.548,430.43800000000005,5477.352,2316.5229999999997,1114.9539999999984,935.0791428571422,1353.6515714285713,1272.3523809523808,1430.3834666666667,485.06569606577006,1316.728434564344,1442.749080421644,847.6999999999999,191.88,1724.376,885.211,0.0,5310.952,1095.010391029186,1229.47880572068,74.91399999999999,-1071.9,0.09694016195945587,-0.5583975828297563
2017-07-05,0.0,2,5,7,3,2017,27,0,0,0,0,0,914,0.9749279121818236,-0.22252093395631434,-0.4999999999999997,-0.8660254037844388,1651.301,847.6999999999999,772.786,1352.9499999999998,877.156,893.266,577.108,3457.099,51.562,659.82,1090.595666666665,1059.735571428571,1383.7767857142858,1330.4887142857142,1408.2094,546.4245891172117,1318.4941031769313,1433.74398919089,877.156,191.88,1724.376,885.211,0.0,5310.952,1234.0830432718894,1285.7217649579227,803.601,872.595,0.9479780582753334,1.1205705362485974
2017-07-06,0.0,3,6,7,3,2017,27,0,0,0,0,0,915,0.43388373911755823,-0.900968867902419,-0.4999999999999997,-0.8660254037844388,0.0,1651.301,847.6999999999999,1724.376,191.88,1919.6000000000001,0.0,173.488,0.0,5477.352,833.0003333333316,934.4275714285708,1342.5547857142858,1165.8649523809522,1386.2154,679.6161302470042,1354.1923854437664,1450.5823789896772,847.6999999999999,0.0,1724.376,885.211,0.0,5310.952,925.5622824539171,1114.2921962968665,-1651.301,-877.156,-1.0,-1.0
2017-07-09,573.286,6,9,7,3,2017,27,1,0,0,0,0,918,-0.7818314824680299,0.6234898018587334,-0.4999999999999997,-0.8660254037844388,2616.512,3882.2309999999998,0.0,1651.301,772.786,191.88,893.266,541.938,1623.416,1688.4720000000002,2166.247666666665,1395.7899999999995,1250.6045714285715,1317.153523809524,1418.5430333333331,1433.110428357481,1065.6747290806127,1315.886496178736,847.6999999999999,0.0,3882.2309999999998,885.211,0.0,3882.2309999999998,1772.5179004102465,1522.8445763745824,-1265.7189999999996,892.1360000000002,-0.3260287705703241,0.517367441903622
2017-07-10,895.895,0,10,7,3,2017,28,0,0,0,0,0,919,0.0,1.0,-0.4999999999999997,-0.8660254037844388,573.286,2616.512,3882.2309999999998,0.0,847.6999999999999,1352.9499999999998,1919.6000000000001,17.12,2962.563,1412.3960000000002,2357.3429999999985,1367.2899999999995,1227.748857142857,1318.6462857142858,1381.3701666666666,1449.4554204483015,1077.2961305519184,1323.7265057510438,847.6999999999999,0.0,3882.2309999999998,862.4279999999999,0.0,3882.2309999999998,1472.709925307685,1396.2367661913047,-2043.226,-199.5,-0.7808968581072818,-0.25815685066758454
2017-07-11,0.0,1,11,7,3,2017,28,0,0,0,0,0,920,0.7818314824680298,0.6234898018587336,-0.4999999999999997,-0.8660254037844388,895.895,573.286,2616.512,0.0,1651.301,1724.376,778.7059999999999,1229.548,430.43800000000005,1623.416,1361.8976666666651,1374.1749999999993,1154.6270714285713,1360.4927142857143,1364.1534666666666,1446.6878118972188,1061.3483524674923,1326.664667907605,895.895,0.0,3882.2309999999998,862.4279999999999,0.0,3882.2309999999998,1328.5061939807638,1329.5245306991308,322.60900000000004,48.19500000000005,0.5627365747637305,0.0568538398018168
2017-07-12,95.76,2,12,7,3,2017,28,0,0,0,0,0,921,0.9749279121818236,-0.22252093395631434,-0.4999999999999997,-0.8660254037844388,0.0,895.895,573.286,3882.2309999999998,0.0,772.786,877.156,577.108,3457.099,2962.563,489.7269999999985,1138.2748571428567,1099.0052142857141,1301.9428095238095,1310.0396,1526.403710223294,1102.1837825584962,1348.6517327804193,573.286,0.0,3882.2309999999998,862.4279999999999,0.0,3882.2309999999998,996.3796454855728,1152.25459327258,-895.895,-1651.301,-1.0,-1.0
2017-07-16,910.17,6,16,7,3,2017,28,1,0,0,0,0,925,-0.7818314824680299,0.6234898018587334,-0.4999999999999997,-0.8660254037844388,380.2,2149.96,0.0,0.0,573.286,0.0,772.786,893.266,541.938,147.27499999999998,843.3866666666651,585.014428571428,990.4022142857142,1028.7411904761905,1163.4506666666668,765.0317571364236,1181.1084797131628,1279.2364967525807,380.2,0.0,2149.96,673.036,0.0,3882.2309999999998,823.5279347044195,957.5097062411487,-1769.76,-2236.3120000000004,-0.8231595006418724,-0.8546920480395275
2017-07-17,2184.88,0,17,7,3,2017,29,0,0,0,0,0,926,0.0,1.0,-0.4999999999999997,-0.8660254037844388,910.17,380.2,2149.96,95.76,895.895,3882.2309999999998,847.6999999999999,1919.6000000000001,17.12,3000.92,1146.776666666665,633.1407142857137,1000.2153571428571,1029.546142857143,1188.8805,774.7060894861116,1179.731271673122,1265.8522036348843,380.2,0.0,2149.96,710.4929999999999,0.0,3882.2309999999998,845.1884510283146,951.1977454089956,529.97,336.884,1.3939242503945293,0.5876368863010784
2017-07-18,2891.858,1,18,7,3,2017,29,0,0,0,0,0,927,0.7818314824680298,0.6234898018587336,-0.4999999999999997,-0.8660254037844388,2184.88,910.17,380.2,0.0,0.0,2616.512,1651.301,778.7059999999999,1229.548,541.938,1158.4166666666652,817.2814285714279,1095.7282142857143,1042.1785238095235,1161.6791666666666,974.8946548290463,1219.880443488762,1233.9368273155046,380.2,0.0,2184.88,734.5905,0.0,3882.2309999999998,1180.111338271236,1115.6887126877962,1274.71,1288.9850000000001,1.4005185844402694,1.43876793597464
2017-07-20,89.95,3,20,7,3,2017,29,0,0,0,0,0,929,0.43388373911755823,-0.900968867902419,-0.4999999999999997,-0.8660254037844388,1536.454,2891.858,2184.88,380.2,0.0,895.895,0.0,191.88,0.0,1229.548,2204.397333333332,1436.217428571428,1294.0861428571427,1174.1999523809525,1290.6542999999997,1053.0495521938096,1262.0375981604502,1247.0136097086636,1536.454,0.0,2891.858,903.0325,0.0,3882.2309999999998,1590.1495027775704,1377.0369797521669,-1355.4040000000002,1440.694,-0.4686965957526269,15.044841269841267
2017-07-22,1368.048,5,22,7,3,2017,29,1,0,0,0,0,931,-0.9749279121818236,-0.2225209339563146,-0.4999999999999997,-0.8660254037844388,991.095,89.95,1536.454,2184.88,380.2,95.76,2616.512,1724.376,5310.952,0.0,872.4996666666651,1283.5152857142853,1094.0014285714285,1152.1149523809522,1266.4672666666668,994.0385262880245,1011.9944483445124,1260.7775276395757,991.095,89.95,2891.858,903.0325,0.0,2891.858,1159.0984703123834,1176.847998124961,901.145,-1158.865,10.01828793774319,-0.5390170049675342
2017-07-23,654.587,6,23,7,3,2017,29,1,0,0,0,0,932,-0.7818314824680299,0.6234898018587334,-0.4999999999999997,-0.8660254037844388,1368.048,991.095,89.95,2891.858,910.17,0.0,573.286,772.786,893.266,2475.094,816.3643333333317,1424.636428571428,1004.8254285714286,1135.1469523809524,1312.0688666666667,911.0832916661623,918.1694155210506,1237.9241994230317,1368.048,89.95,2891.858,903.0325,0.0,2891.858,1211.3358527342875,1202.3413317082995,376.953,987.848,0.38033992705038355,2.5982325092056815
2017-07-24,326.964,0,24,7,3,2017,30,0,0,0,0,0,933,0.0,1.0,-0.4999999999999997,-0.8660254037844388,654.587,1368.048,991.095,1536.454,2184.88,2149.96,895.895,847.6999999999999,1919.6000000000001,5310.952,1004.5766666666653,1388.1245714285708,1010.6326428571429,1129.5184285714286,1251.3852999999997,939.8054047205281,915.483248970193,1223.4830645548925,1368.048,89.95,2891.858,903.0325,0.0,2891.858,1072.1486395507156,1129.3074208138596,-713.461,-255.58299999999997,-0.5215175198531046,-0.28080798092664006
2017-07-25,4979.308,1,25,7,3,2017,30,0,0,0,0,0,934,0.7818314824680298,0.6234898018587336,-0.4999999999999997,-0.8660254037844388,326.964,654.587,1368.048,89.95,2891.858,380.2,0.0,1651.301,778.7059999999999,893.266,783.1996666666652,1122.7079999999996,969.9947142857144,1104.7214761904763,1085.2523666666666,939.6387642001729,933.4197851112577,964.1305153873807,991.095,89.95,2891.858,782.3785,0.0,2891.858,885.8524796630368,1022.3282980386783,-327.623,-1857.9160000000002,-0.5005033708277127,-0.8503515067189045
2017-07-26,0.0,2,26,7,3,2017,30,0,0,0,0,0,935,0.9749279121818236,-0.22252093395631434,-0.4999999999999997,-0.8660254037844388,4979.308,326.964,654.587,991.095,1536.454,910.17,95.76,0.0,877.156,1919.6000000000001,1986.9529999999986,1420.9151428571422,1325.6595714285716,1263.198,1221.4537666666665,1654.2120672326466,1378.1057469432867,1196.6500329581481,991.095,89.95,4979.308,950.6324999999999,0.0,4979.308,1909.2163597472777,1549.9255916335212,4652.344,2087.45,14.228918168361043,0.7218369643322735
2017-07-27,0.0,3,27,7,3,2017,30,0,0,0,0,0,936,0.43388373911755823,-0.900968867902419,-0.4999999999999997,-0.8660254037844388,0.0,4979.308,326.964,1368.048,89.95,2184.88,0.0,0.0,191.88,778.7059999999999,1768.7573333333319,1201.421714285714,1318.8195714285714,1263.198,1157.4671,1736.227444761448,1384.9006127065716,1209.287052366788,654.587,0.0,4979.308,950.6324999999999,0.0,4979.308,1431.9122698104584,1343.2688460823852,-4979.308,-1536.454,-1.0,-1.0
2017-07-30,1770.7759999999998,6,30,7,3,2017,30,1,0,0,0,0,939,-0.7818314824680299,0.6234898018587334,-0.4999999999999997,-0.8660254037844388,819.154,2033.374,0.0,4979.308,654.587,89.95,910.17,573.286,772.786,1352.9499999999998,950.8426666666652,1259.0552857142852,1341.845857142857,1089.5687142857143,1190.9599666666668,1781.2907010051822,1361.9662216835281,1223.9313835771745,654.587,0.0,4979.308,950.6324999999999,0.0,4979.308,1190.134113826287,1218.6064636571855,-1214.22,-548.894,-0.5971454341404976,-0.40122422605054797
2017-07-31,2174.1580000000004,0,31,7,3,2017,31,0,0,1,0,0,940,0.0,1.0,-0.4999999999999997,-0.8660254037844388,1770.7759999999998,819.154,2033.374,0.0,326.964,991.095,2184.88,895.895,847.6999999999999,1724.376,1541.101333333332,1418.5108571428568,1403.3177142857144,1146.5920476190477,1204.8875,1768.0720665507686,1360.404629564107,1228.208107373439,819.154,0.0,4979.308,1179.5715,0.0,4979.308,1335.2945853697152,1292.229068502894,951.6219999999998,1116.1889999999999,1.1617131821366922,1.7051805184032065
2017-08-01,1124.648,1,1,8,3,2017,31,0,1,0,0,0,941,0.7818314824680298,0.6234898018587336,-0.8660254037844384,-0.5000000000000004,2174.1580000000004,1770.7759999999998,819.154,0.0,4979.308,1368.048,2891.858,0.0,1651.301,772.786,1588.029333333332,1682.395714285714,1402.5518571428572,1207.4617142857144,1219.8802333333335,1715.058528324287,1359.93373022709,1237.4784294110477,1770.7759999999998,0.0,4979.308,1179.5715,0.0,4979.308,1545.0104390272863,1409.819592702508,403.3820000000005,1847.1940000000004,0.2277995635811647,5.649533281951531
2017-08-02,482.584,2,2,8,3,2017,31,0,0,0,0,0,942,0.9749279121818236,-0.22252093395631434,-0.8660254037844384,-0.5000000000000004,1124.648,2174.1580000000004,1770.7759999999998,2033.374,0.0,654.587,1536.454,95.76,0.0,847.6999999999999,1689.8606666666653,1131.7299999999996,1276.3225714285713,1261.016380952381,1231.6089666666667,909.8880264750314,1291.3493499966344,1234.7592542634677,1124.648,0.0,2174.1580000000004,1057.8715,0.0,4979.308,1439.9198292704648,1371.7967136755071,-1049.5100000000004,-3854.66,-0.48272020708706553,-0.7741356831109865
2017-08-05,197.05,5,5,8,3,2017,31,1,0,0,0,0,945,-0.9749279121818236,-0.2225209339563146,-0.8660254037844384,-0.5000000000000004,497.90999999999997,248.82,482.584,2174.1580000000004,819.154,0.0,1368.048,380.2,2616.512,0.0,409.77133333333177,1016.8642857142852,1177.1665,1212.6160952380953,1189.2860666666668,719.1521975431893,1309.0260465503338,1237.1461014106546,819.154,248.82,2174.1580000000004,736.8705,0.0,4979.308,846.4608029734773,1036.4592805763227,249.08999999999997,-1535.464,1.0010851217747767,-0.7551311268856591
2017-08-06,320.38800000000003,6,6,8,3,2017,31,1,0,0,0,0,946,-0.7818314824680299,0.6234898018587334,-0.8660254037844384,-0.5000000000000004,197.05,497.90999999999997,248.82,1124.648,1770.7759999999998,0.0,654.587,910.17,573.286,3882.2309999999998,314.5933333333318,927.9922857142852,1093.5237857142859,1203.8946666666666,1195.8544,783.2408929870796,1333.0816419253897,1231.1225685412312,497.90999999999997,197.05,2174.1580000000004,576.2484999999999,0.0,4979.308,684.108102230108,924.5380431661464,-300.85999999999996,-622.104,-0.6042457472233937,-0.7594469416007246
2017-08-07,179.97,0,7,8,3,2017,32,0,0,0,0,0,947,0.0,1.0,-0.8660254037844384,-0.5000000000000004,320.38800000000003,197.05,497.90999999999997,482.584,2174.1580000000004,2033.374,326.964,2184.88,895.895,2616.512,338.4493333333318,720.7939999999995,1069.6524285714286,1175.8098095238097,1077.1263000000001,711.709028842517,1344.4896741347193,1130.7786745392307,482.584,197.05,2174.1580000000004,490.24699999999996,0.0,4979.308,593.178076672581,843.9847040773269,123.33800000000002,-1450.388,0.6259223547323016,-0.8190691538624874
2017-08-08,1115.204,1,8,8,3,2017,32,0,0,0,0,0,948,0.7818314824680298,0.6234898018587336,-0.8660254037844384,-0.5000000000000004,179.97,320.38800000000003,197.05,248.82,1124.648,819.154,4979.308,2891.858,0.0,573.286,232.46933333333183,435.90999999999946,1059.1528571428573,1080.3379047619048,995.9082333333333,329.4667101806951,1351.2924763945234,1103.5747834238564,320.38800000000003,179.97,1124.648,490.24699999999996,0.0,4979.308,489.8760575044358,755.44941020035,-140.41800000000003,-1994.1880000000003,-0.4382748417543729,-0.917223127298016
2017-08-09,661.3539999999999,2,9,8,3,2017,32,0,0,0,0,0,949,0.9749279121818236,-0.22252093395631434,-0.8660254037844384,-0.5000000000000004,1115.204,179.97,320.38800000000003,497.90999999999997,482.584,1770.7759999999998,0.0,1536.454,95.76,895.895,538.5206666666651,434.5608571428566,783.1454285714287,995.7353333333334,1013.9721666666667,326.1792562356365,749.7123353793503,1100.8503693129007,320.38800000000003,179.97,1115.204,490.24699999999996,0.0,2174.1580000000004,646.2080431283268,803.4166888403033,935.2339999999999,-9.44399999999996,5.196610546202145,-0.008397294086683105
2017-08-10,0.0,3,10,8,3,2017,32,0,0,0,0,0,950,0.43388373911755823,-0.900968867902419,-0.8660254037844384,-0.5000000000000004,661.3539999999999,1115.204,179.97,197.05,248.82,2174.1580000000004,0.0,89.95,0.0,0.0,652.1759999999985,460.09942857142806,830.385,954.0639047619048,1006.1541333333333,337.3724006132926,716.6785528725846,1102.5493692550015,320.38800000000003,179.97,1115.204,579.632,0.0,2174.1580000000004,649.9945323462451,784.4749969949295,-453.85,178.76999999999992,-0.4069659004092525,0.37044328034083174
2017-08-11,151.82,4,11,8,3,2017,32,0,0,0,0,0,951,-0.433883739117558,-0.9009688679024191,-0.8660254037844384,-0.5000000000000004,0.0,661.3539999999999,1115.204,320.38800000000003,497.90999999999997,1124.648,2033.374,991.095,2149.96,95.76,592.1859999999984,424.55371428571374,830.385,949.7805714285714,1006.1541333333333,374.41706308588755,716.6785528725846,1102.5493692550015,320.38800000000003,0.0,1115.204,579.632,0.0,2174.1580000000004,487.4958992596838,679.8783307289389,-661.3539999999999,-248.82,-1.0,-1.0
2017-08-13,731.524,6,13,8,3,2017,32,1,0,0,0,0,953,-0.7818314824680299,0.6234898018587334,-0.8660254037844384,-0.5000000000000004,3951.9605,151.82,0.0,1115.204,320.38800000000003,248.82,1770.7759999999998,654.587,910.17,2149.96,1367.9268333333318,911.5280714285709,919.7601785714287,1032.8585476190476,1139.7548166666668,1392.8964951567634,1085.6657086512494,1207.5032991076548,320.38800000000003,0.0,3951.9605,490.24699999999996,0.0,3951.9605,1290.6728183335722,1055.135879525292,3800.1405,3754.9105,25.030565801607167,19.055622938340523
2017-08-14,923.688,0,14,8,3,2017,33,0,0,0,0,0,954,0.0,1.0,-0.8660254037844384,-0.5000000000000004,731.524,3951.9605,151.82,661.3539999999999,179.97,497.90999999999997,2174.1580000000004,326.964,2184.88,380.2,1611.7681666666651,970.2617857142852,845.527892857143,1036.5222142857142,1092.4736166666667,1372.3320306838823,1058.183104754565,1194.28141479994,661.3539999999999,0.0,3951.9605,490.24699999999996,0.0,3951.9605,1150.8856137501791,1011.9876289219197,-3220.4365000000003,411.13599999999997,-0.8148959231753455,1.2832440665692846
2017-08-15,1680.2659999999998,1,15,8,3,2017,33,0,0,0,0,0,955,0.7818314824680298,0.6234898018587336,-0.8660254037844384,-0.5000000000000004,923.688,731.524,3951.9605,0.0,1115.204,197.05,1124.648,4979.308,2891.858,910.17,1869.0574999999988,1076.5072142857136,756.2086071428572,1064.937642857143,1110.5898833333333,1329.057472293034,987.846501427732,1187.2054079632126,731.524,0.0,3951.9605,490.24699999999996,0.0,3951.9605,1094.0862103126344,1000.2143450656638,192.164,743.718,0.26268994592111805,4.132455409234873
2017-08-16,204.54000000000002,2,16,8,3,2017,33,0,0,0,0,0,956,0.9749279121818236,-0.22252093395631434,-0.8660254037844384,-0.5000000000000004,1680.2659999999998,923.688,731.524,151.82,661.3539999999999,320.38800000000003,482.584,0.0,1536.454,2184.88,1111.8259999999984,1157.2303571428567,795.8956071428572,907.8404047619048,1136.25975,1348.8128260005244,1014.5864220875775,1191.0418248372882,731.524,0.0,3951.9605,490.24699999999996,0.0,3951.9605,1240.6311577344757,1090.8878990569087,756.5779999999999,565.0619999999999,0.8190839331029525,0.5066893590769042
2017-08-17,15.712,3,17,8,3,2017,33,0,0,0,0,0,957,0.43388373911755823,-0.900968867902419,-0.8660254037844384,-0.5000000000000004,204.54000000000002,1680.2659999999998,923.688,3951.9605,0.0,179.97,248.82,0.0,89.95,2891.858,936.1646666666652,1091.9712142857138,776.0353214285714,917.5804047619048,1070.2484166666668,1387.304971424554,1023.8700398355045,1185.78666754384,731.524,0.0,3951.9605,409.149,0.0,3951.9605,981.6083683008567,972.7081791826544,-1475.7259999999999,-456.8139999999999,-0.8782692740316116,-0.6907253906379941
2017-08-19,448.792,5,19,8,3,2017,33,1,0,0,0,0,959,-0.9749279121818236,-0.2225209339563146,-0.8660254037844384,-0.5000000000000004,496.114,15.712,204.54000000000002,923.688,3951.9605,661.3539999999999,197.05,819.154,1368.048,89.95,238.78866666666514,1143.4006428571424,759.2564642857143,845.125738095238,939.6988833333332,1351.9288613664257,1034.9739702864802,1147.281396045704,731.524,15.712,3951.9605,408.251,0.0,3951.9605,679.1292071692319,798.5760634749716,480.402,344.294,30.575483706720977,2.267777631405612
2017-08-20,14.78,6,20,8,3,2017,33,1,0,0,0,0,960,-0.7818314824680299,0.6234898018587334,-0.8660254037844384,-0.5000000000000004,448.792,496.114,15.712,1680.2659999999998,731.524,0.0,320.38800000000003,1770.7759999999998,654.587,991.095,320.2059999999985,642.9479999999994,777.2380357142856,827.4894523809523,951.6602833333333,548.873488542935,1026.6079285897085,1139.963816732852,496.114,15.712,1680.2659999999998,472.453,0.0,3951.9605,621.5449053769239,751.9381883449754,-47.322,-3503.1685,-0.09538533482223843,-0.8864381362111287
2017-08-21,4225.1179999999995,0,21,8,3,2017,34,0,0,0,0,0,961,0.0,1.0,-0.8660254037844384,-0.5000000000000004,14.78,448.792,496.114,204.54000000000002,923.688,151.82,179.97,2174.1580000000004,326.964,1368.048,319.8953333333318,540.5559999999995,755.4088928571429,743.8705952380953,919.11645,594.5492852225323,1040.2281202463064,1152.6644416475808,448.792,14.78,1680.2659999999998,472.453,0.0,3951.9605,469.8536790326929,653.6504298989787,-434.012,-716.744,-0.9670671491470436,-0.9797956047921873
2017-08-22,405.35,1,22,8,3,2017,34,0,0,0,0,0,962,0.7818314824680298,0.6234898018587336,-0.8660254037844384,-0.5000000000000004,4225.1179999999995,14.78,448.792,15.712,1680.2659999999998,3951.9605,1115.204,1124.648,4979.308,654.587,1562.896666666665,1012.1888571428565,1044.3480357142855,841.5353571428572,1014.3521166666667,1527.1475182080815,1375.777229867715,1299.6874409665186,448.792,14.78,4225.1179999999995,578.7339999999999,0.0,4225.1179999999995,1408.6697592745195,1129.8461059124481,4210.338,3301.4299999999994,284.86725304465494,3.574183057482613
2017-08-23,4187.348,2,23,8,3,2017,34,0,0,0,0,0,963,0.9749279121818236,-0.22252093395631434,-0.8660254037844384,-0.5000000000000004,405.35,4225.1179999999995,14.78,496.114,204.54000000000002,731.524,661.3539999999999,482.584,0.0,326.964,1548.4159999999983,830.0579999999994,993.6441785714285,807.2830714285714,1006.0442166666667,1510.1215205009028,1386.0076702822462,1302.859162008283,405.35,14.78,4225.1179999999995,472.453,0.0,4225.1179999999995,1157.8398194558897,1033.2466251241217,-3819.7679999999996,-1274.9159999999997,-0.9040618510536274,-0.7587584346764142
2017-08-24,0.0,3,24,8,3,2017,34,0,0,0,0,0,964,0.43388373911755823,-0.900968867902419,-0.8660254037844384,-0.5000000000000004,4187.348,405.35,4225.1179999999995,448.792,15.712,923.688,0.0,248.82,0.0,4979.308,2939.2719999999986,1399.030571428571,1245.5008928571428,983.7004047619048,1134.7236833333334,1927.728235799395,1621.359981854197,1418.9433848365802,448.792,14.78,4225.1179999999995,472.453,0.0,4225.1179999999995,1915.2168645919173,1453.7934751075722,3781.998,3982.808,9.330203527815467,19.472025031778625
2017-08-25,0.0,4,25,8,3,2017,34,0,0,0,0,0,965,-0.433883739117558,-0.9009688679024191,-0.8660254037844384,-0.5000000000000004,0.0,4187.348,405.35,14.78,496.114,1680.2659999999998,151.82,497.90999999999997,2033.374,0.0,1530.899333333332,1396.7859999999996,1245.5008928571428,971.8518333333334,968.74675,1929.615588211625,1621.359981854197,1232.727961003693,448.792,0.0,4225.1179999999995,472.453,0.0,4225.1179999999995,1436.412648443938,1259.9543450932292,-4187.348,-15.712,-1.0,-1.0
2017-08-28,322.0248,0,28,8,3,2017,35,0,0,0,0,0,968,0.0,1.0,-0.8660254037844384,-0.5000000000000004,767.9110000000001,4874.298,0.0,4187.348,4225.1179999999995,496.114,923.688,179.97,2174.1580000000004,819.154,1880.7363333333317,2065.7178571428562,1303.1369285714286,1192.1785476190475,1089.04125,2237.1093867243303,1760.4697576994129,1400.2040450473066,767.9110000000001,0.0,4874.298,472.453,0.0,4874.298,1711.8952110622863,1485.823960346615,-4106.387,753.1310000000001,-0.842457108695447,50.95608930987822
2017-08-29,632.188,1,29,8,3,2017,35,0,0,0,0,0,969,0.7818314824680298,0.6234898018587336,-0.8660254037844384,-0.5000000000000004,322.0248,767.9110000000001,4874.298,0.0,405.35,448.792,1680.2659999999998,1115.204,1124.648,1770.7759999999998,1988.0779333333319,1508.1331142857139,1260.1609857142855,1198.9430619047619,1072.4702766666667,2090.8172936002775,1777.704688143123,1406.4360296248442,405.35,0.0,4874.298,427.071,0.0,4874.298,1364.4276082967147,1330.6507389670662,-445.88620000000003,-3903.0931999999993,-0.5806482782509952,-0.9237832410834443
2017-08-30,1656.8700000000001,2,30,8,3,2017,35,0,0,0,0,0,970,0.9749279121818236,-0.22252093395631434,-0.8660254037844384,-0.5000000000000004,632.188,322.0248,767.9110000000001,0.0,4187.348,14.78,204.54000000000002,661.3539999999999,482.584,2174.1580000000004,574.0412666666651,1540.5385428571424,1185.2982714285715,1175.9423,1034.5173433333334,2072.5547919893843,1780.7181209382973,1402.2987495024577,632.188,0.0,4874.298,427.071,0.0,4874.298,1181.367706222536,1237.5223737714573,310.16319999999996,226.83799999999997,0.9631655698567314,0.5596102133958307
2017-08-31,23.968,3,31,8,3,2017,35,0,0,1,0,0,971,0.43388373911755823,-0.900968867902419,-0.8660254037844384,-0.5000000000000004,1656.8700000000001,632.188,322.0248,4874.298,0.0,4225.1179999999995,15.712,0.0,248.82,1124.648,870.3609333333319,1179.041685714285,1289.0361285714284,1223.3478238095238,1017.27441,1725.595214035818,1761.386535292848,1390.9366001474518,632.188,0.0,4874.298,472.453,0.0,4874.298,1300.243279666902,1293.4353906019296,1024.6820000000002,-2530.478,1.6208501268609972,-0.6043151894707581
2017-09-03,2365.596,6,3,9,3,2017,35,1,0,0,0,0,974,-0.7818314824680299,0.6234898018587334,-1.0,-1.8369701987210297e-16,6792.193,5766.152,23.968,632.188,767.9110000000001,0.0,14.78,731.524,320.38800000000003,497.90999999999997,4194.104333333332,2280.186685714285,2119.1572,1627.0874666666666,1374.8164433333334,2793.6379206271513,2475.3938048120335,1932.2274138191576,767.9110000000001,23.968,6792.193,700.0495000000001,0.0,6792.193,3331.1123836094744,2416.3155161933155,1026.0410000000002,1917.8950000000004,0.17794206604335105,0.3934710188010664
2017-09-04,1707.812,0,4,9,3,2017,36,0,0,0,0,0,975,0.0,1.0,-1.0,-1.8369701987210297e-16,2365.596,6792.193,5766.152,1656.8700000000001,322.0248,0.0,4225.1179999999995,923.688,179.97,197.05,4974.646999999998,2508.4273999999996,2287.0726285714286,1704.9004190476194,1437.0726433333332,2713.611898840011,2400.2573381563834,1933.0874426687956,1656.8700000000001,23.968,6792.193,1212.3905,0.0,6792.193,3089.733287707106,2409.552914034207,-4426.597,1597.685,-0.6517183772604813,2.080560116992724
2017-09-05,5226.348,1,5,9,3,2017,36,0,0,0,0,0,976,0.7818314824680298,0.6234898018587336,-1.0,-1.8369701987210297e-16,1707.812,2365.596,6792.193,23.968,632.188,4874.298,405.35,1680.2659999999998,1115.204,320.38800000000003,3621.866999999999,2706.3969999999995,2107.265057142857,1742.2396571428571,1487.4313766666667,2574.5039061573857,2337.371158070718,1919.298977192297,1707.812,23.968,6792.193,1212.3905,0.0,6792.193,2744.2529657803293,2315.9874588296457,-657.7840000000001,1385.7871999999998,-0.2780626954053017,4.303355517960107
2017-09-06,1313.536,2,6,9,3,2017,36,0,0,0,0,0,977,0.9749279121818236,-0.22252093395631434,-1.0,-1.8369701987210297e-16,5226.348,1707.812,2365.596,5766.152,1656.8700000000001,767.9110000000001,4187.348,204.54000000000002,661.3539999999999,179.97,3099.918666666665,3362.705571428571,2451.622057142857,1911.1007047619048,1650.9633766666666,2542.9984158182106,2420.9815274603916,2022.654232422708,2365.596,23.968,6792.193,1682.341,0.0,6792.193,3364.776724335247,2704.035530985693,3518.536,4594.16,2.0602595601857816,7.267078780362803
2017-09-07,0.0,3,7,9,3,2017,36,0,0,0,0,0,978,0.43388373911755823,-0.900968867902419,-1.0,-1.8369701987210297e-16,1313.536,5226.348,1707.812,6792.193,23.968,322.0248,0.0,15.712,0.0,1115.204,2749.2319999999986,3313.6578571428568,2246.3497714285713,1963.9100380952382,1688.74891,2584.3576521353975,2384.0423266564,2004.7355789061728,2365.596,23.968,6792.193,1485.203,0.0,6792.193,2851.9665432514353,2518.6355935209344,-3912.812,-343.33400000000006,-0.7486703908733211,-0.20721842993113526
2017-09-08,4493.9836000000005,4,8,9,3,2017,36,0,0,0,0,0,979,-0.433883739117558,-0.9009688679024191,-1.0,-1.8369701987210297e-16,0.0,1313.536,5226.348,2365.596,5766.152,632.188,0.0,496.114,151.82,661.3539999999999,2179.9613333333323,3310.2338571428563,2246.3497714285713,1963.1618476190476,1651.5754433333336,2589.4534113234754,2384.0423266564,2025.9645690569944,2365.596,0.0,6792.193,1485.203,0.0,6792.193,2138.9749074385763,2182.81751438481,-1313.536,-23.968,-1.0,-1.0
2017-09-10,2094.324,6,10,9,3,2017,36,1,0,0,0,0,981,-0.7818314824680299,0.6234898018587334,-1.0,-1.8369701987210297e-16,84.992,4493.9836000000005,0.0,5226.348,2365.596,23.968,767.9110000000001,14.78,731.524,151.82,1526.325199999999,2170.3239428571424,2225.2553142857146,2136.212780952381,1782.1628300000002,2032.3929500927368,2347.706704078139,2079.000725751761,1707.812,0.0,5226.348,1485.203,0.0,6792.193,2067.043310434199,2170.175526804591,-4408.9916,-6707.201,-0.9810876034349569,-0.9874868102246211
2017-09-11,6402.018,0,11,9,3,2017,37,0,0,0,0,0,982,0.0,1.0,-1.0,-1.8369701987210297e-16,2094.324,84.992,4493.9836000000005,1313.536,1707.812,5766.152,322.0248,4225.1179999999995,923.688,3951.9605,2224.433199999999,2131.5707999999995,2319.9991,2235.2386857142856,1846.9129633333332,2030.634498293751,2310.845152727489,2056.6018672619675,1707.812,0.0,5226.348,1682.341,0.0,6792.193,2073.8634828256495,2160.0619898973123,2009.332,-271.27199999999993,23.641425075301203,-0.11467384963451066
2017-09-12,2043.792,1,12,9,3,2017,37,0,0,0,0,0,983,0.7818314824680298,0.6234898018587336,-1.0,-1.8369701987210297e-16,6402.018,2094.324,84.992,0.0,5226.348,6792.193,632.188,405.35,1680.2659999999998,731.524,2860.444666666665,2802.1716571428565,2754.284328571429,2338.9005904761907,1928.5815466666668,2570.6700810673715,2472.161852406415,2187.5540585294107,2094.324,0.0,6402.018,1901.068,0.0,6792.193,3155.9021121192372,2725.6561245776707,4307.6939999999995,4694.206,2.0568422077959285,2.748666715071683
2017-09-13,2374.73,2,13,9,3,2017,37,0,0,0,0,0,984,0.9749279121818236,-0.22252093395631434,-1.0,-1.8369701987210297e-16,2043.792,6402.018,2094.324,4493.9836000000005,1313.536,2365.596,1656.8700000000001,4187.348,204.54000000000002,923.688,3513.377999999999,2347.5207999999993,2855.113185714286,2416.9216380952384,1972.3238133333332,2341.709665463971,2406.8775019415307,2175.881233387251,2043.792,0.0,6402.018,2069.058,0.0,6792.193,2877.8745840894276,2634.740907967315,-4358.226000000001,-3182.556,-0.6807581609423778,-0.6089445249340457
2017-09-14,1137.338,3,14,9,3,2017,37,0,0,0,0,0,985,0.43388373911755823,-0.900968867902419,-1.0,-1.8369701987210297e-16,2374.73,2043.792,6402.018,84.992,0.0,1707.812,23.968,0.0,15.712,1680.2659999999998,3606.846666666665,2499.119942857142,2906.3889000000004,2330.6064952380952,2020.69188,2297.5481357704184,2386.9507988601613,2167.8801395664127,2094.324,0.0,6402.018,2229.96,0.0,6792.193,2752.0884380670705,2600.072786905006,330.9380000000001,1061.194,0.16192352255024,0.8078910665562269
2017-09-16,425.88599999999997,5,16,9,3,2017,37,1,0,0,0,0,987,-0.9749279121818236,-0.2225209339563146,-1.0,-1.8369701987210297e-16,2101.1820000000002,1137.338,2374.73,6402.018,84.992,1313.536,6792.193,4874.298,448.792,15.712,1871.0833333333321,2319.7679999999996,2724.1317571428576,2484.8217333333337,2065.81568,1967.8633907586088,2164.294167947225,2146.390998800339,2094.324,84.992,6402.018,2097.753,0.0,6792.193,2286.5961214127274,2364.526884386427,963.8440000000003,-2392.8016000000002,0.8474560772611135,-0.5324455567661617
2017-09-17,2043.126,6,17,9,3,2017,37,1,0,0,0,0,988,-0.7818314824680299,0.6234898018587334,-1.0,-1.8369701987210297e-16,425.88599999999997,2101.1820000000002,1137.338,2043.792,2094.324,0.0,2365.596,767.9110000000001,14.78,496.114,1221.4686666666653,2368.4671428571423,2269.395542857143,2272.9925904761903,2079.4881466666666,1906.6061454091086,1895.9880949553801,2134.153077908595,2094.324,425.88599999999997,6402.018,2069.058,0.0,6402.018,1821.4185910595456,2106.0414331349034,-1675.2960000000003,340.89399999999995,-0.79731122768042,4.010895143072289
2017-09-18,4751.082,0,18,9,3,2017,38,0,0,0,0,0,989,0.0,1.0,-1.0,-1.8369701987210297e-16,2043.126,425.88599999999997,2101.1820000000002,2374.73,6402.018,4493.9836000000005,1707.812,322.0248,4225.1179999999995,448.792,1523.3979999999985,2361.1531428571425,2246.3619714285715,2333.717114285714,2131.0552133333335,1907.9308118377298,1896.688143399408,2113.161914948658,2043.792,425.88599999999997,6402.018,2043.4589999999998,0.0,6402.018,1876.8454432946592,2097.652708716916,1617.24,-51.19800000000009,3.797354221552247,-0.02444607424639167
2017-09-19,3839.312,1,19,9,3,2017,38,0,0,0,0,0,990,0.7818314824680298,0.6234898018587336,-1.0,-1.8369701987210297e-16,4751.082,2043.126,425.88599999999997,1137.338,2043.792,84.992,5226.348,632.188,405.35,14.78,2406.697999999999,2125.3051428571425,2463.7383999999997,2544.6246,2274.46488,1343.813050697074,2001.7028915607984,2140.8641983216594,2043.792,425.88599999999997,4751.082,2069.058,0.0,6402.018,2595.4045824709947,2451.443280887994,2707.956,-1650.9359999999997,1.325398433576784,-0.25787743802032415
2017-09-20,1232.004,2,20,9,3,2017,38,0,0,0,0,0,991,0.9749279121818236,-0.22252093395631434,-1.0,-1.8369701987210297e-16,3839.312,4751.082,2043.126,2101.1820000000002,2374.73,2094.324,1313.536,1656.8700000000001,4187.348,4225.1179999999995,3544.5066666666658,2381.8079999999995,2364.6644,2697.34479047619,2401.94928,1489.1619676381642,1885.3965055621588,2115.384439983287,2101.1820000000002,425.88599999999997,4751.082,2069.058,0.0,6402.018,2906.3814368532458,2636.492443436262,-911.7700000000004,1795.52,-0.19190786435595097,0.87852384195652
2017-09-21,0.0,3,21,9,3,2017,38,0,0,0,0,0,992,0.43388373911755823,-0.900968867902419,-1.0,-1.8369701987210297e-16,1232.004,3839.312,4751.082,425.88599999999997,1137.338,6402.018,0.0,23.968,0.0,405.35,3274.132666666666,2218.561428571428,2358.840685714286,2677.113076190476,2302.178813333333,1551.4011534689926,1889.0154869827024,2096.9344779103058,2043.126,425.88599999999997,4751.082,2069.058,0.0,6402.018,2487.787077639934,2449.22731764476,-2607.308,-1142.726,-0.6791081318736274,-0.48120249459938613
2017-09-22,418.062,4,22,9,3,2017,38,0,0,0,0,0,993,-0.433883739117558,-0.9009688679024191,-1.0,-1.8369701987210297e-16,0.0,1232.004,3839.312,2043.126,2101.1820000000002,2043.792,4493.9836000000005,5766.152,0.0,4187.348,1690.4386666666653,2056.084571428571,2358.840685714286,2675.971742857143,2288.6671466666667,1732.495927845792,1889.0154869827024,2110.8380646673213,2043.126,0.0,4751.082,2069.058,0.0,6402.018,1865.8403082299506,2122.6636752921254,-1232.004,-1137.338,-1.0,-1.0
2017-09-24,2286.05,6,24,9,3,2017,38,1,0,0,0,0,995,-0.7818314824680299,0.6234898018587334,-1.0,-1.8369701987210297e-16,1322.145,418.062,0.0,3839.312,2043.126,1137.338,2094.324,2365.596,767.9110000000001,0.0,580.0689999999987,1943.6758571428566,2156.0715,2160.8223142857146,2207.09578,1755.1356493325832,1774.2919622526258,2072.8475206335,1322.145,0.0,4751.082,2043.4589999999998,0.0,6402.018,1458.4580483793475,1818.95165833053,904.083,896.259,2.162557228353689,2.104457530888548
2017-09-25,2384.003,0,25,9,3,2017,39,0,0,0,0,0,996,0.0,1.0,-1.0,-1.8369701987210297e-16,2286.05,1322.145,418.062,1232.004,4751.082,2101.1820000000002,6402.018,1707.812,322.0248,4874.298,1342.0856666666655,1978.3792857142853,2169.7662142857143,2157.0344095238092,2283.2974466666665,1759.8251008007028,1774.5186042547386,2030.499935354597,1322.145,0.0,4751.082,2043.4589999999998,0.0,6402.018,1665.3560362845108,1881.2314372197927,963.9050000000002,242.9240000000002,0.729046360270621,0.11889819815322222
2017-09-26,2698.1665,1,26,9,3,2017,39,0,0,0,0,0,997,0.7818314824680298,0.6234898018587336,-1.0,-1.8369701987210297e-16,2384.003,2286.05,1322.145,0.0,3839.312,425.88599999999997,2043.792,5226.348,632.188,767.9110000000001,1997.3993333333322,1640.2251428571424,1882.765142857143,2189.233980952381,2200.2876133333334,1307.5498077136892,1298.4215035559898,1970.9538073015112,1322.145,0.0,3839.312,2043.4589999999998,0.0,4751.082,1845.017777213383,1948.267645590487,97.95299999999997,-2367.079,0.042848144178823766,-0.4982189320243262
2017-09-27,1992.9858,2,27,9,3,2017,39,0,0,0,0,0,998,0.9749279121818236,-0.22252093395631434,-1.0,-1.8369701987210297e-16,2698.1665,2384.003,2286.05,418.062,1232.004,2043.126,2374.73,1313.536,1656.8700000000001,322.0248,2456.073166666665,1477.2043571428567,1929.5061785714286,2068.8443857142856,2264.629463333333,1029.1862053570228,1316.3189581407532,1954.0152544007574,1322.145,0.0,2698.1665,2072.154,0.0,4751.082,2058.304957910037,2048.2541595117555,314.16349999999966,-1141.1455,0.13177982578042036,-0.2972265603837354
2017-09-28,99.136,3,28,9,3,2017,39,0,0,0,0,0,999,0.43388373911755823,-0.900968867902419,-1.0,-1.8369701987210297e-16,1992.9858,2698.1665,2384.003,1322.145,0.0,4751.082,1137.338,0.0,23.968,632.188,2358.385099999999,1585.9160428571424,1902.2387357142857,2101.199138095238,2320.328163333333,1039.1122123524526,1310.3270002120012,1920.2559084562133,1992.9858,0.0,2698.1665,2018.0558999999998,0.0,4751.082,2041.9751684325279,2040.885044910188,-705.1806999999999,760.9818,-0.26135551679260716,0.6176780270193929
2017-09-30,525.884,5,30,9,3,2017,39,1,0,1,0,1,1001,-0.9749279121818236,-0.2225209339563146,-1.0,-1.8369701987210297e-16,1271.5520000000001,99.136,1992.9858,2384.003,1322.145,1232.004,425.88599999999997,84.992,6792.193,23.968,1121.2245999999989,1722.005471428571,1768.8221642857145,1952.470776190476,2289.71583,892.4880669648676,1389.3975715035733,1944.4848492328106,1992.9858,99.136,2698.1665,1657.5654,0.0,4751.082,1485.087032243297,1713.9274159547635,1172.4160000000002,853.4900000000001,11.82633957391866,2.0415392932148824
2017-10-01,781.414,6,1,10,4,2017,39,1,1,0,1,0,1002,-0.7818314824680299,0.6234898018587334,-0.8660254037844386,0.5000000000000001,525.884,1271.5520000000001,99.136,2698.1665,2286.05,0.0,2043.126,2094.324,2365.596,5766.152,632.1906666666655,1608.2538999999997,1775.9648785714285,1973.4656333333337,2306.4463633333335,996.6152664420538,1382.2010438719367,1926.393008842364,1992.9858,99.136,2698.1665,1657.5654,0.0,4751.082,1245.2862741824729,1555.521627160795,-745.6680000000001,-796.261,-0.5864235202335414,-0.6022493750685439
2017-10-02,18452.972,0,2,10,4,2017,40,0,0,0,0,0,1003,0.0,1.0,-0.8660254037844386,0.5000000000000001,781.414,525.884,1271.5520000000001,1992.9858,2384.003,418.062,4751.082,6402.018,1707.812,6792.193,859.6166666666655,1393.3058999999994,1685.8425928571428,1910.9461095238096,2140.28843,988.2889341315276,1404.396515610334,1830.2686590387736,1271.5520000000001,99.136,2698.1665,1296.8485,0.0,4751.082,1129.3182056368546,1452.307276872689,255.52999999999997,-1504.6360000000002,0.485905636984582,-0.6581815795804992
2017-10-03,1680.696,1,3,10,4,2017,40,0,0,0,0,0,1004,0.7818314824680298,0.6234898018587336,-0.8660254037844386,0.5000000000000001,18452.972,781.414,525.884,99.136,2698.1665,1322.145,3839.312,2043.792,5226.348,2365.596,6586.756666666665,3688.8728999999994,2664.5490214285715,2484.801061904762,2528.981063333333,6570.434052672103,4673.749051522973,3409.305661911241,1271.5520000000001,99.136,18452.972,1296.8485,0.0,18452.972,5460.231654227641,3719.0625732896638,17671.558,16068.969000000001,22.614846931332178,6.740330863677604
2017-10-04,5912.782,2,4,10,4,2017,40,0,0,0,0,0,1005,0.9749279121818236,-0.22252093395631434,-0.8660254037844386,0.5000000000000001,1680.696,18452.972,781.414,1271.5520000000001,1992.9858,2286.05,1232.004,2374.73,1313.536,1707.812,6971.6939999999995,3543.519971428571,2510.3621642857147,2467.510776190476,2506.1510633333332,6607.155273096755,4667.614784144108,3412.72893331672,1271.5520000000001,99.136,18452.972,1296.8485,0.0,18452.972,4515.347740670731,3447.280363517709,-16772.276,-1017.4704999999999,-0.9089200373793447,-0.3770970027238868
2017-10-05,0.0,3,5,10,4,2017,40,0,0,0,0,0,1006,0.43388373911755823,-0.900968867902419,-0.8660254037844386,0.5000000000000001,5912.782,1680.696,18452.972,525.884,99.136,2384.003,0.0,1137.338,0.0,5226.348,8682.15,4103.490857142856,2844.7034500000004,2635.9894428571433,2646.31673,6619.935541103488,4736.141279554416,3464.764713372286,1271.5520000000001,99.136,18452.972,1501.4205,0.0,18452.972,4864.706305503048,3776.013915048681,4232.086,3919.7962,2.5180556150547155,1.9667958497245692
2017-10-06,830.4000000000001,4,6,10,4,2017,40,0,0,0,0,0,1007,-0.433883739117558,-0.9009688679024191,-0.8660254037844386,0.5000000000000001,0.0,5912.782,1680.696,781.414,1271.5520000000001,2698.1665,418.062,2101.1820000000002,4493.9836000000005,1313.536,2531.159333333332,4089.3285714285707,2844.7034500000004,2581.830490476191,2472.1051300000004,6630.0283409470385,4736.141279554416,3461.9566994937777,1271.5520000000001,0.0,18452.972,1501.4205,0.0,18452.972,3648.5297291272855,3272.5453930421904,-5912.782,-99.136,-1.0,-1.0
2017-10-08,561.5360000000001,6,8,10,4,2017,40,1,0,0,0,0,1009,-0.7818314824680299,0.6234898018587334,-0.8660254037844386,0.5000000000000001,973.712,830.4000000000001,0.0,1680.696,781.414,99.136,2286.05,2043.126,2094.324,4493.9836000000005,601.3706666666654,4090.282285714285,2849.2680928571426,2547.4040142857143,2488.4576633333336,6626.126677495023,4730.867602892893,3449.377509202011,973.712,0.0,18452.972,1476.124,0.0,18452.972,2451.425972634098,2683.830806329467,143.3119999999999,447.828,0.1725818882466279,0.8515718295289454
2017-10-09,546.92,0,9,10,4,2017,41,0,0,0,0,0,1010,0.0,1.0,-0.8660254037844386,0.5000000000000001,561.5360000000001,973.712,830.4000000000001,5912.782,18452.972,1271.5520000000001,2384.003,4751.082,6402.018,84.992,788.5493333333321,4058.871142857143,2726.0885214285713,2476.8521095238093,2357.376076666667,6644.921154219147,4768.958007480367,3445.2534673371474,973.712,0.0,18452.972,1122.632,0.0,18452.972,1978.9534794755734,2400.858165485538,-412.17599999999993,-219.87799999999993,-0.42330381057232525,-0.2813847717087228
2017-10-10,252.36100000000002,1,10,10,4,2017,41,0,0,0,0,0,1011,0.7818314824680298,0.6234898018587336,-0.8660254037844386,0.5000000000000001,546.92,561.5360000000001,973.712,0.0,1680.696,525.884,2698.1665,3839.312,2043.792,2094.324,694.0559999999988,1500.8637142857137,2594.8683071428572,2276.653919047619,2372.7736766666667,2011.2065278733876,4804.238326874575,3435.766648386769,830.4000000000001,0.0,5912.782,902.056,0.0,18452.972,1620.94510960668,2153.6664100874664,-14.6160000000001,-17906.052000000003,-0.026028607248689495,-0.9703614138687253
2017-10-11,33.064,2,11,10,4,2017,41,0,0,0,0,0,1012,0.9749279121818236,-0.22252093395631434,-0.8660254037844386,0.5000000000000001,252.36100000000002,546.92,561.5360000000001,830.4000000000001,5912.782,781.414,1992.9858,1232.004,2374.73,6402.018,453.60566666666546,1296.8158571428569,2420.1679142857142,2105.8467285714287,2311.37491,2061.7420169654506,4844.493809423119,3457.3051237539594,561.5360000000001,0.0,5912.782,805.907,0.0,18452.972,1278.7990822050099,1900.1590220758044,-294.55899999999997,-1428.3349999999998,-0.5385778541651429,-0.8498473251557688
2017-10-12,0.0,3,12,10,4,2017,41,0,0,0,0,0,1013,0.43388373911755823,-0.900968867902419,-0.8660254037844386,0.5000000000000001,33.064,252.36100000000002,546.92,973.712,0.0,18452.972,99.136,0.0,1137.338,2043.792,277.44833333333213,456.85614285714234,2280.1735000000003,2048.7543476190476,2099.0764433333334,377.6859233526659,4885.9292946362575,3392.3901826441697,546.92,0.0,973.712,671.475,0.0,18452.972,967.3653116537574,1651.2130191323638,-219.29700000000003,-5879.718,-0.8689813402229346,-0.9944080468381888
2017-10-15,1620.15,6,15,10,4,2017,41,1,0,0,0,0,1016,-0.7818314824680299,0.6234898018587334,-0.8660254037844386,0.5000000000000001,3335.888,1650.618,0.0,252.36100000000002,561.5360000000001,0.0,781.414,2286.05,2043.126,2101.1820000000002,1662.1686666666653,911.4838571428567,2500.883071428572,2203.3400142857145,2080.097976666667,1205.2864283201566,4863.650724398394,3418.3237248711916,546.92,0.0,3335.888,805.907,0.0,18452.972,1551.5701158539289,1710.40166608409,1685.27,2362.176,1.0209933491577092,2.4259493566886308
2017-10-16,142.182,0,16,10,4,2017,42,0,0,0,0,0,1017,0.0,1.0,-0.8660254037844386,0.5000000000000001,1620.15,3335.888,1650.618,33.064,546.92,830.4000000000001,18452.972,2384.003,4751.082,425.88599999999997,2202.2186666666653,1062.714428571428,2560.7927857142854,2171.6304904761905,2064.0635766666664,1220.3784689545716,4845.974913564236,3419.3494546538177,546.92,0.0,3335.888,902.056,0.0,18452.972,1568.7150868904469,1698.3681106062113,-1715.7379999999998,1058.614,-0.5143272196188841,1.885211277638477
2017-10-17,2953.346,1,17,10,4,2017,42,0,0,0,0,0,1018,0.7818314824680298,0.6234898018587336,-0.8660254037844386,0.5000000000000001,142.182,1620.15,3335.888,0.0,252.36100000000002,973.712,1680.696,2698.1665,3839.312,2043.126,1699.4066666666656,1004.8947142857138,1252.8792142857144,2064.8771095238094,2054.6067766666665,1257.900093337645,1632.00052853594,3424.424896031497,252.36100000000002,0.0,3335.888,695.9680000000001,0.0,5912.782,1212.0818151678352,1490.87662919205,-1477.968,-404.73799999999994,-0.9122414591241552,-0.7400314488407811
2017-10-18,307.92,2,18,10,4,2017,42,0,0,0,0,0,1019,0.9749279121818236,-0.22252093395631434,-0.8660254037844386,0.5000000000000001,2953.346,142.182,1620.15,1650.618,33.064,561.5360000000001,5912.782,1992.9858,1232.004,4751.082,1571.8926666666655,1390.7497142857137,1343.7827857142856,2077.028514285714,2084.9474433333335,1395.3400256689622,1692.0039571657817,3428.349728116215,1620.15,0.0,3335.888,695.9680000000001,0.0,5912.782,1647.3978613758763,1685.8725452997767,2811.164,2700.985,19.771588527380402,10.70286216966964
2017-10-19,0.0,3,19,10,4,2017,42,0,0,0,0,0,1020,0.43388373911755823,-0.900968867902419,-0.8660254037844386,0.5000000000000001,307.92,2953.346,142.182,3335.888,0.0,546.92,0.0,99.136,0.0,3839.312,1134.4826666666654,1430.0148571428565,943.4354999999999,1996.7872857142854,1936.8420433333333,1354.0224120906437,1080.2696488883537,3405.094411900853,1620.15,0.0,3335.888,554.2280000000001,0.0,3335.888,1312.5283960319073,1502.1455392598066,-2645.426,274.856,-0.8957385961550052,8.312847810307284
2017-10-22,188.28,6,22,10,4,2017,42,1,0,0,0,0,1023,-0.7818314824680299,0.6234898018587334,-0.8660254037844386,0.5000000000000001,7877.272,946.174,0.0,2953.346,1620.15,0.0,561.5360000000001,781.414,2286.05,418.062,2941.1486666666656,1978.1491428571424,1444.8165000000001,2326.6384285714284,2061.913043333333,2799.3246282599016,2143.2508450620553,3561.9155571529564,946.174,0.0,7877.272,554.2280000000001,0.0,7877.272,2700.448542075961,2137.4797065937173,6931.098,4541.384,7.325394694844711,1.3613718446182848
2017-10-23,467.42199999999997,0,23,10,4,2017,43,0,0,0,0,0,1024,0.0,1.0,-0.8660254037844386,0.5000000000000001,188.28,7877.272,946.174,307.92,142.182,1650.618,546.92,18452.972,2384.003,1322.145,3003.908666666666,1773.5962857142854,1418.1553571428572,2298.393952380952,2054.2536433333335,2880.9687406901626,2157.3588287138277,3565.8172405084474,307.92,0.0,7877.272,427.41999999999996,0.0,7877.272,2072.406406556971,1877.5864123812219,-7688.992,-1431.8700000000001,-0.9760983243945366,-0.8837885380983243
2017-10-24,1365.498,1,24,10,4,2017,43,0,0,0,0,0,1025,0.7818314824680298,0.6234898018587336,-0.8660254037844386,0.5000000000000001,467.42199999999997,188.28,7877.272,0.0,2953.346,3335.888,252.36100000000002,1680.696,2698.1665,2286.05,2844.3246666666655,1820.0591428571422,1412.4769285714285,1441.9391904761903,2025.762876666667,2852.757508749929,2159.9315151343467,3575.2705471469353,467.42199999999997,0.0,7877.272,387.671,0.0,7877.272,1671.1603049177281,1689.5644907303924,279.14199999999994,325.24,1.482589759932016,2.2874906809582085
2017-10-25,783.96,2,25,10,4,2017,43,0,0,0,0,0,1026,0.9749279121818236,-0.22252093395631434,-0.8660254037844386,0.5000000000000001,1365.498,467.42199999999997,188.28,946.174,307.92,1620.15,33.064,5912.782,1992.9858,2384.003,673.7333333333321,1593.2237142857139,1491.9867142857145,1426.929761904762,1995.07781,2810.4406230106565,2134.276795519001,3576.9095608807834,467.42199999999997,0.0,7877.272,706.798,0.0,7877.272,1594.7447286882962,1646.3556252996734,898.076,-1587.848,1.9213387474273786,-0.537643743740151
2017-10-26,0.0,3,26,10,4,2017,43,0,0,0,0,0,1027,0.43388373911755823,-0.900968867902419,-0.8660254037844386,0.5000000000000001,783.96,1365.498,467.42199999999997,7877.272,0.0,142.182,0.0,0.0,99.136,2698.1665,872.2933333333322,1661.2294285714281,1545.6221428571428,1182.700142857143,1941.7430433333334,2779.74781991357,2104.0137179958615,3582.8344771121024,783.96,0.0,7877.272,865.067,0.0,7877.272,1392.0485465162221,1531.3695419263836,-581.538,476.04,-0.42587978891217704,1.5459859703819174
2017-10-29,131.154,6,29,10,4,2017,43,1,0,0,0,0,1030,-0.7818314824680299,0.6234898018587334,-0.8660254037844386,0.5000000000000001,2899.0209999999997,978.7900000000001,0.0,1365.498,188.28,0.0,1620.15,561.5360000000001,781.414,1271.5520000000001,1292.6036666666653,954.7101428571423,1466.4296428571429,1281.4477142857143,1911.3271333333334,975.9749978447675,2082.8691247028883,3590.6038907506995,783.96,0.0,2899.0209999999997,865.067,0.0,7877.272,1495.5488555615311,1496.5056099591895,1920.2309999999998,-4978.251,1.961841661643457,-0.6319765268991601
2017-10-30,159.002,0,30,10,4,2017,44,0,0,0,0,0,1031,0.0,1.0,-0.8660254037844386,0.5000000000000001,131.154,2899.0209999999997,978.7900000000001,783.96,467.42199999999997,946.174,142.182,546.92,18452.972,525.884,1336.3216666666654,946.5492857142852,1360.0727857142858,1260.9533333333334,1873.3138666666666,983.6603866800381,2112.225138016171,3603.6236868581937,783.96,0.0,2899.0209999999997,625.691,0.0,7877.272,1154.4501416711482,1314.4587286312976,-2767.8669999999997,-57.126000000000005,-0.9547592100919586,-0.3034098151688974
2017-10-31,3750.4990000000003,1,31,10,4,2017,44,0,0,1,0,0,1032,0.7818314824680298,0.6234898018587336,-0.8660254037844386,0.5000000000000001,159.002,131.154,2899.0209999999997,0.0,1365.498,7877.272,2953.346,252.36100000000002,1680.696,781.414,1063.0589999999986,902.4892857142852,1361.2742142857144,1242.4810476190478,1861.0844666666667,1015.1030591407234,2111.4837709720155,3608.972620079187,783.96,0.0,2899.0209999999997,625.691,0.0,7877.272,905.5881062533612,1160.397831480458,27.848000000000013,-308.41999999999996,0.21233054272077112,-0.6598320147532636
2017-11-01,453.374,2,1,11,4,2017,44,0,1,0,0,0,1033,0.9749279121818236,-0.22252093395631434,-0.5000000000000004,0.8660254037844384,3750.4990000000003,159.002,131.154,978.7900000000001,783.96,188.28,307.92,33.064,5912.782,18452.972,1346.8849999999989,1243.2037142857137,1418.2137142857143,1409.0590476190478,1960.0539666666666,1486.9870731541432,2167.7184267295547,3619.0404896508103,783.96,0.0,3750.4990000000003,625.691,0.0,7877.272,1616.815829690021,1505.7446539497305,3591.4970000000003,2385.001,22.587747323933034,1.746616252824977
2017-11-02,0.0,3,2,11,4,2017,44,0,0,0,0,0,1034,0.43388373911755823,-0.900968867902419,-0.5000000000000004,0.8660254037844384,453.374,3750.4990000000003,159.002,2899.0209999999997,0.0,467.42199999999997,0.0,0.0,0.0,1680.696,1454.2916666666654,1195.9771428571423,1428.6032857142857,1429.0738095238096,1360.0673666666664,1509.0889679693385,2162.3294711977624,1850.259903164988,453.374,0.0,3750.4990000000003,625.691,0.0,7877.272,1325.9553722675157,1365.4285667564332,-3297.125,-330.586,-0.8791163522507272,-0.42168733098627476
2017-11-05,4266.8988,6,5,11,4,2017,44,1,0,0,0,0,1037,-0.7818314824680299,0.6234898018587334,-0.5000000000000004,0.8660254037844384,3888.8179999999998,3802.7960000000003,0.0,3750.4990000000003,131.154,0.0,188.28,1620.15,561.5360000000001,830.4000000000001,2563.871333333332,1740.8061428571423,1347.7581428571427,1557.8884761904762,1363.3385666666666,1944.4619824119561,1533.3114443291079,1769.5855567264368,453.374,0.0,3888.8179999999998,625.691,0.0,3888.8179999999998,2244.616172675358,1846.7866966411507,86.02199999999948,989.797,0.022620724330203235,0.34142457057054787
2017-11-06,773.2560000000001,0,6,11,4,2017,45,0,0,0,0,0,1038,0.0,1.0,-0.5000000000000004,0.8660254037844384,4266.8988,3888.8179999999998,3802.7960000000003,453.374,159.002,978.7900000000001,467.42199999999997,142.182,546.92,973.712,3986.1709333333324,2331.626828571428,1639.088057142857,1683.9241333333332,1477.8885266666666,2001.3443364841803,1676.8179745268183,1843.5773502785617,3750.4990000000003,0.0,4266.8988,881.375,0.0,4266.8988,2750.1868295065187,2169.4683104223304,378.0808000000002,4135.7448,0.0972225493710428,31.533501075072053
2017-11-07,3810.464,1,7,11,4,2017,45,0,0,0,0,0,1039,0.7818314824680298,0.6234898018587336,-0.5000000000000004,0.8660254037844384,773.2560000000001,4266.8988,3888.8179999999998,0.0,3750.4990000000003,2899.0209999999997,1365.498,2953.346,252.36100000000002,561.5360000000001,2976.324266666665,2419.3774,1660.9333428571429,1713.975276190476,1471.20666,1901.1660795933863,1662.3089485748262,1845.82959159172,3750.4990000000003,0.0,4266.8988,881.375,0.0,4266.8988,2255.954122129889,1983.3066690326864,-3493.6427999999996,614.2540000000001,-0.8187779846102747,3.8631841108916873
2017-11-08,993.9000000000001,2,8,11,4,2017,45,0,0,0,0,0,1040,0.9749279121818236,-0.22252093395631434,-0.5000000000000004,0.8660254037844384,3810.464,773.2560000000001,4266.8988,3802.7960000000003,453.374,131.154,783.96,307.92,33.064,546.92,2950.2062666666657,2427.943828571428,1835.5737714285713,1754.790419047619,1579.5042600000002,1908.2853692081198,1754.7459518241162,1885.5008722899643,3802.7960000000003,0.0,4266.8988,881.375,0.0,4266.8988,2644.5815915974167,2226.927646494995,3037.2079999999996,59.96499999999969,3.9278169196229964,0.015988539125060264
2017-11-09,479.97,3,9,11,4,2017,45,0,0,0,0,0,1041,0.43388373911755823,-0.900968867902419,-0.5000000000000004,0.8660254037844384,993.9000000000001,3810.464,773.2560000000001,3888.8179999999998,0.0,159.002,0.0,0.0,0.0,252.36100000000002,1859.2066666666658,2505.161828571428,1850.5694857142857,1787.4561333333336,1594.4035933333332,1824.1498320995922,1745.9427392530558,1878.8141439170258,3802.7960000000003,0.0,4266.8988,986.345,0.0,4266.8988,2231.9111936980626,2062.523960295662,-2816.564,540.5260000000001,-0.7391656239240155,1.1922298146783894
2017-11-11,4944.296,5,11,11,4,2017,45,1,0,0,0,0,1043,-0.9749279121818236,-0.2225209339563146,-0.5000000000000004,0.8660254037844384,4723.478,479.97,993.9000000000001,773.2560000000001,3888.8179999999998,453.374,2899.0209999999997,7877.272,3335.888,0.0,2065.7826666666656,2705.2549714285706,2152.3307714285716,1990.1834666666666,1758.3376933333334,1859.548025180144,1846.010454852039,1932.983334642719,3810.464,479.97,4723.478,1946.4605,0.0,4723.478,2526.31392145516,2234.444930177631,4243.508,920.6819999999998,8.841194241306749,0.24210659735626106
2017-11-12,4914.938,6,12,11,4,2017,45,1,0,0,0,0,1044,-0.7818314824680299,0.6234898018587334,-0.5000000000000004,0.8660254037844384,4944.296,4723.478,479.97,3810.464,4266.8988,0.0,131.154,188.28,1620.15,1650.618,3382.581333333332,2856.0375428571424,2298.421842857143,1850.5179428571428,1923.14756,2008.351261848343,1985.3218478952203,1987.8945950660284,3810.464,479.97,4944.296,2372.1995,0.0,4944.296,3130.80944109137,2595.7584061539465,220.8180000000002,1055.4780000000005,0.046749026882310085,0.2714135760531864
2017-11-13,2945.138,0,13,11,4,2017,46,0,0,0,0,0,1045,0.0,1.0,-0.5000000000000004,0.8660254037844384,4914.938,4944.296,4723.478,993.9000000000001,773.2560000000001,3802.7960000000003,159.002,467.42199999999997,142.182,3335.888,4860.903999999999,2948.614571428571,2640.1207,2075.5968952380954,2031.9582266666664,2097.1964145730976,1995.2642063102994,2060.4767405499865,3810.464,479.97,4944.296,3776.6475,0.0,4944.296,3576.8415808185277,2904.9823520000873,-29.358000000000175,648.0392000000002,-0.00593775129967955,0.1518759245004826
2017-11-14,2774.0620000000004,1,14,11,4,2017,46,0,0,0,0,0,1046,0.7818314824680298,0.6234898018587336,-0.5000000000000004,0.8660254037844384,2945.138,4914.938,4944.296,479.97,3810.464,3888.8179999999998,3750.4990000000003,1365.498,2953.346,1620.15,4268.123999999999,3258.883428571428,2839.1304142857143,2193.5833714285714,2018.9332266666665,1870.0871919985243,1863.3437213219343,2053.1719990933407,3810.464,479.97,4944.296,3776.6475,0.0,4944.296,3418.915685613896,2910.336438400076,-1969.8000000000002,2171.8819999999996,-0.400778199033233,2.80874897834611
2017-11-15,2145.718,2,15,11,4,2017,46,0,0,0,0,0,1047,0.9749279121818236,-0.22252093395631434,-0.5000000000000004,0.8660254037844384,2774.0620000000004,2945.138,4914.938,4723.478,993.9000000000001,4266.8988,453.374,783.96,307.92,142.182,3544.712666666666,3110.8259999999996,2769.3849142857143,2260.6578476190475,2057.39696,1860.1397935728662,1844.788643762074,2056.2499354738866,2945.138,479.97,4944.296,3373.967,0.0,4944.296,3257.702264210422,2892.1665132800663,-171.07599999999957,-1036.4019999999996,-0.05808760064893381,-0.27198839826330856
2017-11-16,36.72,3,16,11,4,2017,46,0,0,0,0,0,1048,0.43388373911755823,-0.900968867902419,-0.5000000000000004,0.8660254037844384,2145.718,2774.0620000000004,2945.138,4944.296,479.97,773.2560000000001,0.0,0.0,0.0,2953.346,2621.639333333332,3275.371428571428,2890.2666285714286,2325.5034666666666,2124.1814933333335,1684.3026096647811,1733.4418239888355,2024.187339388472,2945.138,479.97,4944.296,3373.967,0.0,4944.296,2979.7061981578163,2792.640044842724,-628.3440000000005,1151.8179999999998,-0.22650683366125213,1.1588872119931577
2017-11-17,142.684,4,17,11,4,2017,46,0,0,0,0,0,1049,-0.433883739117558,-0.9009688679024191,-0.5000000000000004,0.8660254037844384,36.72,2145.718,2774.0620000000004,4914.938,4723.478,3810.464,3802.7960000000003,978.7900000000001,946.174,307.92,1652.1666666666654,3212.0499999999997,2892.8894857142855,2327.2520380952383,2026.9606266666667,1810.5145857488435,1728.7536219191618,2052.8291828331235,2945.138,36.72,4944.296,3373.967,36.72,4944.296,2243.9596486183623,2425.1840388636942,-2108.998,-443.25,-0.9828868471998651,-0.9234952184511532
2017-11-18,3958.9320000000002,5,18,11,4,2017,46,1,0,0,0,0,1050,-0.9749279121818236,-0.2225209339563146,-0.5000000000000004,0.8660254037844384,142.684,36.72,2145.718,2945.138,4944.296,993.9000000000001,3888.8179999999998,2899.0209999999997,7877.272,0.0,775.0406666666654,2557.6508571428567,2631.452914285714,2287.4374666666668,2021.45276,1991.9297078805544,1852.8662064170671,2057.8161306108427,2774.0620000000004,36.72,4944.296,2859.6000000000004,36.72,4944.296,1718.6407364637719,2120.850700348535,105.964,-4580.794,2.8857298474945536,-0.9697925977425956
2017-11-19,638.462,6,19,11,4,2017,46,1,0,0,0,0,1051,-0.7818314824680299,0.6234898018587334,-0.5000000000000004,0.8660254037844384,3958.9320000000002,142.684,36.72,2774.0620000000004,4914.938,479.97,4266.8988,131.154,188.28,946.174,1379.4453333333322,2416.884571428571,2636.461057142857,2337.9094190476194,2153.41716,1822.7959997336284,1856.6171460021278,2050.640993590001,2774.0620000000004,36.72,4914.938,2859.6000000000004,36.72,4944.296,2278.713552347829,2365.9282069687306,3816.248,-985.364,26.746152336632,-0.19929308439462357
2017-11-20,3070.333,0,20,11,4,2017,47,0,0,0,0,0,1052,0.0,1.0,-0.5000000000000004,0.8660254037844384,638.462,3958.9320000000002,142.684,2145.718,2945.138,4723.478,773.2560000000001,159.002,467.42199999999997,7877.272,1580.0259999999987,1805.9594285714281,2377.2870000000003,2362.0669428571427,2143.1600933333334,1540.8558627817572,1864.7464307152063,2057.6453140967706,2145.718,36.72,3958.9320000000002,2459.8900000000003,36.72,4944.296,1868.650664260872,2135.5993793729,-3320.4700000000003,-4276.476000000001,-0.8387287278488239,-0.8700976492480679
2017-11-21,1176.891,1,21,11,4,2017,47,0,0,0,0,0,1053,0.7818314824680298,0.6234898018587336,-0.5000000000000004,0.8660254037844384,3070.333,638.462,3958.9320000000002,36.72,2774.0620000000004,4944.296,3810.464,3750.4990000000003,1365.498,188.28,2555.908999999999,1823.8444285714281,2541.3639285714285,2500.7017523809523,1982.9287933333335,1556.9250858215948,1813.0961668149798,1761.5883416315835,2145.718,36.72,3958.9320000000002,2859.6000000000004,36.72,4944.296,2169.071248195654,2260.2305287898466,2431.871,125.19500000000016,3.8089518248541028,0.04250904371883424
2017-11-22,317.044,2,22,11,4,2017,47,0,0,0,0,0,1054,0.9749279121818236,-0.22252093395631434,-0.5000000000000004,0.8660254037844384,1176.891,3070.333,638.462,142.684,2145.718,4914.938,993.9000000000001,453.374,783.96,467.42199999999997,1628.5619999999988,1595.6771428571426,2353.251571428572,2378.1489904761906,2015.8824933333333,1510.8114525512779,1807.9077152314824,1735.9183728461035,1176.891,36.72,3958.9320000000002,2459.8900000000003,36.72,4944.296,1921.0261861467402,2115.785258284534,-1893.442,-1597.1710000000003,-0.6166894600683379,-0.575751731576295
2017-11-23,100.61599999999999,3,23,11,4,2017,47,0,0,0,0,0,1055,0.43388373911755823,-0.900968867902419,-0.5000000000000004,0.8660254037844384,317.044,1176.891,3070.333,3958.9320000000002,36.72,2945.138,479.97,0.0,0.0,1365.498,1521.4226666666657,1334.4379999999996,2304.9047142857144,2371.6570857142856,2010.8698933333333,1557.2381541328089,1855.479923552336,1740.7542346748019,638.462,36.72,3958.9320000000002,2459.8900000000003,36.72,4944.296,1520.030639610055,1875.9530905132629,-859.8470000000001,-1828.674,-0.7306088669214057,-0.8522433982471136
2017-11-24,6394.5380000000005,4,24,11,4,2017,47,0,0,0,0,0,1056,-0.433883739117558,-0.9009688679024191,-0.5000000000000004,0.8660254037844384,100.61599999999999,317.044,1176.891,638.462,142.684,2774.0620000000004,4723.478,3802.7960000000003,978.7900000000001,783.96,531.5169999999988,1343.5659999999996,2277.808,2376.4483238095236,1968.7071600000002,1548.526476449668,1886.6881337972247,1771.9633377000093,638.462,100.61599999999999,3958.9320000000002,2459.8900000000003,36.72,4944.296,1165.1769797075412,1639.2414784448279,-216.428,63.89599999999999,-0.6826434185791247,1.7400871459694986
2017-11-25,7978.551,5,25,11,4,2017,47,1,0,0,0,0,1057,-0.9749279121818236,-0.2225209339563146,-0.5000000000000004,0.8660254037844384,6394.5380000000005,100.61599999999999,317.044,3070.333,3958.9320000000002,2145.718,4944.296,3888.8179999999998,2899.0209999999997,0.0,2270.7326666666654,2236.6879999999996,2397.169428571429,2499.8646095238096,2155.7264266666666,2340.731285598078,2094.707644736313,1931.5067786438462,1176.891,100.61599999999999,6394.5380000000005,2459.8900000000003,36.72,6394.5380000000005,2472.517234780656,2273.2810146521842,6293.9220000000005,6251.854,62.553888049614386,43.81608309270837
2017-11-26,8329.743,6,26,11,4,2017,47,1,0,0,0,0,1058,-0.7818314824680299,0.6234898018587334,-0.5000000000000004,0.8660254037844384,7978.551,6394.5380000000005,100.61599999999999,1176.891,638.462,36.72,4914.938,4266.8988,131.154,978.7900000000001,4824.568333333333,2810.9192857142853,2613.9019285714285,2694.6138,2421.6781266666667,3177.2318412166915,2496.886466152708,2160.1967904102653,1176.891,100.61599999999999,7978.551,2459.8900000000003,36.72,7978.551,3849.025676085492,3033.9836793652266,1584.013,4019.619,0.24771343918825717,1.0153291342210475
2017-11-27,1305.769,0,27,11,4,2017,48,0,0,0,0,0,1059,0.0,1.0,-0.5000000000000004,0.8660254037844384,8329.743,7978.551,6394.5380000000005,317.044,3070.333,142.684,2945.138,773.2560000000001,159.002,2899.0209999999997,7567.610666666665,3909.673714285714,2857.8165714285715,2888.0825714285716,2666.7098933333336,3602.2175694984358,2876.842520394509,2395.031800428369,3070.333,100.61599999999999,8329.743,2459.8900000000003,36.72,8329.743,4969.205007064119,3740.08492211653,351.192,7691.281000000001,0.044017015119662606,12.046575990426996
2017-11-28,3428.372,1,28,11,4,2017,48,0,0,0,0,0,1060,0.7818314824680298,0.6234898018587336,-0.5000000000000004,0.8660254037844384,1305.769,8329.743,7978.551,100.61599999999999,1176.891,3958.9320000000002,2774.0620000000004,3810.464,3750.4990000000003,131.154,5871.354333333332,3657.593142857142,2740.718785714286,2913.4403333333335,2613.6014933333336,3730.210966621028,2906.228823713337,2407.335907876395,1305.769,100.61599999999999,8329.743,1725.7435,36.72,8329.743,4053.346005298089,3415.509465834326,-7023.974,-1764.564,-0.8432401815998405,-0.5747142085239614
2017-11-29,300.592,2,29,11,4,2017,48,0,0,0,0,0,1061,0.9749279121818236,-0.22252093395631434,-0.5000000000000004,0.8660254037844384,3428.372,1305.769,8329.743,6394.5380000000005,317.044,638.462,2145.718,993.9000000000001,453.374,159.002,4354.627999999999,3979.233285714285,2787.4552142857146,2895.245476190476,2723.5087599999997,3574.477483336441,2912.0615582273126,2364.986230408072,3428.372,100.61599999999999,8329.743,1725.7435,36.72,8329.743,3897.102503973567,3417.2244703897495,2122.603,2251.4809999999998,1.6255578130588182,1.913075212572787
2017-11-30,970.142,3,30,11,4,2017,48,0,0,1,0,0,1062,0.43388373911755823,-0.900968867902419,-0.5000000000000004,0.8660254037844384,300.592,3428.372,1305.769,7978.551,100.61599999999999,3070.333,36.72,479.97,0.0,3750.4990000000003,1678.2443333333313,3976.8829999999994,2655.6605000000004,2862.2308095238095,2728.2284266666666,3577.291068926688,2984.199633533328,2359.827570240685,3428.372,100.61599999999999,8329.743,1241.33,36.72,8329.743,2997.9748779801753,3001.673474337783,-3127.7799999999997,-16.451999999999998,-0.91232223340991,-0.05189185097336646
2017-12-01,7365.455,4,1,12,4,2017,48,0,1,0,0,0,1063,-0.433883739117558,-0.9009688679024191,-2.4492935982947064e-16,1.0,970.142,300.592,3428.372,8329.743,6394.5380000000005,1176.891,142.684,4723.478,3802.7960000000003,453.374,1566.3686666666647,4101.101,2722.3335,2885.5723333333335,2635.54986,3432.4214765492666,2931.141889755619,2372.856200750176,3428.372,300.592,8329.743,1241.33,100.61599999999999,8329.743,2491.0166584851313,2730.8026110927453,669.5500000000001,869.5260000000001,2.2274378559642307,8.642025125228594
2017-12-02,4684.616,5,2,12,4,2017,48,1,0,0,0,0,1064,-0.9749279121818236,-0.2225209339563146,-2.4492935982947064e-16,1.0,7365.455,970.142,300.592,1305.769,7978.551,317.044,3958.9320000000002,4944.296,3888.8179999999998,0.0,2878.729666666665,4239.803428571428,3238.2457142857143,3011.380761904762,2865.95256,3557.8689402170135,3074.3151339077535,2486.5188167682254,3428.372,300.592,8329.743,2188.051,100.61599999999999,8329.743,3709.6262438638487,3348.7562629470463,6395.313,970.9169999999995,6.592141150470756,0.15183536324281754
2017-12-03,5269.816,6,3,12,4,2017,48,1,0,0,0,0,1065,-0.7818314824680299,0.6234898018587334,-2.4492935982947064e-16,1.0,4684.616,7365.455,970.142,3428.372,8329.743,100.61599999999999,638.462,4914.938,4266.8988,3802.7960000000003,4340.070999999998,3769.2412857142854,3290.0802857142853,2999.015047619048,3022.1064266666667,3178.579664026353,3093.4590896986947,2447.1153368792857,3428.372,300.592,8329.743,2188.051,100.61599999999999,8329.743,3953.3736828978867,3526.8708945541066,-2680.839,-3293.9350000000004,-0.36397466280087243,-0.4128487741696456
2017-12-04,944.2860000000001,0,4,12,4,2017,49,0,0,0,0,0,1066,0.0,1.0,-2.4492935982947064e-16,1.0,5269.816,4684.616,7365.455,300.592,1305.769,6394.5380000000005,3070.333,2945.138,773.2560000000001,3888.8179999999998,5773.295666666665,3332.1088571428563,3620.891285714286,3015.914,3071.0070933333336,2605.64027159547,3035.172405855964,2477.720132172639,3428.372,300.592,7365.455,3249.3525,100.61599999999999,8329.743,4282.484262173415,3759.2635752802257,585.1999999999998,-3059.9270000000006,0.1249195238200953,-0.36734950886239837
2017-12-05,5138.934,1,5,12,4,2017,49,0,0,0,0,0,1067,0.7818314824680298,0.6234898018587336,-2.4492935982947064e-16,1.0,944.2860000000001,5269.816,4684.616,970.142,3428.372,7978.551,1176.891,2774.0620000000004,3810.464,4266.8988,3632.9059999999977,3280.4684285714284,3469.030785714286,2920.6353333333336,2972.856026666667,2655.5961349939093,3116.9236411466395,2502.405281000291,3428.372,300.592,7365.455,2367.0705,100.61599999999999,8329.743,3447.9346966300614,3383.933231909529,-4325.53,-361.48299999999995,-0.8208123395579656,-0.27683533611228317
2017-12-06,2859.974,2,6,12,4,2017,49,0,0,0,0,0,1068,0.9749279121818236,-0.22252093395631434,-2.4492935982947064e-16,1.0,5138.934,944.2860000000001,5269.816,7365.455,300.592,8329.743,317.044,2145.718,993.9000000000001,773.2560000000001,3784.3453333333314,3524.834428571429,3752.0338571428574,3033.248285714286,3001.923866666667,2748.5499393079845,3072.3477669152685,2522.935703997407,4684.616,300.592,7365.455,4056.4939999999997,100.61599999999999,8329.743,3870.6845224725457,3617.9333343215912,4194.648,1710.5620000000004,4.442137233846525,0.498942938514257
2017-12-07,0.0,3,7,12,4,2017,49,0,0,0,0,0,1069,0.43388373911755823,-0.900968867902419,-2.4492935982947064e-16,1.0,2859.974,5138.934,944.2860000000001,4684.616,970.142,1305.769,100.61599999999999,36.72,479.97,3810.464,2981.0646666666653,3890.460428571428,3933.6717142857146,3067.2604761904763,3071.481133333333,2395.7491577572546,2925.299373572232,2487.894659962251,4684.616,944.2860000000001,7365.455,4056.4939999999997,100.61599999999999,8329.743,3618.0068918544093,3516.8720897453795,-2278.96,2559.382,-0.44346940435506665,8.51447144301911
2017-12-08,4709.095,4,8,12,4,2017,49,0,0,0,0,0,1070,-0.433883739117558,-0.9009688679024191,-2.4492935982947064e-16,1.0,0.0,2859.974,5138.934,5269.816,7365.455,3428.372,6394.5380000000005,142.684,4723.478,993.9000000000001,2666.302666666665,3751.868714285714,3926.484857142857,3065.5119047619046,2944.4656666666665,2611.2146962832353,2935.5464366100573,2545.4685101243863,4684.616,0.0,7365.455,4056.4939999999997,0.0,8329.743,2713.505168890807,3047.9558111126626,-2859.974,-970.142,-1.0,-1.0
2017-12-10,3453.23,6,10,12,4,2017,49,1,0,0,0,0,1072,-0.7818314824680299,0.6234898018587334,-2.4492935982947064e-16,1.0,1855.483,4709.095,0.0,5138.934,5269.816,970.142,8329.743,638.462,4914.938,4723.478,2188.192666666665,2968.2268571428567,3368.7340714285715,3182.7958095238096,3114.1559333333335,2129.0267265720536,2632.086409907391,2501.4506078944664,2859.974,0.0,5269.816,3144.173,0.0,8329.743,2873.172720001079,3080.913298124622,-2853.612,-2829.133,-0.6059788558098743,-0.603919937087693
2017-12-11,6102.25,0,11,12,4,2017,50,0,0,0,0,0,1073,0.0,1.0,-2.4492935982947064e-16,1.0,3453.23,1855.483,4709.095,2859.974,944.2860000000001,7365.455,1305.769,3070.333,2945.138,4944.296,3339.2693333333314,2708.714571428571,3020.4117142857144,3316.832380952381,3071.8143333333337,1900.132359238672,2214.6254548695697,2483.9600512088386,2859.974,0.0,5138.934,3144.173,0.0,7365.455,3018.1870400008092,3130.555525041339,1597.747,-1816.5859999999998,0.8610949278435858,-0.3447152614057113
2017-12-12,1874.0449999999998,1,12,12,4,2017,50,0,0,0,0,0,1074,0.7818314824680298,0.6234898018587336,-2.4492935982947064e-16,1.0,6102.25,3453.23,1855.483,0.0,5138.934,4684.616,3428.372,1176.891,2774.0620000000004,4914.938,3803.6543333333316,3445.566571428571,3363.0175000000004,3461.209380952381,3110.4128,2092.2570081024764,2298.3904436600824,2522.7538731682253,3453.23,0.0,6102.25,3440.801,0.0,7365.455,3789.202780000607,3526.781455035827,2649.02,5157.964,0.7671136877647884,5.46229002653857
2017-12-13,1194.088,2,13,12,4,2017,50,0,0,0,0,0,1075,0.9749279121818236,-0.22252093395631434,-2.4492935982947064e-16,1.0,1874.0449999999998,6102.25,3453.23,4709.095,2859.974,5269.816,300.592,317.044,2145.718,2945.138,3809.841666666665,2979.153857142857,3251.9941428571433,3494.40719047619,3009.0497,2014.3087064263793,2332.281542297685,2508.8009626194403,2859.974,0.0,6102.25,3156.602,0.0,7365.455,3310.4133350004554,3306.4165943643834,-4228.205,-3264.889,-0.6928927854479905,-0.635324174235357
2017-12-14,828.654,3,14,12,4,2017,50,0,0,0,0,0,1076,0.43388373911755823,-0.900968867902419,-2.4492935982947064e-16,1.0,1194.088,1874.0449999999998,6102.25,1855.483,0.0,944.2860000000001,970.142,100.61599999999999,36.72,2774.0620000000004,3056.7943333333315,2741.1701428571423,3315.8152857142854,3536.1711904761905,2950.6813666666667,2126.0464061587286,2256.293124900309,2530.613808791588,1874.0449999999998,0.0,6102.25,3156.602,0.0,7365.455,2781.3320012503414,3024.7727817824652,-679.9569999999999,-1665.8860000000002,-0.36282853399998394,-0.582482917676874
2017-12-16,628.5419999999999,5,16,12,4,2017,50,1,0,0,0,0,1078,-0.9749279121818236,-0.2225209339563146,-2.4492935982947064e-16,1.0,2637.087,828.654,1194.088,6102.25,1855.483,2859.974,4684.616,7978.551,3958.9320000000002,36.72,1553.2763333333314,2563.5481428571425,2967.9684285714284,3391.9134285714285,2902.2134,1787.987798453831,1946.0428668484747,2556.7212844450737,1874.0449999999998,828.654,6102.25,2748.5305,0.0,6102.25,2379.143625703317,2719.3076183166077,1808.433,-2072.0080000000003,2.1823740668602336,-0.4400013166011729
2017-12-17,12185.134,6,17,12,4,2017,50,1,0,0,0,0,1079,-0.7818314824680299,0.6234898018587334,-2.4492935982947064e-16,1.0,628.5419999999999,2637.087,828.654,1874.0449999999998,3453.23,0.0,5269.816,8329.743,638.462,142.684,1364.7609999999984,2388.2708571428566,2678.248857142857,3041.913,2921.9408,1923.9386616466688,1972.5615915936874,2536.048665393709,1874.0449999999998,628.5419999999999,6102.25,2255.566,0.0,6102.25,1941.4932192774877,2440.5388692077267,-2008.545,-1226.941,-0.7616529147502529,-0.6612515447460312
2017-12-18,7051.35,0,18,12,4,2017,51,0,0,0,0,0,1080,0.0,1.0,-2.4492935982947064e-16,1.0,12185.134,628.5419999999999,2637.087,1194.088,6102.25,4709.095,944.2860000000001,1305.769,3070.333,3958.9320000000002,5150.2543333333315,3635.685714285714,3172.200142857143,3225.5030476190477,3323.3558,4206.370615424603,3172.3784412732166,2992.883524799898,1874.0449999999998,628.5419999999999,12185.134,2255.566,0.0,12185.134,4502.403414458116,3739.8182199800303,11556.592,8731.904,18.38634808811504,2.528619292662232
2017-12-19,815.1120000000001,1,19,12,4,2017,51,0,0,0,0,0,1081,0.7818314824680298,0.6234898018587336,-2.4492935982947064e-16,1.0,7051.35,12185.134,628.5419999999999,828.654,1874.0449999999998,1855.483,5138.934,3428.372,1176.891,638.462,6621.675333333332,3771.2714285714283,3608.4190000000003,3499.102142857143,3426.4364,4313.0704697380725,3261.099276414041,3067.844449052459,1874.0449999999998,628.5419999999999,12185.134,2748.5305,0.0,12185.134,5139.640060843587,4181.35579064936,-5133.784,949.1000000000004,-0.4213153503277025,0.15553279528042951
2017-12-20,134.54,2,20,12,4,2017,51,0,0,0,0,0,1082,0.9749279121818236,-0.22252093395631434,-2.4492935982947064e-16,1.0,815.1120000000001,7051.35,12185.134,2637.087,1194.088,3453.23,2859.974,300.592,317.044,3070.333,6683.865333333331,3619.9952857142853,3299.5745714285717,3374.6611904761903,3432.3247333333334,4408.224896101176,3309.388624392448,3062.4735947448526,1194.088,628.5419999999999,12185.134,2255.566,0.0,12185.134,4058.5080456326905,3732.5232852294453,-6236.238,-1058.9329999999998,-0.8844034121125742,-0.5650520665192137
2017-12-21,0.0,3,21,12,4,2017,51,0,0,0,0,0,1083,0.43388373911755823,-0.900968867902419,-2.4492935982947064e-16,1.0,134.54,815.1120000000001,7051.35,628.5419999999999,828.654,6102.25,0.0,970.142,100.61599999999999,1176.891,2667.000666666665,3468.6312857142852,3104.9007142857145,3366.753952380953,3334.4649666666664,4522.124784029393,3415.6913288429196,3120.7903571836177,828.654,134.54,12185.134,1864.764,0.0,12185.134,3077.516034224518,3252.7921805321857,-680.5720000000001,-1059.548,-0.83494292808841,-0.8873282371148525
2017-12-22,1043.128,4,22,12,4,2017,51,0,0,0,0,0,1084,-0.433883739117558,-0.9009688679024191,-2.4492935982947064e-16,1.0,0.0,134.54,815.1120000000001,12185.134,2637.087,1874.0449999999998,4709.095,7365.455,6394.5380000000005,317.044,316.5506666666649,3350.2521428571426,3104.9007142857145,3320.5567142857144,3295.235266666666,4612.6908804388195,3415.6913288429196,3156.045120425268,815.1120000000001,0.0,12185.134,1864.764,0.0,12185.134,2308.1370256683886,2819.0865564612277,-134.54,-828.654,-1.0,-1.0
2017-12-24,1938.26,6,24,12,4,2017,51,1,0,0,0,0,1086,-0.7818314824680299,0.6234898018587334,-2.4492935982947064e-16,1.0,6965.857,1043.128,0.0,815.1120000000001,12185.134,828.654,3453.23,5269.816,8329.743,6394.5380000000005,2669.6616666666646,4027.874428571428,3208.072642857143,3128.1240476190483,3548.2794333333336,4742.123449944051,3579.2639797737274,3142.6284755462366,1043.128,0.0,12185.134,1534.0665,0.0,12185.134,3235.3778269384684,3166.767404630878,5922.729,6337.3150000000005,5.677854491490978,10.082564092773437
2017-12-25,10488.055,0,25,12,4,2017,52,0,0,0,0,0,1087,0.0,1.0,-2.4492935982947064e-16,1.0,1938.26,6965.857,1043.128,134.54,7051.35,2637.087,6102.25,944.2860000000001,1305.769,7978.551,3315.748333333331,2564.0352857142852,3099.8605,2969.4785238095237,3399.736833333334,3102.4785354713104,3594.1521108590987,3108.5883588083925,1043.128,0.0,7051.35,1534.0665,0.0,12185.134,2911.0983702038516,3002.966417346761,-5027.597,-10246.874,-0.7217485228307157,-0.8409324017282043
2017-12-26,1829.418,1,26,12,4,2017,52,0,0,0,0,0,1088,0.7818314824680298,0.6234898018587336,-2.4492935982947064e-16,1.0,10488.055,1938.26,6965.857,0.0,815.1120000000001,628.5419999999999,1874.0449999999998,5138.934,3428.372,8329.743,6464.0573333333305,3054.9931428571426,3413.1322857142854,3423.943714285714,3483.3869666666665,4056.2514744377945,4039.518330424702,3265.8373846475315,1043.128,0.0,10488.055,1534.0665,0.0,12185.134,4805.337527652889,4000.978228367193,8549.795,3436.705,4.411067142694995,0.48738255794989604
2017-12-27,959.49,2,27,12,4,2017,52,0,0,0,0,0,1089,0.9749279121818236,-0.22252093395631434,-2.4492935982947064e-16,1.0,1829.418,10488.055,1938.26,1043.128,134.54,12185.134,1194.088,2859.974,300.592,1305.769,4751.910999999997,3199.8939999999993,3409.944642857143,3266.3477142857146,3266.7094666666667,3980.3067141266442,4040.843661478795,3146.673630866706,1829.418,0.0,10488.055,1511.753,0.0,12185.134,4061.357645739666,3711.436864584901,-8658.637,1014.3059999999998,-0.8255712808523601,1.2443762329593966
2017-12-28,0.0,3,28,12,4,2017,52,0,0,0,0,0,1090,0.43388373911755823,-0.900968867902419,-2.4492935982947064e-16,1.0,959.49,1829.418,10488.055,6965.857,0.0,7051.35,828.654,0.0,970.142,3428.372,4425.654333333331,3317.7439999999992,3393.1876428571427,3175.848476190476,3255.166833333333,3885.5039100810304,4051.2125781244013,3154.7395674717886,1829.418,0.0,10488.055,1436.273,0.0,12185.134,3285.8907343047495,3344.5106159735806,-869.9279999999999,824.95,-0.4755217233021649,6.1316337148803335
2017-12-31,731.768,6,31,12,4,2017,52,1,0,1,0,1,1093,-0.7818314824680299,0.6234898018587334,-2.4492935982947064e-16,1.0,773.774,1277.68,0.0,1829.418,1938.26,0.0,12185.134,3453.23,5269.816,7365.455,683.8179999999983,2466.6681428571424,3247.271285714286,2960.93780952381,3166.9117666666666,3597.76715677054,4124.231935076987,3189.7920504726762,1277.68,0.0,10488.055,1160.404,0.0,12185.134,1819.2436535348163,2427.9654291241354,-503.90600000000006,-6192.083,-0.39439139690689373,-0.8889190518840683
2018-01-01,1481.8280000000002,0,1,1,1,2018,1,0,1,0,1,0,1094,0.0,1.0,0.49999999999999994,0.8660254037844387,731.768,773.774,1277.68,959.49,10488.055,1043.128,7051.35,6102.25,944.2860000000001,4684.616,927.7406666666649,2294.312142857142,2429.173714285714,2831.3443809523806,2945.7888666666668,3655.732673740351,3260.405280114176,3117.8226609426397,959.49,0.0,10488.055,1001.309,0.0,10488.055,1547.3747401511123,2201.8057719075837,-42.00599999999997,-1206.492,-0.05428716912173315,-0.6224613828898083
2018-01-02,2079.554,1,2,1,1,2018,1,0,0,0,0,0,1095,0.7818314824680298,0.6234898018587336,0.49999999999999994,0.8660254037844387,1481.8280000000002,731.768,773.774,0.0,1829.418,6965.857,815.1120000000001,1874.0449999999998,5138.934,5269.816,995.7899999999981,1007.7082857142852,2031.3507142857143,2611.3242857142855,2839.0292666666664,594.6357944191784,2980.8416469346785,3111.056254056879,959.49,0.0,1829.418,1001.309,0.0,10488.055,1530.9880551133344,2105.808735653239,750.0600000000002,-9006.227,1.0249969935826657,-0.8587127927914184
2018-01-03,2070.272,2,3,1,1,2018,1,0,0,0,0,0,1096,0.9749279121818236,-0.22252093395631434,0.49999999999999994,0.8660254037844387,2079.554,1481.8280000000002,731.768,1277.68,959.49,1938.26,134.54,1194.088,2859.974,944.2860000000001,1431.0499999999981,1043.4419999999996,2121.668,2621.110428571428,2732.6872,656.5387092360128,2960.240452688655,3079.4663607611556,959.49,0.0,2079.554,1160.404,0.0,10488.055,1668.1295413350008,2102.3081042328076,597.7259999999999,250.1360000000002,0.40337070159289734,0.13672982336458928
2018-01-04,0.0,3,4,1,1,2018,1,0,0,0,0,0,1097,0.43388373911755823,-0.900968867902419,0.49999999999999994,0.8660254037844387,2070.272,2079.554,1481.8280000000002,773.774,0.0,10488.055,0.0,828.654,0.0,5138.934,1877.2179999999983,1202.1251428571425,2259.9345714285714,2662.833476190476,2770.2200666666668,759.0924397110234,2904.9774634917403,3063.7391652468145,1277.68,0.0,2079.554,1379.7540000000001,0.0,10488.055,1768.6651560012506,2098.036623668433,-9.282000000000153,1110.782,-0.004463457068198395,1.1576796006211634
2018-01-08,892.98,0,8,1,1,2018,2,0,0,0,0,0,1101,0.0,1.0,0.49999999999999994,0.8660254037844387,3395.59,33.74,0.0,2070.272,1481.8280000000002,1277.68,10488.055,7051.35,6102.25,1855.483,1143.109999999998,1294.4262857142853,1794.3692142857142,2050.9245714285717,2460.930966666667,1329.7104438026586,2693.214672280988,3082.285720039959,1481.8280000000002,0.0,3395.59,1118.585,0.0,10488.055,1414.8404595160207,1640.289096466057,3361.8500000000004,2663.822,99.63989330171903,3.6402548348656953
2018-01-09,274.491,1,9,1,1,2018,2,0,0,0,0,0,1102,0.7818314824680298,0.6234898018587336,0.49999999999999994,0.8660254037844387,892.98,3395.59,33.74,0.0,2079.554,773.774,1829.418,815.1120000000001,1874.0449999999998,3453.23,1440.769999999998,1210.3051428571423,1109.0067142857145,1757.6688571428572,2428.847533333333,1334.4964304444957,998.0941033203509,3093.792980232839,892.98,0.0,3395.59,926.235,0.0,3395.59,1284.3753446370156,1540.6478836039162,-2502.61,-588.8480000000002,-0.7370177200427613,-0.397379452945956
2018-01-10,0.0,2,10,1,1,2018,2,0,0,0,0,0,1103,0.9749279121818236,-0.22252093395631434,0.49999999999999994,0.8660254037844387,274.491,892.98,3395.59,0.0,2070.272,731.768,959.49,134.54,1194.088,6102.25,1521.0203333333313,952.4389999999995,997.9405,1731.9250000000002,2322.8895666666667,1312.7562758129511,998.2761337387781,3111.8803221674657,274.491,0.0,3395.59,833.377,0.0,3395.59,1031.9042584777617,1371.8269657900607,-618.489,-1805.063,-0.6926123765369885,-0.8680048702750687
2018-01-11,0.0,3,11,1,1,2018,2,0,0,0,0,0,1104,0.43388373911755823,-0.900968867902419,0.49999999999999994,0.8660254037844387,0.0,274.491,892.98,33.74,0.0,1481.8280000000002,0.0,0.0,828.654,1874.0449999999998,389.15699999999805,656.6858571428565,929.4055,1725.5183333333334,2119.4812333333334,1250.6847604666132,1033.435877320882,3055.2452195567093,33.74,0.0,3395.59,752.771,0.0,3395.59,773.9281938583213,1188.9167036847193,-274.491,-2070.272,-1.0,-1.0
2018-01-14,697.338,6,14,1,1,2018,2,1,0,0,0,0,1107,-0.7818314824680299,0.6234898018587334,0.49999999999999994,0.8660254037844387,4619.33,848.52,0.0,274.491,3395.59,0.0,731.768,1938.26,12185.134,2637.087,1822.6166666666647,1432.9872857142852,1173.4337857142857,1604.5119047619048,2171.85,1829.7002463859658,1428.4671179653926,3109.4564501692766,848.52,0.0,4619.33,790.144,0.0,4619.33,1640.4309567839791,1487.9026068134308,3770.81,4585.59,4.4439848206288595,135.90960284528748
2018-01-15,2140.28,0,15,1,1,2018,3,0,0,0,0,0,1108,0.0,1.0,0.49999999999999994,0.8660254037844387,697.338,4619.33,848.52,0.0,892.98,0.0,1481.8280000000002,10488.055,7051.35,628.5419999999999,2055.0626666666644,1047.5227142857136,1170.9745,1545.4203809523808,2107.1917,1619.4704822056892,1429.3153780772582,3119.5997883718915,697.338,0.0,4619.33,772.929,0.0,4619.33,1404.6577175879843,1382.49399257164,-3921.992,-2698.2520000000004,-0.8490391463697116,-0.794634216734058
2018-01-16,6230.2919999999995,1,16,1,1,2018,3,0,0,0,0,0,1109,0.7818314824680298,0.6234898018587336,0.49999999999999994,0.8660254037844387,2140.28,697.338,4619.33,0.0,274.491,33.74,2079.554,1829.418,815.1120000000001,12185.134,2485.6493333333315,1225.7084285714282,1218.0067857142858,1147.9072857142858,2157.582966666667,1667.5376982209157,1450.9998303923091,3107.0758725533256,697.338,0.0,4619.33,772.929,0.0,4619.33,1588.5632881909883,1483.5321268954215,1442.9420000000002,1247.3000000000002,2.0692146419670236,1.3967838025487693
2018-01-17,0.0,2,17,1,1,2018,3,0,0,0,0,0,1110,0.9749279121818236,-0.22252093395631434,0.49999999999999994,0.8660254037844387,6230.2919999999995,2140.28,697.338,848.52,0.0,3395.59,2070.272,959.49,134.54,7051.35,3022.636666666665,2076.5371428571425,1514.4880714285714,1357.4727142857143,1959.0882333333332,2441.2349152819706,1971.3394495461748,2591.876355511619,848.52,0.0,6230.2919999999995,772.929,0.0,6230.2919999999995,2748.995466143241,2116.4334433093654,4090.0119999999993,5955.8009999999995,1.9109705272207371,21.69761850115304
2018-01-21,2546.643,6,21,1,1,2018,3,1,0,0,0,0,1114,-0.7818314824680299,0.6234898018587334,0.49999999999999994,0.8660254037844387,767.838,2013.715,0.0,6230.2919999999995,697.338,0.0,3395.59,731.768,1938.26,1043.128,927.1843333333314,1692.780428571428,1562.883857142857,1346.5493333333334,1785.1065999999998,2178.290668157622,1937.3404257742702,2411.181425209738,767.838,0.0,6230.2919999999995,808.179,0.0,6230.2919999999995,1439.330409209385,1529.0981693700505,-1245.877,-3851.492,-0.6186957935954194,-0.833777192796358
2018-01-22,4212.372,0,22,1,1,2018,4,0,0,0,0,0,1115,0.0,1.0,0.49999999999999994,0.8660254037844387,2546.643,767.838,2013.715,0.0,2140.28,848.52,892.98,1481.8280000000002,10488.055,6965.857,1776.0653333333314,1956.9668571428567,1502.2447857142856,1432.9719523809524,1835.2237666666667,2149.391998872108,1888.227372161248,2410.852858300132,2013.715,0.0,6230.2919999999995,808.179,0.0,6230.2919999999995,1716.1585569070387,1664.770813454044,1778.805,1849.305,2.316641010213092,2.651949269937964
2018-01-23,450.334,1,23,1,1,2018,4,0,0,0,0,0,1116,0.7818314824680298,0.6234898018587336,0.49999999999999994,0.8660254037844387,4212.372,2546.643,767.838,0.0,6230.2919999999995,4619.33,274.491,2079.554,1829.418,1938.26,2508.950999999998,2252.9799999999996,1739.3442142857143,1562.9978571428571,1743.440933333333,2315.1385118305475,2010.2964555359003,2256.24686317679,2013.715,0.0,6230.2919999999995,808.179,0.0,6230.2919999999995,2340.211917680279,2004.4509716601715,1665.7290000000003,2072.092,0.654088146630682,0.9681406171155176
2018-01-24,418.66599999999994,2,24,1,1,2018,4,0,0,0,0,0,1117,0.9749279121818236,-0.22252093395631434,0.49999999999999994,0.8660254037844387,450.334,4212.372,2546.643,2013.715,0.0,697.338,0.0,2070.272,959.49,10488.055,2403.1163333333316,1427.2717142857139,1751.9044285714285,1485.4159523809524,1693.8434000000002,1571.4728027160368,2000.9677980761771,2268.1393022139,767.838,0.0,4212.372,808.179,0.0,6230.2919999999995,1867.7424382602092,1797.2353754388155,-3762.0380000000005,-5779.958,-0.8930925378860177,-0.927718636622489
2018-01-28,1007.52,6,28,1,1,2018,4,1,0,0,0,0,1121,-0.7818314824680299,0.6234898018587334,0.49999999999999994,0.8660254037844387,331.914,3055.2799999999997,0.0,450.334,2546.643,0.0,697.338,3395.59,731.768,1277.68,1129.0646666666646,1573.6012857142853,1633.190857142857,1566.4563333333333,1378.1399666666666,1669.2765950120017,1865.4411800748574,1593.4974205822152,450.334,0.0,4212.372,732.588,0.0,6230.2919999999995,1290.9650605432691,1447.5904288771956,-2723.366,-435.924,-0.8913638029902333,-0.567729130363436
2018-01-29,158.642,0,29,1,1,2018,5,0,0,0,0,0,1122,0.0,1.0,0.49999999999999994,0.8660254037844387,1007.52,331.914,3055.2799999999997,418.66599999999994,4212.372,2013.715,2140.28,892.98,1481.8280000000002,773.774,1464.9046666666648,1353.7265714285709,1655.3467142857141,1452.7387142857142,1369.1346333333333,1620.3975704720046,1855.2854114938164,1594.8475327257293,450.334,0.0,4212.372,887.679,0.0,6230.2919999999995,1220.1037954074518,1388.9143716935696,675.606,-1539.123,2.035485095536796,-0.604373286715099
2018-01-30,3749.335,1,30,1,1,2018,5,0,0,0,0,0,1123,0.7818314824680298,0.6234898018587336,0.49999999999999994,0.8660254037844387,158.642,1007.52,331.914,0.0,450.334,767.838,6230.2919999999995,274.491,2079.554,731.768,499.3586666666649,774.6222857142851,1513.8011428571428,1417.770238095238,1348.6302333333333,1053.8003249189053,1890.6971461997002,1606.6762236931916,418.66599999999994,0.0,3055.2799999999997,609.086,0.0,6230.2919999999995,954.7383465555888,1224.8780554677603,-848.8779999999999,-4053.7300000000005,-0.8425420835318406,-0.9623390336845844
2018-01-31,0.0,2,31,1,1,2018,5,0,0,1,0,0,1124,0.9749279121818236,-0.22252093395631434,0.49999999999999994,0.8660254037844387,3749.335,158.642,1007.52,3055.2799999999997,418.66599999999994,2546.643,0.0,0.0,2070.272,1481.8280000000002,1638.4989999999982,1245.9081428571424,1336.5899285714283,1583.239,1449.2157999999997,1519.4270342838993,1488.0094163468393,1660.2885792035952,418.66599999999994,0.0,3749.335,609.086,0.0,4212.372,1653.3875099166917,1561.4723147387258,3590.693,3299.001,22.633936788492328,7.325676053773421
2018-02-01,0.0,3,1,2,1,2018,5,0,1,0,0,0,1125,0.43388373911755823,-0.900968867902419,0.8660254037844386,0.5000000000000001,0.0,3749.335,158.642,331.914,0.0,4212.372,0.0,0.0,0.0,2079.554,1302.6589999999983,1186.0987142857139,1336.5899285714283,1583.239,1399.8215333333333,1564.9743575307743,1488.0094163468393,1681.1957556205248,331.914,0.0,3749.335,609.086,0.0,4212.372,1240.0406324375188,1353.2760061068957,-3749.335,-418.66599999999994,-1.0,-1.0
2018-02-04,32.67,6,4,2,1,2018,5,1,0,0,0,0,1128,-0.7818314824680299,0.6234898018587334,0.8660254037844386,0.5000000000000001,922.327,913.354,0.0,3749.335,1007.52,0.0,2546.643,697.338,3395.59,0.0,611.893666666665,964.4539999999995,1269.0276428571428,1410.2785714285715,1322.6833666666669,1308.4009817471683,1475.1556979904365,1674.7697590181847,913.354,0.0,3749.335,681.844,0.0,4212.372,924.9777668095783,1109.4526208642517,8.972999999999956,590.413,0.009824230254643851,1.778813186548323
2018-02-05,2263.012,0,5,2,1,2018,6,0,0,0,0,0,1129,0.0,1.0,0.8660254037844386,0.5000000000000001,32.67,922.327,913.354,0.0,158.642,3055.2799999999997,4212.372,2140.28,892.98,33.74,622.783666666665,825.1897142857136,1089.458142857143,1378.6277142857143,1323.7723666666668,1354.1346392680177,1460.6095323712254,1673.890432763571,158.642,0.0,3749.335,434.5,0.0,4212.372,701.9008251071837,965.8816047490182,-889.657,-974.85,-0.9645787231643441,-0.9675738446879466
2018-02-06,904.354,1,6,2,1,2018,6,0,0,0,0,0,1130,0.7818314824680298,0.6234898018587336,0.8660254037844386,0.5000000000000001,2263.012,32.67,922.327,0.0,3749.335,331.914,450.334,6230.2919999999995,274.491,3395.59,1072.669666666665,1125.8139999999996,950.2181428571429,1384.4720952380953,1398.0814333333333,1413.77190931103,1211.7105356534987,1664.1006549685446,913.354,0.0,3749.335,434.5,0.0,3749.335,1092.1786188303877,1138.8323241158157,2230.342,2104.3700000000003,68.26880930517294,13.264898324529446
2018-02-07,0.0,2,7,2,1,2018,6,0,0,0,0,0,1131,0.9749279121818236,-0.22252093395631434,0.8660254037844386,0.5000000000000001,904.354,2263.012,32.67,913.354,0.0,1007.52,418.66599999999994,0.0,0.0,892.98,1066.6786666666649,719.3881428571424,982.648142857143,1130.856,1315.0402333333334,816.74295446615,1203.3493956292914,1622.6261152168856,904.354,0.0,2263.012,661.51,0.0,3749.335,1045.2224641227908,1107.5685475670402,-1358.6580000000001,-2844.9809999999998,-0.6003759591199693,-0.7587961598523472
2018-02-11,1241.516,6,11,2,1,2018,6,1,0,0,0,0,1135,-0.7818314824680299,0.6234898018587334,0.8660254037844386,0.5000000000000001,227.103,773.7639999999999,0.0,904.354,32.67,0.0,1007.52,2546.643,697.338,848.52,333.62233333333165,600.1289999999996,782.2915,1046.0614285714287,1309.4867666666667,823.5441277569479,1067.1815081032455,1624.9067282607377,227.103,0.0,2263.012,500.4335,0.0,3749.335,532.5714202888518,744.5477518432048,-546.6609999999998,-695.2239999999999,-0.7064957790747566,-0.7537717100334262
2018-02-12,0.0,0,12,2,1,2018,7,0,0,0,0,0,1136,0.0,1.0,0.8660254037844386,0.5000000000000001,1241.516,227.103,773.7639999999999,0.0,2263.012,913.354,158.642,4212.372,2140.28,4619.33,747.4609999999984,772.8212857142852,799.0055000000001,983.9125238095238,1322.5866333333333,811.3731951090846,1072.7979622367689,1622.644880740562,773.7639999999999,0.0,2263.012,500.4335,0.0,3749.335,709.8075652166389,810.8101849307775,1014.413,1208.846,4.466752971118832,37.00171411080502
2018-02-13,1058.43,1,13,2,1,2018,7,0,0,0,0,0,1137,0.7818314824680298,0.6234898018587336,0.8660254037844386,0.5000000000000001,0.0,1241.516,227.103,0.0,904.354,922.327,3749.335,450.334,6230.2919999999995,697.338,489.539666666665,449.5338571428566,787.6739285714286,783.3233809523811,1168.6089666666667,515.5805489692442,1080.8895124235962,1514.5929324848767,227.103,0.0,1241.516,500.4335,0.0,3749.335,532.3556739124791,702.7021602733405,-1241.516,-2263.012,-1.0,-1.0
2018-02-18,287.326,6,18,2,1,2018,7,1,0,0,0,0,1142,-0.7818314824680299,0.6234898018587334,0.8660254037844386,0.5000000000000001,2964.8174,1337.442,0.0,1058.43,1241.516,0.0,32.67,1007.52,2546.643,2013.715,1434.086466666665,943.1721999999994,771.6506,835.9184,1045.0349466666667,1081.1654799252983,940.3247222186658,1211.2657573528793,1058.43,0.0,2964.8174,500.4335,0.0,2964.8174,1202.0286886335277,973.0585401209803,1627.3754,2737.7144,1.2167820361555863,12.05494599366807
2018-02-19,1314.59,0,19,2,1,2018,8,0,0,0,0,0,1143,0.0,1.0,0.8660254037844386,0.5000000000000001,287.326,2964.8174,1337.442,0.0,0.0,773.7639999999999,2263.012,158.642,4212.372,767.838,1529.861799999998,806.8593428571422,789.8403142857143,801.6234476190477,987.4886466666667,1097.3125974998688,927.3030976111733,1204.6492094346718,287.326,0.0,2964.8174,530.545,0.0,2964.8174,973.3530164751458,881.6275347715163,-2677.4914,-954.19,-0.9030881294746853,-0.768568427632024
2018-02-21,47.904,2,21,2,1,2018,8,0,0,0,0,0,1145,0.9749279121818236,-0.22252093395631434,0.8660254037844386,0.5000000000000001,1150.29,1314.59,287.326,1337.442,0.0,1241.516,0.0,0.0,418.66599999999994,4212.372,917.4019999999982,1007.7807714285709,739.6627428571429,732.9045428571428,959.1686133333334,1049.0796695480537,848.7670886577259,1170.2407939544053,1150.29,0.0,2964.8174,530.545,0.0,2964.8174,1081.5691967672697,967.480415006161,-164.29999999999995,91.8599999999999,-0.12498193353060649,0.08678892321646203
2018-02-25,430.49199999999996,6,25,2,1,2018,8,1,0,0,0,0,1149,-0.7818314824680299,0.6234898018587334,0.8660254037844386,0.5000000000000001,1448.676,117.79999999999998,0.0,1150.29,287.326,0.0,1241.516,32.67,1007.52,3055.2799999999997,522.158666666665,623.7979999999994,783.4851,722.3664,843.6022133333333,648.6956599001455,872.4566863228509,1016.3713002943491,287.326,0.0,1448.676,672.878,0.0,2964.8174,731.5241286646439,756.7484703010563,1330.876,-1516.1414,11.297758913412565,-0.5113776652821858
2018-02-26,2467.5099999999998,0,26,2,1,2018,9,0,0,0,0,0,1150,0.0,1.0,0.8660254037844386,0.5000000000000001,430.49199999999996,1448.676,117.79999999999998,47.904,1314.59,1337.442,0.0,2263.012,158.642,331.914,665.6559999999982,644.2502857142852,725.5548142857142,741.3103047619048,756.10928,638.4959000070845,866.6104472587659,928.6029365001834,430.49199999999996,0.0,1448.676,358.909,0.0,2964.8174,656.266096498483,713.2476075942487,-1018.184,143.16599999999994,-0.7028376255284136,0.4982702574775688
2018-02-27,0.0,1,27,2,1,2018,9,0,0,0,0,0,1151,0.7818314824680298,0.6234898018587336,0.8660254037844386,0.5000000000000001,2467.5099999999998,430.49199999999996,1448.676,0.0,1150.29,2964.8174,1058.43,904.354,3749.335,1007.52,1448.8926666666648,808.9531428571423,901.8055285714287,751.0483047619048,827.2958133333334,924.7606466077746,954.1913755543961,975.6293125487822,430.49199999999996,0.0,2467.5099999999998,744.461,0.0,2964.8174,1109.0770723738622,947.1492599150156,2037.0179999999998,1152.9199999999998,4.731837060851305,0.8770186902380208
2018-02-28,17.62,2,28,2,1,2018,9,0,0,1,0,0,1152,0.9749279121818236,-0.22252093395631434,0.8660254037844386,0.5000000000000001,0.0,2467.5099999999998,430.49199999999996,117.79999999999998,47.904,287.326,0.0,0.0,0.0,158.642,966.000666666665,644.6259999999994,826.2033857142858,707.9838285714286,793.7118133333333,955.6816057334604,982.3424816230963,986.491958882359,117.79999999999998,0.0,2467.5099999999998,358.909,0.0,2964.8174,831.8078042803966,820.8626919263469,-2467.5099999999998,-1150.29,-1.0,-1.0
2018-03-04,228.822,6,4,3,1,2018,9,1,0,0,0,0,1156,-0.7818314824680299,0.6234898018587334,1.0,6.123233995736766e-17,2000.1039999999998,1450.126,0.0,0.0,430.49199999999996,0.0,287.326,1241.516,32.67,913.354,1150.076666666665,909.4074285714279,766.6027142857143,825.4592095238096,779.0409133333334,1047.8841980605043,850.2808911548935,849.6438963447282,430.49199999999996,0.0,2467.5099999999998,358.909,0.0,2467.5099999999998,1036.9721724480942,898.8843599823881,549.9779999999998,551.4279999999999,0.3792622158350376,0.38064273861097986
2018-03-05,1240.02,0,5,3,1,2018,10,0,0,0,0,0,1157,0.0,1.0,1.0,6.123233995736766e-17,228.822,2000.1039999999998,1450.126,17.62,2467.5099999999998,117.79999999999998,1314.59,0.0,2263.012,922.327,1226.3506666666651,880.597428571428,762.4238571428572,777.2356857142856,756.2231800000001,1065.863826545511,852.9571261731352,855.0867902307231,228.822,0.0,2467.5099999999998,329.657,0.0,2467.5099999999998,834.9346293360707,809.5427119847363,-1771.2819999999997,-201.66999999999996,-0.8855949490626487,-0.46846399003930383
2018-03-06,778.236,1,6,3,1,2018,10,0,0,0,0,0,1158,0.7818314824680298,0.6234898018587336,1.0,6.123233995736766e-17,1240.02,228.822,2000.1039999999998,0.0,0.0,1448.676,1150.29,1058.43,904.354,32.67,1156.3153333333316,705.2417142857137,757.0974285714285,836.2842571428571,766.8129466666667,837.8583681222765,849.4694997349659,859.1722908439508,228.822,0.0,2000.1039999999998,329.657,0.0,2467.5099999999998,936.205972002053,866.9396837201049,1011.198,-1227.4899999999998,4.419146760363951,-0.4974610031975554
2018-03-08,843.1,3,8,3,1,2018,10,0,0,0,0,0,1160,0.43388373911755823,-0.900968867902419,1.0,6.123233995736766e-17,166.59,778.236,1240.02,2000.1039999999998,0.0,2467.5099999999998,0.0,0.0,0.0,904.354,728.2819999999983,837.6997142857136,738.9997142857143,830.8745428571428,721.7844133333333,754.3770449153338,835.1777501324116,807.91616305755,778.236,0.0,2000.1039999999998,329.657,0.0,2467.5099999999998,714.1826092511549,763.3095224386566,-611.646,148.97,-0.7859389696698688,8.454597048808171
2018-03-10,1252.952,5,10,3,1,2018,10,1,0,0,0,0,1162,-0.9749279121818236,-0.2225209339563146,1.0,6.123233995736766e-17,710.804,843.1,166.59,1240.02,2000.1039999999998,17.62,1448.676,2964.8174,227.103,0.0,573.4979999999983,852.5251428571422,841.5785714285713,841.1822571428572,743.43608,626.1382595836401,784.4690837708529,796.0158783075553,778.236,166.59,2000.1039999999998,744.52,0.0,2467.5099999999998,737.5099677037747,765.5290190761465,-132.29600000000005,-739.322,-0.15691614280631005,-0.5098329386549858
2018-03-11,1973.708,6,11,3,1,2018,10,1,0,0,0,0,1163,-0.7818314824680299,0.6234898018587334,1.0,6.123233995736766e-17,1252.952,710.804,843.1,778.236,228.822,0.0,430.49199999999996,287.326,1241.516,773.7639999999999,935.618666666665,745.7891428571423,827.5982857142857,759.6648571428572,785.2011466666667,431.2677318817502,774.4982095929589,788.4987201986481,778.236,166.59,1252.952,744.52,0.0,2467.5099999999998,866.370475777831,830.5187498659936,542.148,-747.1519999999998,0.76272502687098,-0.3735565750580969
2018-03-12,353.28,0,12,3,1,2018,11,0,0,0,0,0,1164,0.0,1.0,1.0,6.123233995736766e-17,1973.708,1252.952,710.804,166.59,1240.02,1450.126,2467.5099999999998,1314.59,0.0,227.103,1312.4879999999985,995.0585714285709,937.8280000000001,839.968761904762,825.19928,565.9113735332065,821.9949004558378,817.7892598632792,843.1,166.59,1973.708,810.668,0.0,2467.5099999999998,1143.2048568333732,982.9439832171945,720.7560000000001,1744.886,0.575246298341836,7.625516777232958
2018-03-13,4791.35,1,13,3,1,2018,11,0,0,0,0,0,1165,0.7818314824680298,0.6234898018587336,1.0,6.123233995736766e-17,353.28,1973.708,1252.952,843.1,778.236,2000.1039999999998,0.0,1150.29,1058.43,1241.516,1193.3133333333317,868.381428571428,786.8115714285714,794.1920952380952,829.40518,600.1497090678622,705.2696643173313,814.9266286356759,778.236,166.59,1973.708,744.52,0.0,2000.1039999999998,945.7236426250299,898.988785454902,-1620.428,-886.74,-0.821006957462806,-0.7151013693327527
2018-03-14,49.616,2,14,3,1,2018,11,0,0,0,0,0,1166,0.9749279121818236,-0.22252093395631434,1.0,6.123233995736766e-17,4791.35,353.28,1973.708,710.804,166.59,228.822,17.62,47.904,0.0,0.0,2372.779333333332,1441.683428571428,1129.050857142857,967.5759047619048,947.73298,1593.837505909425,1247.8823991573133,1088.5958097460698,843.1,166.59,4791.35,810.668,0.0,4791.35,1907.1302319687725,1417.9702807275817,4438.070000000001,4013.1140000000005,12.562471693840582,5.156679978823905
2018-03-15,0.0,3,15,3,1,2018,11,0,0,0,0,0,1167,0.43388373911755823,-0.900968867902419,1.0,6.123233995736766e-17,49.616,4791.35,353.28,1252.952,843.1,1240.02,0.0,0.0,0.0,1058.43,1731.4153333333318,1424.9728571428568,1131.3362857142856,967.6574285714286,949.3868466666667,1609.9659283756394,1245.71771724265,1087.1430214421468,843.1,49.616,4791.35,810.668,0.0,4791.35,1442.7516739765792,1235.5230432972376,-4741.734,-116.974,-0.989644672169639,-0.7021669968185366
2018-03-16,2014.381,4,16,3,1,2018,11,0,0,0,0,0,1168,-0.433883739117558,-0.9009688679024191,1.0,6.123233995736766e-17,0.0,49.616,4791.35,1973.708,710.804,778.236,1450.126,117.79999999999998,1337.442,0.0,1613.655333333332,1304.5299999999995,1131.3362857142856,967.6574285714286,914.1058466666667,1690.28439382449,1245.71771724265,1100.5738476459676,710.804,0.0,4791.35,810.668,0.0,4791.35,1082.0637554824343,1070.7866375242727,-49.616,-843.1,-1.0,-1.0
2018-03-18,1027.758,6,18,3,1,2018,11,1,0,0,0,0,1170,-0.7818314824680299,0.6234898018587334,1.0,6.123233995736766e-17,542.746,2014.381,0.0,4791.35,1973.708,843.1,228.822,430.49199999999996,287.326,1337.442,852.3756666666651,1389.2972857142852,1067.5432142857142,1014.8312857142856,999.3434133333334,1723.4220799833672,1252.2721714717245,1092.0716203832158,542.746,0.0,4791.35,744.52,0.0,4791.35,1122.0437999588694,1109.4187899626759,-1471.6350000000002,-710.206,-0.7305643768482726,-0.5668261832855528
2018-03-19,2157.308,0,19,3,1,2018,12,0,0,0,0,0,1171,0.0,1.0,1.0,6.123233995736766e-17,1027.758,542.746,2014.381,49.616,353.28,710.804,1240.02,2467.5099999999998,1314.59,2964.8174,1194.9616666666652,1254.161571428571,1124.6100714285715,1043.2725238095238,989.0206133333334,1706.9683231712033,1229.1006565201421,1090.2276292809695,542.746,0.0,4791.35,810.668,0.0,4791.35,1098.472349969152,1098.5306846343192,485.01200000000006,-945.95,0.8936261160837669,-0.47927555646529274
2018-03-20,899.568,1,20,3,1,2018,12,0,0,0,0,0,1172,0.7818314824680298,0.6234898018587336,1.0,6.123233995736766e-17,2157.308,1027.758,542.746,0.0,4791.35,1252.952,778.236,0.0,1150.29,287.326,1242.6039999999985,1511.8798571428565,1190.130642857143,1028.501,962.1036333333334,1684.3198429445542,1259.7922245139493,1048.9515124235343,1027.758,0.0,4791.35,810.668,0.0,4791.35,1363.181262476864,1239.7009933497434,1129.55,1804.028,1.0990427707689943,5.1065104166666675
2018-03-21,3332.636,2,21,3,1,2018,12,0,0,0,0,0,1173,0.9749279121818236,-0.22252093395631434,1.0,6.123233995736766e-17,899.568,2157.308,1027.758,2014.381,49.616,1973.708,166.59,17.62,47.904,1314.59,1361.544666666665,955.9109999999995,1198.7972142857143,1071.3375714285714,982.5116999999999,863.8954220793285,1257.1552672130779,1041.2984295562044,899.568,0.0,2157.308,871.3340000000001,0.0,4791.35,1247.277946857648,1194.3499275697775,-1257.74,-3891.782,-0.5830136447832206,-0.812251661848957
2018-03-22,0.0,3,22,3,1,2018,12,0,0,0,0,0,1174,0.43388373911755823,-0.900968867902419,1.0,6.123233995736766e-17,3332.636,899.568,2157.308,542.746,0.0,353.28,843.1,0.0,0.0,1150.29,2129.8373333333316,1424.9138571428568,1424.943357142857,1229.1954761904763,1049.7799,1137.6582044035752,1339.274743331901,1125.2866005611672,1027.758,0.0,3332.636,963.663,0.0,4791.35,1768.6174601432358,1479.4547372271406,2433.068,3283.02,2.7047071483200824,66.16857465333763
2018-03-25,3567.026,6,25,3,1,2018,12,1,0,0,0,0,1177,-0.7818314824680299,0.6234898018587334,1.0,6.123233995736766e-17,1257.298,14816.068,0.0,899.568,1027.758,0.0,1973.708,228.822,430.49199999999996,117.79999999999998,5357.788666666665,3355.805142857142,2372.551214285714,1830.2971904761905,1545.6189666666667,5162.244695094545,3835.5499032036582,2741.0420299115867,1257.298,0.0,14816.068,1142.528,0.0,14816.068,3838.4727409979273,2842.7889415371938,-13558.769999999999,714.552,-0.9151395633443367,1.3165495461965633
2018-03-26,3252.88,0,26,3,1,2018,13,0,0,0,0,0,1178,0.0,1.0,1.0,6.123233995736766e-17,3567.026,1257.298,14816.068,3332.636,2157.308,2014.381,353.28,1240.02,2467.5099999999998,1448.676,6546.797333333331,3718.5577142857137,2486.3596428571427,1989.2592857142856,1660.5931666666665,5059.583423345761,3846.428121956221,2751.40640071758,2157.308,0.0,14816.068,1142.528,0.0,14816.068,3770.6110557484453,2939.3538826655677,2309.728,2539.268,1.837056926838347,2.4706866791598796
2018-03-27,2933.516,1,27,3,1,2018,13,0,0,0,0,0,1179,0.7818314824680298,0.6234898018587336,1.0,6.123233995736766e-17,3252.88,3567.026,1257.298,0.0,899.568,542.746,4791.35,778.236,0.0,430.49199999999996,2692.4013333333314,3875.0679999999993,2693.4739285714286,2085.109761904762,1720.7332999999999,5020.029768890085,3800.5272607704283,2766.292437730717,3252.88,0.0,14816.068,1635.8395,0.0,14816.068,3641.178291811334,2981.1573649768256,-314.14599999999973,1095.5720000000001,-0.08806944496619862,0.5078421810886531
2018-03-28,1504.702,2,28,3,1,2018,13,0,0,0,0,0,1180,0.9749279121818236,-0.22252093395631434,1.0,6.123233995736766e-17,2933.516,3252.88,3567.026,14816.068,3332.636,1027.758,49.616,166.59,17.62,2467.5099999999998,3251.140666666665,4165.632,2560.7715,2187.742142857143,1804.1674333333333,4875.895150897727,3753.788794512202,2763.781288488525,3252.88,0.0,14816.068,1635.8395,0.0,14816.068,3464.2627188585,2974.8051829799156,-319.36400000000003,2033.948,-0.098178844593099,2.2610275154296287
2018-03-29,81.4,3,29,3,1,2018,13,0,0,0,0,0,1181,0.43388373911755823,-0.900968867902419,1.0,6.123233995736766e-17,1504.702,2933.516,3252.88,1257.298,0.0,2157.308,0.0,843.1,0.0,0.0,2563.6993333333317,3904.498571428571,2664.7062142857144,2251.4617619047617,1772.0738333333331,4975.865964693139,3698.650907638213,2761.401939779742,2933.516,0.0,14816.068,1759.5415,0.0,14816.068,2974.372539143875,2778.7914252492606,-1428.814,-1827.934,-0.48706535093041936,-0.5484949451425238
2018-03-31,4981.010799999999,5,31,3,1,2018,13,1,0,1,0,1,1183,-0.9749279121818236,-0.2225209339563146,1.0,6.123233995736766e-17,656.407,81.4,1504.702,3252.88,1257.298,3332.636,542.746,1252.952,2000.1039999999998,0.0,747.5029999999982,1893.318428571428,2573.5223571428573,2212.6,1796.0800666666667,1360.1628993623929,3730.4051406318154,2748.054654315391,1504.702,81.4,3567.026,1381.0,0.0,14816.068,1852.4488032684299,2184.108270520556,575.0070000000001,-14159.661,7.063968058968058,-0.9556962751520849
2018-04-01,5972.988,6,1,4,2,2018,13,1,1,0,1,0,1184,-0.7818314824680299,0.6234898018587334,0.8660254037844387,-0.4999999999999998,4981.010799999999,656.407,81.4,2933.516,3567.026,0.0,1027.758,1973.708,228.822,1450.126,1906.2725999999977,2425.277399999999,2890.5412714285712,2390.1266095238097,1962.1137600000002,1743.9762250312783,3733.135687264192,2786.0068548361514,2933.516,81.4,4981.010799999999,1831.005,0.0,14816.068,2634.5893024513225,2557.0286077844817,4324.603799999999,3723.7127999999993,6.588296285688603,2.9616787746421287
2018-04-02,822.97,0,2,4,2,2018,14,0,0,0,0,0,1185,0.0,1.0,0.8660254037844387,-0.4999999999999998,5972.988,4981.010799999999,656.407,1504.702,3252.88,14816.068,2157.308,353.28,1240.02,2000.1039999999998,3870.1352666666644,2768.9862571428566,3243.771985714285,2580.568514285714,2112.875826666667,2187.2520288879746,3777.021984893459,2878.19565329634,2933.516,81.4,5972.988,2545.4120000000003,0.0,14816.068,3469.1889768384917,3012.4898600798842,991.9772000000012,2405.9620000000004,0.19915178662130217,0.6745008306639761
2018-04-03,32.528,1,3,4,2,2018,14,0,0,0,0,0,1186,0.7818314824680298,0.6234898018587336,0.8660254037844387,-0.4999999999999998,822.97,5972.988,4981.010799999999,81.4,2933.516,1257.298,899.568,4791.35,778.236,228.822,3925.6562666666646,2421.8562571428565,3148.4621285714284,2602.934704761905,2073.6380266666665,2288.149182477523,3823.101224684711,2887.7938587552885,1504.702,81.4,5972.988,2219.109,0.0,14816.068,2807.6342326288686,2720.5538787358996,-5150.018,-2429.91,-0.8622180389446622,-0.7470026561078182
2018-04-04,808.47,2,4,4,2,2018,14,0,0,0,0,0,1187,0.9749279121818236,-0.22252093395631434,0.8660254037844387,-0.4999999999999998,32.528,822.97,5972.988,656.407,1504.702,3567.026,3332.636,49.616,166.59,1240.02,2276.161999999998,2007.4293999999995,3086.5307,2376.324133333333,2067.0948933333334,2437.847635931707,3869.080215987129,2892.336767606336,822.97,32.528,5972.988,2219.109,0.0,14816.068,2113.8576744716515,2362.1504282377796,-790.442,-2900.9880000000003,-0.9604748654264432,-0.9889115995958434
2018-04-05,0.0,3,5,4,2,2018,14,0,0,0,0,0,1188,0.43388373911755823,-0.900968867902419,0.8660254037844387,-0.4999999999999998,808.47,32.528,822.97,4981.010799999999,81.4,3252.88,0.0,0.0,843.1,778.236,554.6559999999982,1907.9676857142852,2906.233128571428,2412.460038095238,2052.7098933333336,2475.6859975901593,3915.266510873449,2897.6603120470318,808.47,32.528,5972.988,1381.0,0.0,14816.068,1787.5107558537386,2154.993037806076,775.942,-696.232,23.85458681751107,-0.46270424309929803
2018-04-06,114.41999999999999,4,6,4,2,2018,14,0,0,0,0,0,1189,-0.433883739117558,-0.9009688679024191,0.8660254037844387,-0.4999999999999998,0.0,808.47,32.528,5972.988,656.407,2933.516,14816.068,2014.381,710.804,166.59,280.33266666666486,1896.3391142857138,2906.233128571428,2412.460038095238,2026.7686933333332,2485.8657635219665,3915.266510873449,2912.906884776902,808.47,0.0,5972.988,1381.0,0.0,14816.068,1340.633066890304,1867.6606327652657,-808.47,-81.4,-1.0,-1.0
2018-04-08,6401.93,6,8,4,2,2018,14,1,0,0,0,0,1191,-0.7818314824680299,0.6234898018587334,0.8660254037844387,-0.4999999999999998,1971.2905,114.41999999999999,0.0,32.528,5972.988,81.4,3567.026,1027.758,1973.708,710.804,695.2368333333316,1388.9523571428567,1907.1148785714286,2390.011633333333,2062.6360433333334,2137.1049225384754,1949.5742478228224,2905.5594396704246,808.47,0.0,5972.988,1163.836,0.0,5972.988,1268.3824751257962,1678.8812530547996,1856.8705,-3009.720299999999,16.228548330711416,-0.604238862521639
2018-04-09,1626.71,0,9,4,2,2018,15,0,0,0,0,0,1192,0.0,1.0,0.8660254037844387,-0.4999999999999998,6401.93,1971.2905,114.41999999999999,808.47,822.97,656.407,3252.88,2157.308,353.28,1252.952,2829.213499999998,1450.2297857142853,2109.608021428571,2645.924585714286,2252.340243333333,2291.0544264473388,2258.061219875674,2998.553592296375,808.47,0.0,6401.93,1163.836,0.0,6401.93,2551.769356344347,2308.621085980826,4430.6395,428.942,2.2475832455947007,0.07181363833310894
2018-04-10,755.529,1,10,4,2,2018,15,0,0,0,0,0,1193,0.7818314824680298,0.6234898018587336,0.8660254037844387,-0.4999999999999998,1626.71,6401.93,1971.2905,0.0,32.528,4981.010799999999,2933.516,899.568,4791.35,1973.708,3333.310166666665,1565.0497857142852,1993.4530214285712,2620.658014285714,2264.798843333333,2274.459177845863,2236.449075086982,2995.0324710079813,808.47,0.0,6401.93,1163.836,0.0,6401.93,2320.5045172582604,2217.6996078500492,-4775.22,803.74,-0.745903188569697,0.9766334131256302
2018-04-11,319.806,2,11,4,2,2018,15,0,0,0,0,0,1194,0.9749279121818236,-0.22252093395631434,0.8660254037844387,-0.4999999999999998,755.529,1626.71,6401.93,114.41999999999999,808.47,5972.988,1504.702,3332.636,49.616,353.28,2928.0563333333316,1668.3356428571424,1837.8825214285714,2613.799014285714,2224.1928766666665,2208.733136549023,2241.772392953538,3007.347679029892,808.47,0.0,6401.93,815.72,0.0,6401.93,1929.2606379436952,2022.7435268033762,-871.181,723.001,-0.5355478235210948,22.227035169699953
2018-04-12,69.66,3,12,4,2,2018,15,0,0,0,0,0,1195,0.43388373911755823,-0.900968867902419,0.8660254037844387,-0.4999999999999998,319.806,755.529,1626.71,1971.2905,0.0,822.97,81.4,0.0,0.0,4791.35,900.6816666666649,1598.5264999999995,1753.2470928571431,2470.330919047619,2223.0770766666665,2247.8160686116075,2277.4028373733922,3008.071892758353,755.529,0.0,6401.93,781.9995,0.0,6401.93,1526.8969784577714,1795.6851898962593,-435.723,-488.66400000000004,-0.5767124756296582,-0.6044305911165535
2018-04-14,652.93,5,14,4,2,2018,15,1,0,0,0,0,1197,-0.9749279121818236,-0.2225209339563146,0.8660254037844387,-0.4999999999999998,1345.8239999999998,69.66,319.806,1626.71,1971.2905,808.47,4981.010799999999,1257.298,542.746,0.0,578.4299999999981,1784.392785714285,1801.652592857143,1832.2078714285713,2108.894343333333,2149.328220261651,2259.9328236851525,2971.717761442003,1345.8239999999998,69.66,6401.93,815.72,0.0,6401.93,1208.3968003824964,1536.251898188746,1276.1639999999998,1231.4039999999998,18.319896640826872,10.762139486103829
2018-04-15,332.338,6,15,4,2,2018,15,1,0,0,0,0,1198,-0.7818314824680299,0.6234898018587334,0.8660254037844387,-0.4999999999999998,652.93,1345.8239999999998,69.66,755.529,6401.93,0.0,5972.988,3567.026,1027.758,2014.381,689.4713333333315,1596.0555714285708,1492.5039642857141,1803.4284428571427,2130.6586766666665,2187.6414897607374,2080.4599624704215,2958.099770926912,755.529,69.66,6401.93,781.9995,0.0,6401.93,1069.5301002868723,1418.4756450969135,-692.8939999999999,-1318.3605000000002,-0.5148474094681028,-0.6687804258175039
2018-04-16,944.429,0,16,4,2,2018,16,0,0,0,0,0,1199,0.0,1.0,0.8660254037844387,-0.4999999999999998,332.338,652.93,1345.8239999999998,319.806,1626.71,114.41999999999999,822.97,3252.88,2157.308,542.746,777.0306666666647,728.9709999999994,1089.6003928571429,1649.395680952381,2074.590576666667,570.4318868789564,1647.0646935351242,2976.2647337229487,652.93,69.66,1626.71,704.2294999999999,0.0,6401.93,885.2320752151543,1273.6572924173252,-320.5919999999999,-6069.592000000001,-0.4910051613496086,-0.9480878422600685
2018-04-17,3431.4590000000003,1,17,4,2,2018,16,0,0,0,0,0,1200,0.7818314824680298,0.6234898018587336,0.8660254037844387,-0.4999999999999998,944.429,332.338,652.93,69.66,755.529,1971.2905,32.528,2933.516,899.568,1027.758,643.2323333333314,631.5022857142851,1098.2760357142856,1539.469442857143,2087.98001,433.2707027562068,1645.8716791034499,2970.032742565633,652.93,69.66,1345.8239999999998,704.2294999999999,0.0,6401.93,900.0313064113657,1229.760186761682,612.0909999999999,-682.2810000000001,1.8417725327828895,-0.4194238678068003
2018-04-18,0.0,2,18,4,2,2018,16,0,0,0,0,0,1201,0.9749279121818236,-0.22252093395631434,0.8660254037844387,-0.4999999999999998,3431.4590000000003,944.429,332.338,1345.8239999999998,319.806,6401.93,808.47,1504.702,3332.636,2157.308,1569.408666666665,1013.7779999999995,1341.0568214285715,1563.1810142857144,2168.103376666667,1149.4761803454746,1725.3393272363312,2972.865868756768,652.93,69.66,3431.4590000000003,781.9995,0.0,6401.93,1532.8882298085243,1523.3200285267912,2487.03,2675.9300000000003,2.6333689456804064,3.541796542554952
2018-04-19,0.0,3,19,4,2,2018,16,0,0,0,0,0,1202,0.43388373911755823,-0.900968867902419,0.8660254037844387,-0.4999999999999998,0.0,3431.4590000000003,944.429,652.93,69.66,1626.71,0.0,81.4,0.0,899.568,1458.6293333333317,968.0914285714281,1283.3089642857142,1491.5285380952382,2096.1931099999997,1187.3858395601271,1757.7617452379284,2999.1115687537394,652.93,0.0,3431.4590000000003,704.2294999999999,0.0,6401.93,1149.6661723563932,1320.2106913898858,-3431.4590000000003,-319.806,-1.0,-1.0
2018-04-22,947.692,6,22,4,2,2018,16,1,0,0,0,0,1205,-0.7818314824680299,0.6234898018587334,0.8660254037844387,-0.4999999999999998,1254.564,1053.614,0.0,3431.4590000000003,332.338,69.66,6401.93,5972.988,3567.026,14816.068,769.3926666666648,1002.3434285714281,1299.1995000000002,1329.117119047619,2032.05891,1185.2209639595653,1718.1580814440126,2991.6933739603373,944.429,0.0,3431.4590000000003,849.979,0.0,6401.93,996.2090414628535,1148.4344145136533,200.95000000000005,601.6340000000001,0.19072449682711134,0.9214372137901463
2018-04-23,1199.222,0,23,4,2,2018,17,0,0,0,0,0,1206,0.0,1.0,0.8660254037844387,-0.4999999999999998,947.692,1254.564,1053.614,0.0,944.429,1345.8239999999998,1626.71,822.97,3252.88,1257.298,1085.2899999999981,1090.2511428571422,909.6110714285714,1089.8173095238094,1569.77971,1149.5272608894923,891.7426526948927,1770.3550149506684,947.692,0.0,3431.4590000000003,849.979,0.0,3431.4590000000003,984.0797810971401,1121.6687592451663,-306.87200000000007,615.354,-0.24460450004941958,1.8515908502789329
2018-04-24,928.558,1,24,4,2,2018,17,0,0,0,0,0,1207,0.7818314824680298,0.6234898018587336,0.8660254037844387,-0.4999999999999998,1199.222,947.692,1254.564,0.0,3431.4590000000003,652.93,755.529,32.528,2933.516,3567.026,1133.8259999999982,1126.6501428571423,879.0762142857142,1107.7340714285715,1567.843843333333,1148.1734683923414,872.4084608731006,1770.7402042729711,1053.614,0.0,3431.4590000000003,849.979,0.0,3431.4590000000003,1037.865335822855,1132.009191345811,251.52999999999997,254.793,0.2654132355237777,0.2697852353114951
2018-04-25,678.113,2,25,4,2,2018,17,0,0,0,0,0,1208,0.9749279121818236,-0.22252093395631434,0.8660254037844387,-0.4999999999999998,928.558,1199.222,947.692,1053.614,0.0,332.338,319.806,808.47,1504.702,3252.88,1025.1573333333315,769.0928571428566,891.4354285714286,1150.4021666666667,1479.89491,538.8227943468643,871.7489416423706,1733.1455547799321,947.692,0.0,1254.564,936.4935,0.0,3431.4590000000003,1010.5385018671413,1104.8823658330361,-270.664,-2502.9010000000003,-0.2256996619474959,-0.7293984861832824
2018-04-28,795.296,5,28,4,2,2018,17,1,0,0,0,0,1211,-0.9749279121818236,-0.2225209339563146,0.8660254037844387,-0.4999999999999998,576.5756,61.608000000000004,678.113,1199.222,1254.564,0.0,652.93,1971.2905,4981.010799999999,81.4,438.7655333333316,806.6189428571423,861.5073285714286,1169.1358142857143,1267.40153,411.10373746056297,854.46671838984,1701.608577533836,928.558,61.608000000000004,1254.564,803.3355,0.0,3431.4590000000003,677.3759711002003,871.1451531067202,514.9676,-477.0384,8.358778080768731,-0.452763915437722
2018-04-29,1053.26,6,29,4,2,2018,17,1,0,0,0,0,1212,-0.7818314824680299,0.6234898018587334,0.8660254037844387,-0.4999999999999998,795.296,576.5756,61.608000000000004,928.558,947.692,0.0,332.338,6401.93,5972.988,656.407,477.82653333333155,741.0092285714281,871.6763285714286,1113.1360761904764,1291.1980633333333,361.3351837929052,852.6386900516957,1689.3987558861324,795.296,61.608000000000004,1199.222,861.927,0.0,3431.4590000000003,706.8559783251503,861.0319326924907,218.72040000000004,-459.26800000000003,0.3793438362636228,-0.3660777768212702
2018-04-30,1390.1260000000002,0,30,4,2,2018,18,0,0,1,0,0,1213,0.0,1.0,0.8660254037844387,-0.4999999999999998,1053.26,795.296,576.5756,678.113,1199.222,1053.614,944.429,1626.71,822.97,4981.010799999999,808.3771999999982,756.0903714285711,923.1707571428572,858.4375047619048,1304.4264966666667,373.40089725903533,839.2244082245784,1685.8066893283287,795.296,61.608000000000004,1199.222,936.4935,0.0,3431.4590000000003,793.4569837438628,886.6623416668253,257.96399999999994,105.56799999999998,0.32436225003017727,0.11139484136196143
2018-05-01,4108.37,1,1,5,2,2018,18,0,1,0,0,0,1214,0.7818314824680298,0.6234898018587336,0.49999999999999994,-0.8660254037844387,1390.1260000000002,1053.26,795.296,61.608000000000004,928.558,1254.564,3431.4590000000003,755.529,32.528,5972.988,1079.560666666665,783.362371428571,955.0062571428572,847.1715999999999,1184.730336666667,415.732001938091,848.4952832821859,1536.6402980655694,795.296,61.608000000000004,1390.1260000000002,938.125,0.0,3431.4590000000003,942.6242378078971,953.790829444582,336.8660000000002,190.90400000000022,0.3198317604390182,0.15918987476880853
2018-05-02,399.11,2,2,5,2,2018,18,0,0,0,0,0,1215,0.9749279121818236,-0.22252093395631434,0.49999999999999994,-0.8660254037844387,4108.37,1390.1260000000002,1053.26,576.5756,678.113,947.692,0.0,319.806,808.47,822.97,2183.918666666665,1237.6212285714282,1003.3570428571428,1006.8306952380951,1122.5764033333332,1330.860296892298,1005.2719005794563,1364.3364289723982,795.296,61.608000000000004,4108.37,938.125,0.0,4108.37,1734.0606783559228,1374.4013855186377,2718.2439999999997,3179.812,1.9553939714817212,3.4244624460722966
2018-05-03,1386.346,3,3,5,2,2018,18,0,0,0,0,0,1216,0.43388373911755823,-0.900968867902419,0.49999999999999994,-0.8660254037844387,399.11,4108.37,1390.1260000000002,795.296,61.608000000000004,1199.222,0.0,69.66,0.0,32.528,1965.8686666666647,1197.7636571428568,1031.8649,1010.6070761904762,1108.4477366666665,1354.3796870194535,979.9702540900258,1369.7300755282722,795.296,61.608000000000004,4108.37,938.125,0.0,4108.37,1400.323008766942,1244.3625341161528,-3709.2599999999998,-279.00300000000004,-0.9028544167151449,-0.41144027617815915
2018-05-04,1146.2450000000001,4,4,5,2,2018,18,0,0,0,0,0,1217,-0.433883739117558,-0.9009688679024191,0.49999999999999994,-0.8660254037844387,1386.346,399.11,4108.37,1053.26,576.5756,928.558,1053.614,1345.8239999999998,114.41999999999999,808.47,1964.608666666665,1387.0119428571422,1130.8896142857143,1073.3064095238096,1153.5750033333331,1258.3107225512495,936.77315403507,1355.2857438054261,1053.26,399.11,4108.37,1000.476,61.608000000000004,4108.37,1396.8287565752066,1263.2936629006658,987.236,1324.738,2.4735937460850392,21.502694455265548
2018-05-05,185.123,5,5,5,2,2018,18,1,0,0,0,0,1218,-0.9749279121818236,-0.2225209339563146,0.49999999999999994,-0.8660254037844387,1146.2450000000001,1386.346,399.11,1390.1260000000002,795.296,678.113,1254.564,652.93,1971.2905,0.0,977.2336666666648,1468.3932857142852,1137.5061142857144,1063.8026476190475,1164.8341699999999,1214.8303339093063,936.51245923234,1353.7220360292852,1146.2450000000001,399.11,4108.37,1000.476,61.608000000000004,4108.37,1334.1828174314048,1247.6871745139103,-240.10099999999989,569.6694000000001,-0.1731898097588913,0.9880220390873289
2018-05-06,2991.4018,6,6,5,2,2018,18,1,0,0,0,0,1219,-0.7818314824680299,0.6234898018587334,0.49999999999999994,-0.8660254037844387,185.123,1146.2450000000001,1386.346,4108.37,1053.26,61.608000000000004,947.692,332.338,6401.93,114.41999999999999,905.9046666666649,1381.2257142857138,1061.1174714285714,1041.5261238095238,1171.0049366666667,1290.698248540764,969.2725473272424,1348.6415918695486,1146.2450000000001,185.123,4108.37,938.125,61.608000000000004,4108.37,1046.9178630735535,1106.0119512453891,-961.1220000000001,-610.173,-0.8384961330256621,-0.767227547982135
2018-05-07,2549.468,0,7,5,2,2018,19,0,0,0,0,0,1220,0.0,1.0,0.49999999999999994,-0.8660254037844387,2991.4018,185.123,1146.2450000000001,399.11,1390.1260000000002,576.5756,1199.222,944.429,1626.71,1971.2905,1440.9232666666649,1658.1031142857137,1207.0967428571428,1168.1482095238093,1266.90433,1410.903355275212,1096.4331508954692,1372.9877107052844,1386.346,185.123,4108.37,990.909,61.608000000000004,4108.37,1533.0388473051653,1357.3972644126707,2806.2788,1938.1418,15.158995910826857,1.840136148719215
2018-05-08,3658.5540000000005,1,8,5,2,2018,19,0,0,0,0,0,1221,0.7818314824680298,0.6234898018587336,0.49999999999999994,-0.8660254037844387,2549.468,2991.4018,185.123,1386.346,4108.37,795.296,928.558,3431.4590000000003,755.529,6401.93,1908.6642666666648,1823.7233999999994,1303.5428857142856,1244.5786380952381,1286.1769133333332,1441.9083847447964,1153.5839160831083,1387.2004687654667,1386.346,185.123,4108.37,990.909,61.608000000000004,4108.37,1787.146135478874,1516.340029157648,-441.93380000000025,1159.3419999999996,-0.14773468412033453,0.8339833943110189
2018-05-09,1078.222,2,9,5,2,2018,19,0,0,0,0,0,1222,0.9749279121818236,-0.22252093395631434,0.49999999999999994,-0.8660254037844387,3658.5540000000005,2549.468,2991.4018,1146.2450000000001,399.11,1053.26,678.113,0.0,319.806,1626.71,3066.474599999998,1759.463971428571,1498.5426,1255.3926857142858,1194.7310466666668,1328.7015632229459,1305.9903790636106,1098.7736436189732,1386.346,185.123,3658.5540000000005,1099.7525,61.608000000000004,4108.37,2254.9981016091556,1801.9685586032952,1109.0860000000007,-449.81599999999935,0.43502644473278385,-0.10948770436937261
2018-05-10,0.0,3,10,5,2,2018,19,0,0,0,0,0,1223,0.43388373911755823,-0.900968867902419,0.49999999999999994,-0.8660254037844387,1078.222,3658.5540000000005,2549.468,185.123,1386.346,1390.1260000000002,61.608000000000004,0.0,69.66,755.529,2428.7479999999982,1856.479971428571,1527.1218142857144,1306.7365904761905,1176.4481133333334,1234.256188353199,1290.946915135339,1095.8974066275046,1386.346,185.123,3658.5540000000005,1112.2335,61.608000000000004,4108.37,1960.8040762068667,1705.4690174561892,-2580.3320000000003,679.112,-0.7052873894986926,1.701565984315101
2018-05-11,449.469,4,11,5,2,2018,19,0,0,0,0,0,1224,-0.433883739117558,-0.9009688679024191,0.49999999999999994,-0.8660254037844387,0.0,1078.222,3658.5540000000005,2991.4018,1146.2450000000001,4108.37,576.5756,1053.614,1345.8239999999998,319.806,1578.9253333333318,1658.4305428571424,1522.7212428571431,1306.7365904761905,1151.2638133333335,1419.5807439200103,1296.4202302870328,1114.4284516897894,1146.2450000000001,0.0,3658.5540000000005,1112.2335,0.0,4108.37,1470.60305715515,1478.0731484620308,-1078.222,-1386.346,-1.0,-1.0
2018-05-13,3066.378,6,13,5,2,2018,19,1,0,0,0,0,1226,-0.7818314824680299,0.6234898018587334,0.49999999999999994,-0.8660254037844387,970.384,449.469,0.0,3658.5540000000005,2991.4018,1386.346,1053.26,947.692,332.338,1345.8239999999998,473.2843333333315,1671.0712571428564,1526.1484857142857,1264.4354,1185.6100466666664,1389.973940315725,1297.382384672438,1093.0064058608466,1078.222,0.0,3658.5540000000005,1112.2335,0.0,4108.37,1154.085657149772,1291.5203381781475,520.915,785.261,1.1589564575087494,4.241833807792657
2018-05-14,4182.062,0,14,5,2,2018,20,0,0,0,0,0,1227,0.0,1.0,0.49999999999999994,-0.8660254037844387,3066.378,970.384,449.469,1078.222,2549.468,1146.2450000000001,1390.1260000000002,1199.222,944.429,652.93,1495.4103333333314,1681.7821428571424,1669.9426285714287,1365.3252095238097,1242.9618466666666,1402.0800281066115,1351.3760091742906,1145.5787546322465,1078.222,0.0,3658.5540000000005,1266.2955000000002,0.0,4108.37,1632.158742862329,1528.1680264210613,2095.994,74.97620000000006,2.159963478375571,0.025063901479232875
2018-05-15,421.264,1,15,5,2,2018,20,0,0,0,0,0,1228,0.7818314824680298,0.6234898018587336,0.49999999999999994,-0.8660254037844387,4182.062,3066.378,970.384,0.0,3658.5540000000005,185.123,4108.37,928.558,3431.4590000000003,332.338,2739.607999999998,1915.0098571428568,1869.3666285714285,1507.3652095238094,1360.5995799999998,1678.9245010653212,1504.2629138564696,1258.5320245950386,1078.222,0.0,4182.062,1266.2955000000002,0.0,4182.062,2269.634557146747,1882.0205562315864,1115.6839999999997,1632.594,0.3638442488173341,0.6403665392152402
2018-05-16,221.024,2,16,5,2,2018,20,0,0,0,0,0,1229,0.9749279121818236,-0.22252093395631434,0.49999999999999994,-0.8660254037844387,421.264,4182.062,3066.378,449.469,1078.222,2991.4018,399.11,678.113,0.0,944.429,2556.567999999998,1452.5398571428564,1606.0019142857143,1483.2083523809524,1363.5637800000002,1560.2834081775338,1401.3537792332552,1256.1290938422,970.384,0.0,4182.062,1112.2335,0.0,4182.062,1807.5419178600603,1687.2530154007081,-3760.798,-3237.2900000000004,-0.8992688295869358,-0.8848550547566061
2018-05-17,0.0,3,17,5,2,2018,20,0,0,0,0,0,1230,0.43388373911755823,-0.900968867902419,0.49999999999999994,-0.8660254037844387,221.024,421.264,4182.062,970.384,0.0,2549.468,1386.346,61.608000000000004,0.0,3431.4590000000003,1608.1166666666643,1330.0829999999994,1593.2814857142857,1461.4422095238097,1339.45028,1626.7786961863078,1413.903809955196,1271.3043542120536,449.469,0.0,4182.062,1112.2335,0.0,4182.062,1410.9124383950452,1491.7558133472803,-200.24,-857.198,-0.47533138364541005,-0.7950106749815901
2018-05-20,2997.578,6,20,5,2,2018,20,1,0,0,0,0,1233,-0.7818314824680299,0.6234898018587334,0.49999999999999994,-0.8660254037844387,4919.182,1830.508,0.0,421.264,3066.378,0.0,2991.4018,1053.26,947.692,1053.614,2249.8966666666643,2091.488285714285,1881.2797714285714,1714.5950857142857,1450.0579800000003,2001.9773524870855,1670.0592324931708,1356.8243286481836,1830.508,0.0,4919.182,1454.365,0.0,4919.182,2168.2444349479097,1838.4940864959926,3088.674,3948.798,1.6873316041230084,4.069314827944401
2018-05-21,538.02,0,21,5,2,2018,21,0,0,0,0,0,1234,0.0,1.0,0.49999999999999994,-0.8660254037844387,2997.578,4919.182,1830.508,221.024,4182.062,449.469,2549.468,1390.1260000000002,1199.222,1254.564,3249.0893333333315,2081.659714285714,1881.7209285714287,1807.1816571428571,1514.8567800000003,1996.5550467754535,1670.375821659058,1383.3976085151244,1830.508,0.0,4919.182,1454.365,0.0,4919.182,2375.577826210932,1993.038608296527,-1921.6039999999998,-68.80000000000018,-0.3906348657154787,-0.022436894603339863
2018-05-22,336.56199999999995,1,22,5,2,2018,21,0,0,0,0,0,1235,0.7818314824680298,0.6234898018587336,0.49999999999999994,-0.8660254037844387,538.02,2997.578,4919.182,0.0,421.264,970.384,3658.5540000000005,4108.37,928.558,947.692,2818.2599999999984,1561.0822857142853,1738.0460714285714,1766.605180952381,1490.97198,1825.3547655431798,1694.8490185212831,1394.1901939146467,538.02,0.0,4919.182,1024.3029999999999,0.0,4919.182,1916.188369658199,1799.0361271903234,-2459.558,-3644.042,-0.8205150958540528,-0.8713505443008736
2018-05-23,241.436,2,23,5,2,2018,21,0,0,0,0,0,1236,0.9749279121818236,-0.22252093395631434,0.49999999999999994,-0.8660254037844387,336.56199999999995,538.02,2997.578,1830.508,221.024,3066.378,1078.222,399.11,678.113,1199.222,1290.7199999999978,1548.9819999999997,1500.7609285714286,1586.995276190476,1470.60098,1834.4281310453746,1636.84074445127,1406.8095788533153,538.02,0.0,4919.182,754.202,0.0,4919.182,1521.2817772436492,1604.0395768982803,-201.45800000000003,-84.70200000000006,-0.37444332924426604,-0.20106631471001568
2018-05-24,0.0,3,24,5,2,2018,21,0,0,0,0,0,1237,0.43388373911755823,-0.900968867902419,0.49999999999999994,-0.8660254037844387,241.436,336.56199999999995,538.02,4919.182,0.0,4182.062,0.0,1386.346,61.608000000000004,928.558,372.00599999999787,1551.8979999999995,1440.9904999999999,1579.4869904761904,1438.67478,1831.9799843695416,1668.4300351105253,1423.9443043317872,538.02,0.0,4919.182,493.7445,0.0,4919.182,1201.3203329327368,1422.3590999785097,-95.12599999999995,20.412000000000006,-0.28264034561239815,0.0923519617779065
2018-05-27,2084.908,6,27,5,2,2018,21,1,0,0,0,0,1240,-0.7818314824680299,0.6234898018587334,0.49999999999999994,-0.8660254037844387,270.24,886.026,0.0,336.56199999999995,2997.578,0.0,3066.378,2991.4018,1053.26,576.5756,385.4219999999978,752.8374285714281,1422.162857142857,1505.1323238095238,1421.60768,1027.7181099968877,1679.2090265170868,1435.9620691969615,336.56199999999995,0.0,2997.578,479.642,0.0,4919.182,740.4968904559983,1064.3203207860106,-615.786,-4648.942,-0.6949976637254437,-0.9450640370695779
2018-05-28,1480.103,0,28,5,2,2018,22,0,0,0,0,0,1241,0.0,1.0,0.49999999999999994,-0.8660254037844387,2084.908,270.24,886.026,241.436,538.02,1830.508,4182.062,2549.468,1390.1260000000002,795.296,1080.3913333333312,622.4559999999993,1352.057857142857,1461.9659523809523,1471.8854266666667,701.6389904511356,1624.89384613282,1431.7541375937374,336.56199999999995,0.0,2084.908,479.642,0.0,4919.182,1076.5996678419988,1200.3986780145426,1814.668,-912.6700000000001,6.715023682652457,-0.30446914142017323
2018-05-29,691.108,1,29,5,2,2018,22,0,0,0,0,0,1242,0.7818314824680298,0.6234898018587336,0.49999999999999994,-0.8660254037844387,1480.103,2084.908,270.24,0.0,336.56199999999995,4919.182,421.264,3658.5540000000005,4108.37,1053.26,1278.4169999999979,757.0392857142851,1159.0607857142857,1411.0438095238094,1494.7123266666667,769.7861121208891,1409.0269987451147,1426.0427480693324,336.56199999999995,0.0,2084.908,479.642,0.0,4919.182,1177.475500881499,1237.6925876126036,-604.8049999999998,942.0830000000001,-0.2900871405356974,1.7510185494963015
2018-05-30,736.8904,2,30,5,2,2018,22,0,0,0,0,0,1243,0.9749279121818236,-0.22252093395631434,0.49999999999999994,-0.8660254037844387,691.108,1480.103,2084.908,886.026,241.436,2997.578,221.024,1078.222,399.11,1390.1260000000002,1418.706333333331,807.6887142857138,1178.3353571428572,1269.7368571428572,1482.6405933333335,748.8894204995784,1399.9746334707286,1431.4312540258766,691.108,0.0,2084.908,614.564,0.0,4919.182,1055.8836256611244,1164.8146425975897,-788.9950000000001,354.546,-0.5330676311040516,1.0534344340715829
2018-05-31,0.0,3,31,5,2,2018,22,0,0,1,0,0,1244,0.43388373911755823,-0.900968867902419,0.49999999999999994,-0.8660254037844387,736.8904,691.108,1480.103,270.24,0.0,538.02,0.0,0.0,1386.346,4108.37,969.367133333331,878.4679142857138,1215.182957142857,1253.4829714285713,1460.8660733333334,708.7917634513032,1379.4786318252222,1437.8411514141712,736.8904,0.0,2084.908,713.9992,0.0,4919.182,976.1353192458432,1107.758076917911,45.78240000000005,495.45439999999996,0.06624492843376162,2.0521148461704137
2018-06-03,2952.036,6,3,6,2,2018,22,1,0,0,0,0,1247,-0.7818314824680299,0.6234898018587334,1.2246467991473532e-16,-1.0,135.70600000000002,586.042,0.0,691.108,2084.908,0.0,2997.578,3066.378,2991.4018,1146.2450000000001,240.5826666666644,816.3939142857137,784.6156714285714,1220.2398761904763,1288.4634733333332,736.4953235390847,859.6026472616977,1384.3445884910534,691.108,0.0,2084.908,562.031,0.0,2997.578,555.6164628068401,806.9240222188595,-450.336,-134.534,-0.7684363919309537,-0.49783155713439897
2018-06-04,279.414,0,4,6,2,2018,23,0,0,0,0,0,1248,0.0,1.0,1.2246467991473532e-16,-1.0,2952.036,135.70600000000002,586.042,736.8904,1480.103,886.026,538.02,4182.062,2549.468,185.123,1224.5946666666644,940.2693428571423,781.3626714285714,1214.795019047619,1348.6565066666665,1008.2142174460313,850.6231973465799,1416.8254908033723,691.108,0.0,2952.036,562.031,0.0,2952.036,1154.72134710513,1092.9389525896781,2816.33,867.1280000000002,20.753172298940353,0.4159070807920542
2018-06-05,491.11199999999997,1,5,6,2,2018,23,0,0,0,0,0,1249,0.7818314824680298,0.6234898018587336,1.2246467991473532e-16,-1.0,279.414,2952.036,135.70600000000002,0.0,691.108,270.24,336.56199999999995,421.264,3658.5540000000005,2991.4018,1122.3853333333311,768.7423428571423,762.8908142857143,1028.9546380952381,1351.79954,1003.1894366018707,859.0799009206648,1414.2576050216674,586.042,0.0,2952.036,461.302,0.0,2952.036,935.8945103288474,984.4689589110544,-2672.6220000000003,-1200.689,-0.9053487152595701,-0.8112198948316435
2018-06-06,31.349999999999998,2,6,6,2,2018,23,0,0,0,0,0,1250,0.9749279121818236,-0.22252093395631434,1.2246467991473532e-16,-1.0,491.11199999999997,279.414,2952.036,586.042,736.8904,2084.908,241.436,221.024,1078.222,2549.468,1240.8539999999978,740.1714857142852,773.9300999999999,1032.2807333333335,1268.4565466666668,1008.6023112205362,854.1590076503642,1387.7259798810571,491.11199999999997,0.0,2952.036,538.577,0.0,2952.036,824.6988827466356,918.6880310562472,211.69799999999998,-199.99599999999998,0.7576499388004896,-0.28938458243863474
2018-06-07,0.0,3,7,6,2,2018,23,0,0,0,0,0,1251,0.43388373911755823,-0.900968867902419,1.2246467991473532e-16,-1.0,31.349999999999998,491.11199999999997,279.414,135.70600000000002,0.0,1480.103,0.0,0.0,0.0,3658.5540000000005,267.2919999999977,639.3799999999994,758.9239571428571,1023.248638095238,1184.5192800000002,1043.629595940352,865.997050643682,1383.7205815212362,279.414,0.0,2952.036,538.577,0.0,2952.036,626.3616620599767,800.3762935820808,-459.76199999999994,-705.5404,-0.9361652739090065,-0.9574563598602994
2018-06-10,2513.3430000000003,6,10,6,2,2018,23,1,0,0,0,0,1254,-0.7818314824680299,0.6234898018587334,1.2246467991473532e-16,-1.0,939.1329999999999,2227.038,0.0,491.11199999999997,2952.036,0.0,2084.908,2997.578,3066.378,449.469,1055.390333333331,988.5832857142851,902.4886,852.6048761904763,1132.1657799999998,1157.249123519015,936.1819966717112,1319.0707663904773,491.11199999999997,0.0,2952.036,638.575,0.0,2952.036,916.5992011815526,903.5796702221724,-1287.9050000000002,803.4269999999999,-0.5783040073855947,5.920349873992305
2018-06-11,1580.894,0,11,6,2,2018,24,0,0,0,0,0,1255,0.0,1.0,1.2246467991473532e-16,-1.0,2513.3430000000003,939.1329999999999,2227.038,31.349999999999998,279.414,586.042,1480.103,538.02,4182.062,970.384,1893.1713333333312,925.9128571428565,933.0911,829.5460666666668,1200.96158,1039.0384777976703,983.6080590597408,1335.9495224865377,491.11199999999997,0.0,2513.3430000000003,638.575,0.0,2952.036,1315.7851508861645,1118.214780859216,1574.2100000000005,-438.69299999999976,1.6762375510178011,-0.14860692755779392
2018-06-12,1679.968,1,12,6,2,2018,24,0,0,0,0,0,1256,0.7818314824680298,0.6234898018587336,1.2246467991473532e-16,-1.0,1580.894,2513.3430000000003,939.1329999999999,0.0,491.11199999999997,135.70600000000002,691.108,336.56199999999995,421.264,3066.378,1677.789999999998,1111.838571428571,940.2904571428571,879.2067333333334,1221.3119133333335,1020.3485251494103,988.2775820010338,1336.9655711360774,939.1329999999999,0.0,2513.3430000000003,638.575,0.0,2952.036,1382.0623631646233,1179.9053434113207,-932.4490000000003,1301.48,-0.3709995014608035,4.657891157923369
2018-06-13,1156.018,2,13,6,2,2018,24,0,0,0,0,0,1257,0.9749279121818236,-0.22252093395631434,1.2246467991473532e-16,-1.0,1679.968,1580.894,2513.3430000000003,2227.038,31.349999999999998,2952.036,736.8904,241.436,221.024,4182.062,1924.7349999999979,1281.6751428571424,1010.9233142857144,943.1784476190475,1175.0982466666667,998.5176530584899,1004.3056725711119,1294.2692874647244,1580.894,0.0,2513.3430000000003,661.4662000000001,0.0,2952.036,1456.5387723734675,1246.5803642898113,99.07400000000007,1188.8560000000002,0.06266960340161964,2.4207431298766884
2018-06-14,0.0,3,14,6,2,2018,24,0,0,0,0,0,1258,0.43388373911755823,-0.900968867902419,1.2246467991473532e-16,-1.0,1156.018,1679.968,1580.894,939.1329999999999,0.0,279.414,0.0,0.0,0.0,421.264,1472.2933333333312,1442.3419999999994,1040.861,986.7299714285714,1074.2301133333333,842.0218626039109,1001.7522805567444,1163.1135132738473,1580.894,0.0,2513.3430000000003,762.5875,0.0,2952.036,1381.4085792801006,1234.505382384503,-523.95,1124.6680000000001,-0.31188094058934457,35.874577352472095
2018-06-17,3896.672,6,17,6,2,2018,24,1,0,0,0,0,1261,-0.7818314824680299,0.6234898018587334,1.2246467991473532e-16,-1.0,2724.194,4057.51,0.0,1679.968,2513.3430000000003,0.0,2952.036,2084.908,2997.578,1830.508,2260.567999999998,1958.8467142857137,1473.715,1254.6079714285715,1278.8773133333334,1290.9845191102027,1280.9292990063686,1292.4683454606327,1679.968,0.0,4057.51,1368.4560000000001,0.0,4057.51,2024.6133693837924,1635.7109703996307,-1333.3160000000003,1785.0610000000001,-0.32860448895997796,1.9007542062732332
2018-06-18,1031.1555,0,18,6,2,2018,25,0,0,0,0,0,1262,0.0,1.0,1.2246467991473532e-16,-1.0,3896.672,2724.194,4057.51,1156.018,1580.894,2227.038,279.414,1480.103,538.02,4919.182,3559.458666666664,2156.4651428571424,1541.189,1340.8824476190475,1347.7494466666665,1481.7880851299578,1385.4098969405939,1375.2743899395693,1679.968,0.0,4057.51,1368.4560000000001,0.0,4057.51,2492.6280270378443,1937.1724410130134,1172.478,1383.3289999999997,0.43039445795710596,0.5503940369460116
2018-06-19,1900.193,1,19,6,2,2018,25,0,0,0,0,0,1263,0.7818314824680298,0.6234898018587336,1.2246467991473532e-16,-1.0,1031.1555,3896.672,2724.194,0.0,1679.968,939.1329999999999,491.11199999999997,691.108,336.56199999999995,2997.578,2550.673833333331,2077.9310714285707,1594.8848214285715,1319.503995238095,1218.1485633333332,1531.1238804981347,1346.7733581297507,1199.0113651113525,1679.968,0.0,4057.51,1368.4560000000001,0.0,4057.51,2127.2598952783833,1816.3701822112785,-2865.5164999999997,-549.7384999999999,-0.7353753408036396,-0.34773900084382625
2018-06-20,1028.228,2,20,6,2,2018,25,0,0,0,0,0,1264,0.9749279121818236,-0.22252093395631434,1.2246467991473532e-16,-1.0,1900.193,1031.1555,3896.672,4057.51,1156.018,2513.3430000000003,31.349999999999998,736.8904,241.436,538.02,2276.006833333331,2109.391785714285,1695.5334642857142,1377.0794714285714,1181.5690633333331,1523.8290479687846,1310.0926792946173,1158.921809495778,1900.193,0.0,4057.51,1630.431,0.0,4057.51,2070.4931714587874,1827.5465579164413,869.0374999999999,220.2249999999999,0.8427802596213663,0.1310888064534561
2018-06-21,595.656,3,21,6,2,2018,25,0,0,0,0,0,1265,0.43388373911755823,-0.900968867902419,1.2246467991473532e-16,-1.0,1028.228,1900.193,1031.1555,2724.194,0.0,1580.894,0.0,0.0,0.0,336.56199999999995,1319.8588333333312,2091.136071428571,1766.739035714286,1390.9526904761906,1197.90933,1537.8551331386298,1237.7791365265869,1152.9757752422556,1900.193,0.0,4057.51,1630.431,0.0,4057.51,1809.9268785940906,1720.9707501942491,-871.9649999999999,-127.78999999999996,-0.45888233458390804,-0.11054326143710558
2018-06-23,0.0,5,23,6,2,2018,25,1,0,0,0,0,1267,-0.9749279121818236,-0.2225209339563146,1.2246467991473532e-16,-1.0,579.019,595.656,1028.228,1031.1555,2724.194,1156.018,939.1329999999999,135.70600000000002,270.24,0.0,734.3009999999977,1679.3024999999996,1691.5702500000002,1418.9828333333335,1217.7985633333333,1244.0675500675372,1218.0384936054957,1139.0914017193172,1031.1555,579.019,3896.672,1368.4560000000001,0.0,4057.51,1274.524119209176,1438.6741457014582,-16.636999999999944,-3478.491,-0.027930550519091435,-0.8572969629156798
2018-06-24,1184.684,6,24,6,2,2018,25,1,0,0,0,0,1268,-0.7818314824680299,0.6234898018587334,1.2246467991473532e-16,-1.0,0.0,579.019,595.656,1900.193,3896.672,0.0,2513.3430000000003,2952.036,2084.908,886.026,391.55833333333106,1290.1319285714283,1624.4893214285714,1412.5206428571428,1217.7985633333333,1288.0415960453274,1286.5960222040626,1139.0914017193172,1028.228,0.0,3896.672,1368.4560000000001,0.0,4057.51,955.8930894068819,1246.8509262745972,-579.019,-2724.194,-1.0,-1.0
2018-06-26,4224.136,1,26,6,2,2018,26,0,0,0,0,0,1270,0.7818314824680298,0.6234898018587336,1.2246467991473532e-16,-1.0,1508.3519999999999,1184.684,0.0,595.656,1900.193,2724.194,1679.968,491.11199999999997,691.108,2084.908,897.6786666666643,970.8759999999994,1524.4035357142857,1386.8818809523812,1269.0242299999998,637.5023939899805,1264.7284931424713,1123.8358415532084,1028.228,0.0,1900.193,1170.351,0.0,4057.51,1136.906112791371,1274.5340024018085,323.6679999999999,477.1964999999998,0.27321040885164316,0.46277840733041686
2018-06-27,1644.906,2,27,6,2,2018,26,0,0,0,0,0,1271,0.9749279121818236,-0.22252093395631434,1.2246467991473532e-16,-1.0,4224.136,1508.3519999999999,1184.684,579.019,1028.228,3896.672,1156.018,31.349999999999998,736.8904,1480.103,2305.723999999998,1302.8678571428568,1706.1298214285714,1564.6449285714286,1340.33183,1377.6184887154964,1456.9728621373235,1239.3223815448084,1028.228,0.0,4224.136,1170.351,0.0,4224.136,1908.7135845935284,1667.814268748234,2715.7840000000006,2323.943,1.8004974966055673,1.2230036633120953
2018-06-28,0.0,3,28,6,2,2018,26,0,0,0,0,0,1272,0.43388373911755823,-0.900968867902419,1.2246467991473532e-16,-1.0,1644.906,4224.136,1508.3519999999999,0.0,595.656,1031.1555,0.0,0.0,0.0,691.108,2459.131333333331,1390.9647142857139,1741.0503928571432,1641.4809285714286,1345.8252633333332,1376.846145427609,1448.608405570681,1240.3281421672996,1184.684,0.0,4224.136,1346.518,0.0,4224.136,1842.7616884451463,1664.7598329151363,-2579.2300000000005,616.6779999999999,-0.6105935036182548,0.5997483048506751
2018-06-29,4521.9912,4,29,6,2,2018,26,0,0,0,0,0,1273,-0.433883739117558,-0.9009688679024191,1.2246467991473532e-16,-1.0,0.0,1644.906,4224.136,1184.684,579.019,1900.193,4057.51,2227.038,586.042,736.8904,1956.347333333331,1305.8709999999996,1741.0503928571432,1641.4809285714286,1322.7883299999999,1450.6212550125867,1448.608405570681,1259.1824529255257,1184.684,0.0,4224.136,1346.518,0.0,4224.136,1382.0712663338597,1442.7918551931182,-1644.906,-595.656,-1.0,-1.0
2018-07-02,169.192,0,2,7,3,2018,27,0,0,0,0,0,1276,0.0,1.0,-0.4999999999999997,-0.8660254037844388,639.83,4721.977,4521.9912,1644.906,1508.3519999999999,579.019,1031.1555,1580.894,279.414,135.70600000000002,3294.599399999998,2465.8846,1684.2948357142857,1841.684938095238,1608.1505233333335,1975.4709167656758,1619.3053103560662,1475.7546263013885,1644.906,0.0,4721.977,1107.91975,0.0,4721.977,2264.294515484597,2023.0344478397872,-4082.147,-544.8539999999999,-0.864499551776724,-0.45991504907637815
2018-07-03,6963.4039999999995,1,3,7,3,2018,27,0,0,0,0,0,1277,0.7818314824680298,0.6234898018587336,-0.4999999999999997,-0.8660254037844388,169.192,639.83,4721.977,0.0,4224.136,0.0,1900.193,1679.968,491.11199999999997,2952.036,1843.6663333333308,2274.576028571428,1622.7260142857144,1774.4610333333335,1609.2667233333334,2141.520001083336,1661.876175153074,1474.6147500975753,1644.906,0.0,4721.977,1106.4560000000001,0.0,4721.977,1740.5188866134479,1775.8554547944823,-470.63800000000003,-1339.1599999999999,-0.7355672600534517,-0.8878298964697895
2018-07-04,0.0,2,4,7,3,2018,27,0,0,0,0,0,1278,0.9749279121818236,-0.22252093395631434,-0.4999999999999997,-0.8660254037844388,6963.4039999999995,169.192,639.83,4521.9912,1644.906,1184.684,1028.228,1156.018,31.349999999999998,279.414,2590.808666666664,2665.9000285714283,1984.383942857143,2026.0532238095236,1742.97899,2727.301164242233,2192.969965362922,1755.6564615086213,1644.906,0.0,6963.4039999999995,1106.4560000000001,0.0,6963.4039999999995,3046.240164960086,2467.528594155218,6794.2119999999995,2739.267999999999,40.15681592510284,0.6484800678766023
2018-07-05,476.35400000000004,3,5,7,3,2018,27,0,0,0,0,0,1279,0.43388373911755823,-0.900968867902419,-0.4999999999999997,-0.8660254037844388,0.0,6963.4039999999995,169.192,4721.977,0.0,1508.3519999999999,595.656,0.0,0.0,491.11199999999997,2377.5319999999974,2430.9134571428563,1910.9390857142857,1971.0047476190475,1733.66519,2895.6027920958177,2244.0785651238484,1764.4077797867353,639.83,0.0,6963.4039999999995,912.2570000000001,0.0,6963.4039999999995,2284.6801237200643,2138.524781601189,-6963.4039999999995,-1644.906,-1.0,-1.0
2018-07-07,1620.25,5,7,7,3,2018,27,1,0,0,0,0,1281,-0.9749279121818236,-0.2225209339563146,-0.4999999999999997,-0.8660254037844388,380.37800000000004,476.35400000000004,0.0,169.192,4721.977,1644.906,0.0,2724.194,939.1329999999999,0.0,285.57733333333096,1907.3049999999996,1888.2288714285714,1818.5867476190476,1744.8075233333332,2772.8139868051544,2259.2715338071816,1754.281336803516,476.35400000000004,0.0,6963.4039999999995,912.2570000000001,0.0,6963.4039999999995,1469.5434445925362,1712.032142624893,-95.976,-4141.613200000001,-0.20148041162664743,-0.9158826315274563
2018-07-08,1980.2640000000001,6,8,7,3,2018,27,1,0,0,0,0,1282,-0.7818314824680299,0.6234898018587334,-0.4999999999999997,-0.8660254037844388,1620.25,380.37800000000004,476.35400000000004,6963.4039999999995,639.83,0.0,1184.684,3896.672,2513.3430000000003,2227.038,825.6606666666643,1464.2011428571423,2003.9610142857143,1766.0179857142855,1798.8158566666666,2480.477754401042,2195.710707183095,1723.3812147787069,476.35400000000004,0.0,6963.4039999999995,1346.518,0.0,6963.4039999999995,1507.220083444402,1699.7945236082405,1239.8719999999998,-3101.727,3.2595786296788978,-0.6568704167767018
2018-07-09,1671.214,0,9,7,3,2018,28,0,0,0,0,0,1283,0.0,1.0,-0.4999999999999997,-0.8660254037844388,1980.2640000000001,1620.25,380.37800000000004,0.0,169.192,4521.9912,1508.3519999999999,1031.1555,1580.894,939.1329999999999,1326.9639999999974,1655.691714285714,2060.788157142857,1674.760461904762,1790.5900566666667,2457.8673668852025,2183.1351452112517,1721.8550626178685,476.35400000000004,0.0,6963.4039999999995,1564.301,0.0,6963.4039999999995,1625.4810625833015,1737.1904537938085,360.0140000000001,1340.4340000000002,0.22219657460268483,2.094984605285779
2018-07-10,359.21399999999994,1,10,7,3,2018,28,0,0,0,0,0,1284,0.7818314824680298,0.6234898018587336,-0.4999999999999997,-0.8660254037844388,1671.214,1980.2640000000001,1620.25,476.35400000000004,6963.4039999999995,4721.977,4224.136,1900.193,1679.968,2513.3430000000003,1757.2426666666643,1870.2662857142848,2072.4211571428573,1705.239438095238,1814.9927566666668,2370.4758936076946,2180.3972036144096,1714.5439487509839,1620.25,0.0,6963.4039999999995,1632.578,0.0,6963.4039999999995,1636.9142969374761,1728.3935932879674,-309.0500000000002,1502.022,-0.156065049912537,8.877618327107664
2018-07-11,1728.892,2,11,7,3,2018,28,0,0,0,0,0,1285,0.9749279121818236,-0.22252093395631434,-0.4999999999999997,-0.8660254037844388,359.21399999999994,1671.214,1980.2640000000001,380.37800000000004,0.0,639.83,1644.906,1028.228,1156.018,1580.894,1336.8973333333308,926.8105714285709,1796.3553,1631.8594857142855,1743.1884566666668,798.68665244945,2131.1236571254626,1729.3320477990756,476.35400000000004,0.0,1980.2640000000001,1130.04,0.0,6963.4039999999995,1317.489222703107,1545.836314182905,-1312.0,-6604.19,-0.7850580476228658,-0.9484140227968965
2018-07-13,504.542,4,13,7,3,2018,28,0,0,0,0,0,1287,-0.433883739117558,-0.9009688679024191,-0.4999999999999997,-0.8660254037844388,3.816,1728.892,359.21399999999994,1980.2640000000001,380.37800000000004,6963.4039999999995,4521.9912,579.019,4057.51,1156.018,697.3073333333308,1106.2897142857137,1802.6268714285713,1637.041580952381,1692.24999,820.0891732662544,2130.5346579519155,1758.1782637649533,1620.25,3.816,1980.2640000000001,1130.04,0.0,6963.4039999999995,1066.2089377704976,1361.3867070973822,-1725.076,-472.53800000000007,-0.9977928060283696,-0.9919891509255722
2018-07-14,3598.9339999999997,5,14,7,3,2018,28,1,0,0,0,0,1288,-0.9749279121818236,-0.2225209339563146,-0.4999999999999997,-0.8660254037844388,504.542,3.816,1728.892,1671.214,1620.25,0.0,4721.977,0.0,2724.194,0.0,745.7499999999976,1124.0274285714281,1515.6662142857142,1633.4950571428574,1670.5341233333334,802.9349934049724,2002.8161940512405,1769.0197126106675,1620.25,3.816,1980.2640000000001,572.186,0.0,6963.4039999999995,925.7922033278732,1247.1407461510646,500.726,124.16399999999993,131.21750524109015,0.326422663771301
2018-07-15,2132.229,6,15,7,3,2018,28,1,0,0,0,0,1289,-0.7818314824680299,0.6234898018587334,-0.4999999999999997,-0.8660254037844388,3598.9339999999997,504.542,3.816,359.21399999999994,1980.2640000000001,476.35400000000004,639.83,1184.684,3896.672,4057.51,1369.0973333333307,1406.696571428571,1435.4488571428572,1804.8728666666666,1790.49859,1237.4597911612768,1883.4508726106164,1773.850178272628,1671.214,3.816,3598.9339999999997,572.186,0.0,6963.4039999999995,1594.0776524959047,1560.7131799975891,3094.392,1978.6839999999997,6.133071181388269,1.221221416448079
2018-07-16,74.284,0,16,7,3,2018,29,0,0,0,0,0,1290,0.0,1.0,-0.4999999999999997,-0.8660254037844388,2132.229,3598.9339999999997,504.542,1728.892,1671.214,380.37800000000004,169.192,1508.3519999999999,1031.1555,2724.194,2078.568333333331,1428.4058571428566,1542.0487857142857,1849.994057142857,1726.3225566666667,1250.463851712143,1877.1794930535184,1723.1053686855273,1671.214,3.816,3598.9339999999997,1062.396,0.0,6963.4039999999995,1728.6154893719286,1636.915289331244,-1466.705,151.9649999999997,-0.40753873230239845,0.07673976803092897
2018-07-17,2191.873,1,17,7,3,2018,29,0,0,0,0,0,1291,0.7818314824680298,0.6234898018587336,-0.4999999999999997,-0.8660254037844388,74.284,2132.229,3598.9339999999997,3.816,359.21399999999994,1620.25,6963.4039999999995,4224.136,1900.193,3896.672,1935.1489999999974,1200.2729999999995,1535.2696428571428,1781.7051047619045,1637.9922233333334,1341.164734651051,1882.682034431802,1738.0437653499537,504.542,3.816,3598.9339999999997,1062.396,0.0,6963.4039999999995,1315.0326170289463,1428.5644507537447,-2057.9449999999997,-1596.9299999999998,-0.9651613405501942,-0.95555087499267
2018-07-18,2106.794,2,18,7,3,2018,29,0,0,0,0,0,1292,0.9749279121818236,-0.22252093395631434,-0.4999999999999997,-0.8660254037844388,2191.873,74.284,2132.229,504.542,1728.892,1980.2640000000001,0.0,1644.906,1028.228,1031.1555,1466.1286666666645,1462.081428571428,1194.446,1684.9306761904763,1581.16559,1328.4340291267426,1089.058384676,1688.8208431904577,1728.892,3.816,3598.9339999999997,1062.396,0.0,3598.9339999999997,1534.2427127717096,1530.3389239865787,2117.589,1832.659,28.5066636153142,5.101858502174193
2018-07-19,0.0,3,19,7,3,2018,29,0,0,0,0,0,1293,0.43388373911755823,-0.900968867902419,-0.4999999999999997,-0.8660254037844388,2106.794,2191.873,74.284,3598.9339999999997,3.816,1671.214,476.35400000000004,0.0,595.656,1900.193,1457.650333333331,1516.067428571428,1344.9312857142857,1706.9253428571426,1617.0202066666668,1348.6095814956645,1056.3821524861723,1688.1592392169118,2106.794,3.816,3598.9339999999997,1645.732,3.816,3598.9339999999997,1677.3805345787823,1607.1996007883683,-85.07900000000018,377.9019999999998,-0.038815661308844174,0.21858045499661038
2018-07-20,2283.208,4,20,7,3,2018,29,0,0,0,0,0,1294,-0.433883739117558,-0.9009688679024191,-0.4999999999999997,-0.8660254037844388,0.0,2106.794,2191.873,2132.229,504.542,359.21399999999994,380.37800000000004,4521.9912,579.019,1028.228,1432.8889999999976,1515.522285714285,1310.9060000000002,1706.9253428571426,1553.68044,1349.3233368559952,1093.5287924270422,1712.6383823101078,2106.794,0.0,3598.9339999999997,1645.732,0.0,3598.9339999999997,1258.0354009340867,1392.9063206832527,-2106.794,-3.816,-1.0,-1.0
2018-07-22,556.3140000000001,6,22,7,3,2018,29,1,0,0,0,0,1296,-0.7818314824680299,0.6234898018587334,-0.4999999999999997,-0.8660254037844388,3683.832,2283.208,0.0,2191.873,2132.229,3.816,1980.2640000000001,639.83,1184.684,579.019,1989.0133333333308,1781.745714285714,1594.2211428571427,1550.8811428571428,1698.4523066666668,1313.7820259668392,1241.472332707605,1745.021043860641,2132.229,0.0,3683.832,1854.578,0.0,3683.832,2056.704413025424,1801.2423830909763,1400.6239999999998,84.89800000000014,0.6134456431477113,0.02358976296870141
2018-07-23,898.188,0,23,7,3,2018,30,0,0,0,0,0,1297,0.0,1.0,-0.4999999999999997,-0.8660254037844388,556.3140000000001,3683.832,2283.208,2106.794,74.284,504.542,1671.214,169.192,1508.3519999999999,0.0,2174.451333333331,1556.6149999999996,1492.5104285714285,1546.9041904761905,1697.6954733333334,1377.2071227505905,1265.5095466757107,1745.5281451672327,2106.794,0.0,3683.832,1700.0529999999999,0.0,3683.832,1681.6068097690681,1635.2519320121794,-3127.518,-1575.9149999999997,-0.8489849699986318,-0.7390927522325228
2018-07-24,2399.96,1,24,7,3,2018,30,0,0,0,0,0,1298,0.7818314824680298,0.6234898018587336,-0.4999999999999997,-0.8660254037844388,898.188,556.3140000000001,3683.832,0.0,2191.873,3598.9339999999997,359.21399999999994,6963.4039999999995,4224.136,1184.684,1712.7779999999977,1674.3155714285708,1437.2942857142857,1581.6182857142855,1727.6350733333336,1259.5927716855872,1273.94867769072,1722.9619399788262,2106.794,0.0,3683.832,1313.54,0.0,3683.832,1485.7521073268013,1536.9767410772222,341.8739999999999,823.904,0.6145342378584753,11.091271337030854
2018-07-25,798.742,2,25,7,3,2018,30,0,0,0,0,0,1299,0.9749279121818236,-0.22252093395631434,-0.4999999999999997,-0.8660254037844388,2399.96,898.188,556.3140000000001,2283.208,2106.794,2132.229,1728.892,0.0,1644.906,1508.3519999999999,1284.8206666666642,1704.0422857142853,1583.061857142857,1364.3114285714285,1768.1442733333336,1276.1891255444334,1257.7538471651023,1724.0422891874734,2106.794,0.0,3683.832,1917.8429999999998,0.0,3683.832,1714.3040804951008,1652.0411756002593,1501.772,208.087,1.6720018526188283,0.09493570111042016
2018-07-26,2012.3020000000001,3,26,7,3,2018,30,0,0,0,0,0,1300,0.43388373911755823,-0.900968867902419,-0.4999999999999997,-0.8660254037844388,798.742,2399.96,898.188,3683.832,0.0,74.284,3.816,476.35400000000004,0.0,4224.136,1365.6299999999976,1517.1777142857138,1516.6225714285715,1402.346761904762,1744.4906066666667,1302.8739509583668,1273.9210918353228,1732.5762808121551,898.188,0.0,3683.832,1502.491,0.0,3683.832,1485.4135603713257,1538.2679521868913,-1601.218,-1308.052,-0.6671852864214404,-0.6208732320293299
2018-07-28,1170.5639999999999,5,28,7,3,2018,30,1,0,0,0,0,1302,-0.9749279121818236,-0.2225209339563146,-0.4999999999999997,-0.8660254037844388,947.832,2012.3020000000001,798.742,898.188,3683.832,2106.794,3598.9339999999997,1620.25,4721.977,0.0,1252.9586666666644,1613.8814285714282,1691.7494285714286,1502.5087619047617,1647.5270066666667,1140.1822894711088,1174.2209366879981,1674.5412939772566,947.832,556.3140000000001,3683.832,2059.548,0.0,3683.832,1449.8097527088707,1514.3204263092653,-1064.4700000000003,-1335.3760000000002,-0.5289812364148125,-0.5848683080998315
2018-07-29,1391.294,6,29,7,3,2018,30,1,0,0,0,0,1303,-0.7818314824680299,0.6234898018587334,-0.4999999999999997,-0.8660254037844388,1170.5639999999999,947.832,2012.3020000000001,2399.96,556.3140000000001,0.0,2132.229,1980.2640000000001,639.83,4521.9912,1376.899333333331,1254.8431428571423,1518.2944285714286,1481.095142857143,1686.5458066666665,684.296409873992,1042.8290238629988,1648.259712139935,947.832,556.3140000000001,2399.96,1591.433,0.0,3683.832,1379.9983145316533,1468.4862361346966,222.73199999999986,-2513.268,0.234991011065252,-0.6822428384356289
2018-07-30,523.376,0,30,7,3,2018,31,0,0,0,0,0,1304,0.0,1.0,-0.4999999999999997,-0.8660254037844388,1391.294,1170.5639999999999,947.832,798.742,898.188,2283.208,74.284,1671.214,169.192,4721.977,1169.8966666666645,1374.1259999999995,1465.3704999999998,1453.0489523809524,1582.1892333333333,611.0982643753996,1027.9704092190511,1559.252213568983,1170.5639999999999,798.742,2399.96,1280.929,0.0,3683.832,1382.82223589874,1458.1939379834037,220.73000000000025,834.98,0.18856722058768272,1.500914950909019
2018-07-31,1558.028,1,31,7,3,2018,31,0,0,1,0,0,1305,0.7818314824680298,0.6234898018587336,-0.4999999999999997,-0.8660254037844388,523.376,1391.294,1170.5639999999999,2012.3020000000001,2399.96,3683.832,2191.873,359.21399999999994,6963.4039999999995,639.83,1028.411333333331,1320.581428571428,1497.4485,1398.3899999999999,1442.2358666666667,673.0324369455838,987.4297296657772,1452.4885470283289,1170.5639999999999,523.376,2399.96,1280.929,0.0,3683.832,1167.960676924055,1333.5515462522833,-867.9180000000001,-374.812,-0.6238207021664723,-0.4172979376255306
2018-08-01,2085.65,2,1,8,3,2018,31,0,1,0,0,0,1306,0.9749279121818236,-0.22252093395631434,-0.8660254037844384,-0.5000000000000004,1558.028,523.376,1391.294,947.832,798.742,556.3140000000001,2106.794,1728.892,0.0,169.192,1157.5659999999978,1200.3054285714281,1452.1738571428573,1455.476380952381,1472.8424666666665,501.31402794347423,967.4699163273563,1444.6502514638157,1170.5639999999999,523.376,2012.3020000000001,1280.929,0.0,3683.832,1265.4775076930412,1363.4817400853121,1034.652,-841.932,1.9768808657638104,-0.35081084684744746
2018-08-02,0.0,3,2,8,3,2018,31,0,0,0,0,0,1307,0.43388373911755823,-0.900968867902419,-0.8660254037844384,-0.5000000000000004,2085.65,1558.028,523.376,1170.5639999999999,2012.3020000000001,898.188,0.0,3.816,476.35400000000004,6963.4039999999995,1389.0179999999975,1384.1494285714282,1450.6635714285712,1472.464857142857,1536.7244,561.8253044493263,966.3852976480374,1427.2836222754634,1391.294,523.376,2085.65,1280.929,0.0,3683.832,1470.5206307697808,1459.7708414072704,527.6220000000001,1286.9080000000001,0.3386473157093455,1.6111685625646333
2018-08-03,514.828,4,3,8,3,2018,31,0,0,0,0,0,1308,-0.433883739117558,-0.9009688679024191,-0.8660254037844384,-0.5000000000000004,0.0,2085.65,1558.028,1391.294,947.832,2399.96,2283.208,504.542,380.37800000000004,0.0,1214.5593333333309,1096.6777142857138,1450.6635714285715,1472.2831428571428,1304.6109333333334,687.5924323729348,966.3852976480374,1023.4052046176427,1170.5639999999999,0.0,2085.65,1280.929,0.0,3683.832,1102.8904730773356,1265.1347292196344,-2085.65,-2012.3020000000001,-1.0,-1.0
2018-08-05,503.676,6,5,8,3,2018,31,1,0,0,0,0,1310,-0.7818314824680299,0.6234898018587334,-0.8660254037844384,-0.5000000000000004,20.07,514.828,0.0,1558.028,1391.294,2012.3020000000001,556.3140000000001,2132.229,1980.2640000000001,380.37800000000004,178.2993333333309,870.4637142857138,1062.6534285714285,1302.350857142857,1306.5623999999998,811.2243557696361,748.0845077541865,1021.4772463895749,523.376,0.0,2085.65,923.01,0.0,2399.96,721.9236411060014,1012.42398772497,-494.758,-1150.494,-0.961016106350082,-0.9828544188955067
2018-08-06,1424.026,0,6,8,3,2018,32,0,0,0,0,0,1311,0.0,1.0,-0.8660254037844384,-0.5000000000000004,503.676,20.07,514.828,2085.65,523.376,947.832,898.188,74.284,1671.214,1620.25,346.19133333333093,743.6611428571423,1058.8935714285715,1224.8007142857143,1310.6723333333334,785.1991815616586,750.9519003858065,1017.8638799279714,514.828,0.0,2085.65,923.01,0.0,2399.96,667.361730829501,944.590922694974,483.606,-887.6180000000002,24.09596412556054,-0.6379801824776072
2018-08-07,3479.624,1,7,8,3,2018,32,0,0,0,0,0,1312,0.7818314824680298,0.6234898018587336,-0.8660254037844384,-0.5000000000000004,1424.026,503.676,20.07,0.0,1558.028,1170.5639999999999,2399.96,2191.873,359.21399999999994,1980.2640000000001,649.2573333333308,872.3254285714281,1096.4534285714285,1289.074142857143,1304.1315333333334,816.2634209303444,755.4325733061671,1016.4353995773915,514.828,0.0,2085.65,1059.1979999999999,0.0,2399.96,856.5277981221257,1008.5155996689775,920.3500000000001,900.6500000000001,1.827265940803215,1.7208469627953904
2018-08-08,0.0,2,8,8,3,2018,32,0,0,0,0,0,1313,0.9749279121818236,-0.22252093395631434,-0.8660254037844384,-0.5000000000000004,3479.624,1424.026,503.676,514.828,2085.65,1391.294,798.742,2106.794,1728.892,1671.214,1802.4419999999975,1146.8391428571424,1173.5722857142857,1350.395619047619,1354.1101999999998,1277.8907884274647,932.9823554908015,1085.3533203571249,514.828,0.0,3479.624,1059.1979999999999,0.0,3479.624,1512.301848591594,1337.9967197131139,2055.598,1921.5959999999998,1.443511565097828,1.233351390347285
2018-08-09,0.0,3,9,8,3,2018,32,0,0,0,0,0,1314,0.43388373911755823,-0.900968867902419,-0.8660254037844384,-0.5000000000000004,0.0,3479.624,1424.026,20.07,0.0,523.376,2012.3020000000001,0.0,3.816,359.21399999999994,1634.5499999999975,848.8891428571424,1116.5192857142856,1250.0720952380955,1298.4030666666665,1265.6015683912658,980.8603963603013,1111.0995508168983,503.676,0.0,3479.624,1059.1979999999999,0.0,3479.624,1134.2263864436954,1159.5971570846987,-3479.624,-2085.65,-1.0,-1.0
2018-08-12,3693.084,6,12,8,3,2018,32,1,0,0,0,0,1317,-0.7818314824680299,0.6234898018587334,-0.8660254037844384,-0.5000000000000004,708.726,1823.0700000000002,0.0,3479.624,503.676,0.0,1391.294,556.3140000000001,2132.229,504.542,843.9319999999976,1134.160285714285,1002.312,1086.4890476190476,1313.0655333333334,1239.0159156337993,1015.3759422677007,1104.235840699014,708.726,0.0,3479.624,616.0509999999999,0.0,3479.624,997.5088817809341,1060.0174678859505,-1114.344,688.656,-0.6112458654906285,34.31270553064275
2018-08-13,2643.164,0,13,8,3,2018,33,0,0,0,0,0,1318,0.0,1.0,-0.8660254037844384,-0.5000000000000004,3693.084,708.726,1823.0700000000002,0.0,1424.026,514.828,523.376,898.188,74.284,3598.9339999999997,2074.9599999999978,1589.7899999999995,1166.7255714285714,1235.8590476190475,1419.3502666666668,1522.51730807807,1243.8571955769035,1174.9196777560337,1424.026,0.0,3693.084,616.0509999999999,0.0,3693.084,1671.4026613357005,1411.093005501157,2984.3579999999997,3189.408,4.2108769820777,6.332261215543325
2018-08-14,440.736,1,14,8,3,2018,33,0,0,0,0,0,1319,0.7818314824680298,0.6234898018587336,-0.8660254037844384,-0.5000000000000004,2643.164,3693.084,708.726,0.0,3479.624,20.07,1558.028,2399.96,2191.873,2132.229,2348.324666666664,1763.9525714285712,1318.139,1318.953142857143,1387.4912666666667,1569.4024654603143,1287.7636187840794,1125.7079941243094,1823.0700000000002,0.0,3693.084,1066.376,0.0,3693.084,1914.3429960017756,1575.3691381010026,-1049.9199999999996,1219.1380000000001,-0.28429356061221456,0.856120604539524
2018-08-15,1949.872,2,15,8,3,2018,33,0,0,0,0,0,1320,0.9749279121818236,-0.22252093395631434,-0.8660254037844384,-0.5000000000000004,440.736,2643.164,3693.084,1823.0700000000002,0.0,503.676,2085.65,798.742,2106.794,74.284,2258.994666666664,1329.825714285714,1238.3324285714286,1225.6567619047619,1331.1081666666666,1429.8167329530488,1306.2417858560639,1129.474637983155,708.726,0.0,3693.084,611.777,0.0,3693.084,1545.9412470013317,1424.0847196875357,-2202.4280000000003,-3038.888,-0.8332543875446246,-0.8733380388225854
2018-08-18,7078.4839999999995,5,18,8,3,2018,33,1,0,0,0,0,1323,-0.9749279121818236,-0.2225209339563146,-0.8660254037844384,-0.5000000000000004,9517.287999999999,80.564,1949.872,2643.164,708.726,0.0,20.07,1170.5639999999999,3683.832,0.0,3849.24133333333,2719.061999999999,1877.4214285714286,1596.5542857142857,1570.2672666666665,3264.860927544484,2543.1104677078433,1869.1490004058542,1949.872,80.564,9517.287999999999,1066.376,0.0,9517.287999999999,3320.8224635786864,2400.5838296751153,9436.723999999998,7694.217999999999,117.13326051338066,4.220473157914944
2018-08-19,512.446,6,19,8,3,2018,33,1,0,0,0,0,1324,-0.7818314824680299,0.6234898018587334,-0.8660254037844384,-0.5000000000000004,7078.4839999999995,9517.287999999999,80.564,440.736,3693.084,0.0,503.676,1391.294,556.3140000000001,2283.208,5558.778666666664,3629.027428571427,2381.593857142857,1877.8838095238093,1806.2167333333332,3491.00632650199,2830.0445888985832,2096.979513768907,2643.164,80.564,9517.287999999999,1623.5480000000002,0.0,9517.287999999999,4260.237847684015,3024.3038523851,-2438.803999999999,6369.758,-0.2562498896744534,8.987617217373145
2018-08-20,692.95,0,20,8,3,2018,34,0,0,0,0,0,1325,0.0,1.0,-0.8660254037844384,-0.5000000000000004,512.446,7078.4839999999995,9517.287999999999,1949.872,2643.164,1823.0700000000002,1424.026,523.376,898.188,3683.832,5702.73933333333,3174.6505714285704,2382.220285714286,1836.0339047619043,1747.1913333333332,3682.990616525414,2829.5978732635804,2107.982950435098,1949.872,80.564,9517.287999999999,1623.5480000000002,0.0,9517.287999999999,3323.289885763011,2689.389472067087,-6566.038,-3180.638,-0.9276051199663656,-0.8612417155959626
2018-08-21,8284.534,1,21,8,3,2018,34,0,0,0,0,0,1326,0.7818314824680298,0.6234898018587336,-0.8660254037844384,-0.5000000000000004,692.95,512.446,7078.4839999999995,80.564,440.736,708.726,3479.624,1558.028,2399.96,556.3140000000001,2761.293333333331,2896.0485714285705,2330.000571428571,1844.1088571428572,1647.4952666666663,3801.744019049623,2855.270899798795,2083.819768550748,692.95,80.564,9517.287999999999,1265.8980000000001,0.0,9517.287999999999,2665.7049143222584,2423.1975424581424,180.50400000000002,-1950.2140000000002,0.35224004090187067,-0.7378331424005472
2018-08-22,524.54,2,22,8,3,2018,34,0,0,0,0,0,1327,0.9749279121818236,-0.22252093395631434,-0.8660254037844384,-0.5000000000000004,8284.534,692.95,512.446,9517.287999999999,1949.872,3693.084,0.0,2085.65,798.742,898.188,3163.3099999999977,4016.5911428571417,2673.2084285714286,2164.418666666667,1905.1025999999997,4101.573911888432,3263.6598887855675,2398.243613432427,1949.872,80.564,9517.287999999999,1265.8980000000001,0.0,9517.287999999999,4070.412185741694,3204.70907013039,7591.584,7843.798,10.955457103687133,17.79704403543164
2018-08-23,4590.344,3,23,8,3,2018,34,0,0,0,0,0,1328,0.43388373911755823,-0.900968867902419,-0.8660254037844384,-0.5000000000000004,524.54,8284.534,692.95,7078.4839999999995,80.564,2643.164,0.0,0.0,2012.3020000000001,2399.96,3167.3413333333315,3812.9722857142847,2710.6755714285714,2090.080095238095,1892.6476666666665,4253.828080370496,3233.4818813818556,2404.614979372164,692.95,80.564,9517.287999999999,1265.8980000000001,0.0,9517.287999999999,3183.9441393062707,2847.3531941130045,-7759.994,-1425.332,-0.9366844290819496,-0.7309874699467452
2018-08-24,685.0560000000002,4,24,8,3,2018,34,0,0,0,0,0,1329,-0.433883739117558,-0.9009688679024191,-0.8660254037844384,-0.5000000000000004,4590.344,524.54,8284.534,512.446,9517.287999999999,440.736,1823.0700000000002,514.828,947.832,798.742,4466.472666666664,4457.22657142857,3038.5572857142856,2308.6679047619045,1965.6604666666667,3922.973151882926,3169.573709408656,2453.310897303546,4590.344,512.446,9517.287999999999,1886.471,80.564,9517.287999999999,3535.5441044797035,3079.751968231271,4065.804,4509.78,7.751180081595303,55.97760786455489
2018-08-25,361.988,5,25,8,3,2018,34,1,0,0,0,0,1330,-0.9749279121818236,-0.2225209339563146,-0.8660254037844384,-0.5000000000000004,685.0560000000002,4590.344,524.54,692.95,7078.4839999999995,1949.872,708.726,20.07,1170.5639999999999,2012.3020000000001,1933.313333333331,3195.4791428571416,2957.2705714285717,2316.774,1961.8709333333331,3411.23910153028,3217.3761530539578,2455.262572385354,692.95,512.446,8284.534,1329.299,80.564,9517.287999999999,2822.9220783597775,2760.4591724671013,-3905.288,-8832.231999999998,-0.8507615115555609,-0.9280198308593792
2018-08-26,190.66,6,26,8,3,2018,34,1,0,0,0,0,1331,-0.7818314824680299,0.6234898018587334,-0.8660254037844384,-0.5000000000000004,361.988,685.0560000000002,4590.344,8284.534,512.446,80.564,3693.084,503.676,1391.294,947.832,1879.1293333333308,2235.9797142857137,2932.503571428571,2333.0558095238093,1906.8604666666665,3063.9240773042234,3237.2896107337137,2472.5207871650396,685.0560000000002,361.988,8284.534,1321.411,80.564,9517.287999999999,2207.688558769833,2440.663016138155,-323.06800000000015,-6716.495999999999,-0.4715935631539613,-0.9488608012676161
2018-08-27,6190.538,0,27,8,3,2018,35,0,0,0,0,0,1332,0.0,1.0,-0.8660254037844384,-0.5000000000000004,190.66,361.988,685.0560000000002,524.54,692.95,9517.287999999999,2643.164,1424.026,523.376,1170.5639999999999,412.56799999999765,2190.010285714285,2682.330428571429,2318.1502857142855,1881.6214,3096.3353731933717,3308.538876570252,2486.4731314777155,685.0560000000002,190.66,8284.534,689.0030000000002,80.564,9517.287999999999,1703.4314190773748,2140.662613986401,-171.328,-321.78600000000006,-0.47329745737427764,-0.6279412855208159
2018-08-28,1443.6319999999998,1,28,8,3,2018,35,0,0,0,0,0,1333,0.7818314824680298,0.6234898018587336,-0.8660254037844384,-0.5000000000000004,6190.538,190.66,361.988,4590.344,8284.534,7078.4839999999995,440.736,3479.624,1558.028,1391.294,2247.728666666664,2975.3799999999997,2935.7142857142853,2545.1270476190475,2048.9538666666667,3340.886854230371,3438.590079125131,2603.148394705624,685.0560000000002,190.66,8284.534,689.0030000000002,80.564,9517.287999999999,2825.2080643080308,2680.6459987882145,5999.878,5497.588,31.4689919227945,7.933599826827331
2018-08-29,235.46800000000002,2,29,8,3,2018,35,0,0,0,0,0,1334,0.9749279121818236,-0.22252093395631434,-0.8660254037844384,-0.5000000000000004,1443.6319999999998,6190.538,190.66,685.0560000000002,524.54,512.446,1949.872,0.0,2085.65,523.376,2608.276666666664,1998.108285714285,3007.3497142857145,2448.1750476190473,2050.6984666666667,2395.9293795798467,3392.7555460210433,2602.7099414082954,685.0560000000002,190.66,6190.538,1068.291,80.564,9517.287999999999,2479.814048231023,2515.7107989497863,-4746.906,-6840.902,-0.766800236102258,-0.825743729218807
2018-08-30,0.0,3,30,8,3,2018,35,0,0,0,0,0,1335,0.43388373911755823,-0.900968867902419,-0.8660254037844384,-0.5000000000000004,235.46800000000002,1443.6319999999998,6190.538,361.988,4590.344,692.95,80.564,0.0,0.0,1558.028,2623.212666666664,1956.812285714285,2884.8922857142857,2459.387809523809,2041.1015333333332,2427.8394139114453,3464.0505431574566,2609.0588660579324,685.0560000000002,190.66,6190.538,689.0030000000002,80.564,9517.287999999999,1918.7275361732675,2211.6784257564814,-1208.1639999999998,-289.07199999999995,-0.8368919503031242,-0.5510961985739886
2018-08-31,3162.83,4,31,8,3,2018,35,0,0,1,0,0,1336,-0.433883739117558,-0.9009688679024191,-0.8660254037844384,-0.5000000000000004,0.0,235.46800000000002,1443.6319999999998,190.66,685.0560000000002,8284.534,9517.287999999999,1823.0700000000002,514.828,2085.65,559.6999999999975,1301.0488571428564,2879.137714285714,2459.387809523809,1989.1672666666666,2207.93533382293,3469.1307147353996,2634.38978879067,361.988,0.0,6190.538,689.0030000000002,0.0,9517.287999999999,1439.0456521299507,1916.7879689889505,-235.46800000000002,-4590.344,-1.0,-1.0
2018-09-02,8652.334,6,2,9,3,2018,35,1,0,0,0,0,1338,-0.7818314824680299,0.6234898018587334,-1.0,-1.8369701987210297e-16,1261.81,3162.83,0.0,1443.6319999999998,190.66,4590.344,512.446,3693.084,503.676,514.828,1474.8799999999974,1783.5625714285707,2009.7711428571426,2549.5232380952375,2067.1335999999997,2229.5971406319686,2584.9979826658086,2619.675896100096,1261.81,0.0,6190.538,689.0030000000002,0.0,8284.534,1717.9463043230971,1973.4446522628118,-1901.02,899.8219999999999,-0.6010503251834591,2.485778534095053
2018-09-03,1595.849,0,3,9,3,2018,36,0,0,0,0,0,1339,0.0,1.0,-1.0,-1.8369701987210297e-16,8652.334,1261.81,3162.83,235.46800000000002,6190.538,685.0560000000002,692.95,2643.164,1424.026,20.07,4358.991333333331,2992.3731428571423,2591.191714285714,2785.678,2338.3838,3272.1232100324573,3088.6610219461054,2863.36108096758,1443.6319999999998,0.0,8652.334,977.38,0.0,8652.334,3451.543228242323,2863.9632319611037,7390.524000000001,8461.674,5.85708149404427,44.3809608727578
2018-09-04,5360.202,1,4,9,3,2018,36,0,0,0,0,0,1340,0.7818314824680298,0.6234898018587336,-1.0,-1.8369701987210297e-16,1595.849,8652.334,1261.81,0.0,1443.6319999999998,361.988,8284.534,440.736,3479.624,503.676,3836.664333333331,2335.9889999999996,2655.6845,2735.805857142857,2390.909766666666,2970.602689605759,3055.221317070396,2833.666282755328,1443.6319999999998,0.0,8652.334,1352.721,0.0,8652.334,2987.6196711817424,2694.88133436629,-7056.485000000001,-4594.688999999999,-0.8155585533337016,-0.7422115816105159
2018-09-05,327.044,2,5,9,3,2018,36,0,0,0,0,0,1341,0.9749279121818236,-0.22252093395631434,-1.0,-1.8369701987210297e-16,5360.202,1595.849,8652.334,3162.83,235.46800000000002,190.66,524.54,1949.872,0.0,1424.026,5202.794999999998,2895.499,2446.803642857143,2970.0661428571425,2552.7939666666666,3138.605985948163,2722.64769453282,2860.7276847906664,1595.849,0.0,8652.334,1352.721,0.0,8652.334,3580.7652533863065,3050.2574231174517,3764.353,3916.5700000000006,2.358840341410748,2.712997495206535
2018-09-06,0.0,3,6,9,3,2018,36,0,0,0,0,0,1342,0.43388373911755823,-0.900968867902419,-1.0,-1.8369701987210297e-16,327.044,5360.202,1595.849,1261.81,0.0,6190.538,4590.344,80.564,0.0,3479.624,2427.698333333331,2908.581285714285,2432.6967857142854,2892.788619047619,2516.2279,3125.835444401098,2733.8622084749877,2882.580603795154,1595.849,0.0,8652.334,1352.721,0.0,8652.334,2767.3349400397296,2687.162300035125,-5033.158,91.57599999999996,-0.9389866277427604,0.38891059507024295
2018-09-09,4356.061,6,9,9,3,2018,36,1,0,0,0,0,1345,-0.7818314824680299,0.6234898018587334,-1.0,-1.8369701987210297e-16,2184.327,3848.565,0.0,5360.202,8652.334,0.0,190.66,512.446,3693.084,1823.0700000000002,2010.9639999999974,3138.331571428571,2460.9470714285712,2385.9579523809525,2601.3368333333333,3079.155798095574,2676.647151863447,2848.93989196668,2184.327,0.0,8652.334,1519.7404999999999,0.0,8652.334,2435.157115329261,2485.2097994599026,-1664.2379999999998,922.5170000000003,-0.43243078913828914,0.7311061094776554
2018-09-10,2506.646,0,10,9,3,2018,37,0,0,0,0,0,1346,0.0,1.0,-1.0,-1.8369701987210297e-16,4356.061,2184.327,3848.565,327.044,1595.849,3162.83,6190.538,692.95,2643.164,708.726,3462.9843333333306,2524.5782857142854,2758.475714285714,2568.9872380952384,2685.769866666667,2054.6286397025315,2636.0758567293383,2862.581342056536,2184.327,0.0,5360.202,1890.0880000000002,0.0,8652.334,2915.383086496946,2734.656626198582,2171.7339999999995,-4296.273000000001,0.9942348375495058,-0.4965449784994431
2018-09-11,5564.006,1,11,9,3,2018,37,0,0,0,0,0,1347,0.7818314824680298,0.6234898018587336,-1.0,-1.8369701987210297e-16,2506.646,4356.061,2184.327,0.0,5360.202,1261.81,1443.6319999999998,8284.534,440.736,3693.084,3015.6779999999976,2654.6921428571427,2495.340571428572,2655.3537142857144,2745.700533333333,2014.4589535198888,2443.9981778900997,2838.4819802959987,2506.646,0.0,5360.202,1890.0880000000002,0.0,8652.334,2813.1988148727096,2704.255209372105,-1849.4149999999995,910.7970000000003,-0.42456131812662856,0.5707288095552903
2018-09-12,491.54999999999995,2,12,9,3,2018,37,0,0,0,0,0,1348,0.9749279121818236,-0.22252093395631434,-1.0,-1.8369701987210297e-16,5564.006,2506.646,4356.061,3848.565,327.044,8652.334,235.46800000000002,524.54,1949.872,2643.164,4142.237666666664,2683.807,2789.6530000000007,2525.8047619047616,2808.0645999999997,2061.013466736685,2553.2572188153076,2880.2601091094098,2506.646,0.0,5564.006,2345.4865,0.0,8652.334,3500.9006111545323,3085.555314789158,3057.36,203.8040000000001,1.2197015454116777,0.038021701420953846
2018-09-13,15.92,3,13,9,3,2018,37,0,0,0,0,0,1349,0.43388373911755823,-0.900968867902419,-1.0,-1.8369701987210297e-16,491.54999999999995,5564.006,2506.646,2184.327,0.0,1595.849,0.0,4590.344,80.564,440.736,2854.0673333333307,2707.307857142857,2807.9445714285716,2524.233809523809,2736.344133333333,2030.3715564847844,2534.3990908605424,2911.1307408044763,2506.646,0.0,5564.006,2345.4865,0.0,8652.334,2748.5629583658992,2739.687939483937,-5072.456,164.50599999999997,-0.9116553792357521,0.503008769462213
2018-09-15,7285.026,5,15,9,3,2018,37,1,0,0,0,0,1351,-0.9749279121818236,-0.2225209339563146,-1.0,-1.8369701987210297e-16,3471.403,15.92,491.54999999999995,2506.646,2184.327,327.044,1261.81,361.988,7078.4839999999995,80.564,1326.2909999999974,2655.701857142857,2831.122642857143,2439.087285714286,2772.9012999999995,1996.2980728958737,2537.698602476653,2923.0260336174683,2506.646,15.92,5564.006,2345.4865,0.0,8652.334,2416.9024140808183,2522.5034301012683,3455.4829999999997,-377.16200000000026,217.05295226130653,-0.0980006833715944
2018-09-16,831.65,6,16,9,3,2018,37,1,0,0,0,0,1352,-0.7818314824680299,0.6234898018587334,-1.0,-1.8369701987210297e-16,7285.026,3471.403,15.92,5564.006,4356.061,0.0,8652.334,190.66,512.446,9517.287999999999,3590.782999999997,3384.3731428571423,3261.3523571428573,2768.755761904762,3013.050033333333,2626.878719456759,2752.649506959424,2989.3996707370998,3471.403,15.92,7285.026,2989.0245,0.0,8652.334,3633.933310560614,3157.5064394210995,3813.623,5100.699,1.098582619188841,2.3351352613413647
2018-09-17,4979.226,0,17,9,3,2018,38,0,0,0,0,0,1353,0.0,1.0,-1.0,-1.8369701987210297e-16,831.65,7285.026,3471.403,491.54999999999995,2506.646,3848.565,1595.849,6190.538,692.95,7078.4839999999995,3862.6929999999975,2880.8858571428573,2702.7320714285715,2799.2790952380956,2723.528766666667,2744.7122758933124,2336.565670878344,2748.6518263569073,2506.646,15.92,7285.026,2345.4865,0.0,7285.026,2933.3624829204605,2847.3922474982865,-6453.376,-3524.4109999999996,-0.8858411761330708,-0.8090821042221401
2018-09-18,1511.93,1,18,9,3,2018,38,0,0,0,0,0,1354,0.7818314824680298,0.6234898018587336,-1.0,-1.8369701987210297e-16,4979.226,831.65,7285.026,15.92,5564.006,2184.327,5360.202,1443.6319999999998,8284.534,512.446,4365.300666666663,3234.111571428571,2944.401857142857,2741.5975714285714,2653.5535,2845.764979534195,2387.6860898026184,2659.2269929390736,3471.403,15.92,7285.026,2989.0245,0.0,7285.026,3444.8283621903456,3131.6367478318484,4147.576,2472.5799999999995,4.987165273853183,0.9864097283780795
2018-09-19,1648.188,2,19,9,3,2018,38,0,0,0,0,0,1355,0.9749279121818236,-0.22252093395631434,-1.0,-1.8369701987210297e-16,1511.93,4979.226,831.65,3471.403,491.54999999999995,4356.061,327.044,235.46800000000002,524.54,692.95,2440.9353333333306,2655.243571428571,2669.5252857142855,2744.849857142857,2686.8696333333332,2701.300739124627,2308.3738649113193,2637.6506117891936,1511.93,15.92,7285.026,2345.4865,0.0,7285.026,2961.603771642759,2915.6758481209354,-3467.2959999999994,-4052.076,-0.6963524049721783,-0.7282659292603206
2018-09-20,7359.918,3,20,9,3,2018,38,0,0,0,0,0,1356,0.43388373911755823,-0.900968867902419,-1.0,-1.8369701987210297e-16,1648.188,1511.93,4979.226,7285.026,15.92,2506.646,0.0,0.0,4590.344,8284.534,2713.114666666664,2820.477571428571,2763.892714285714,2812.122238095238,2718.7109,2579.5228637864902,2230.9519702772122,2618.446168546036,1648.188,15.92,7285.026,2345.4865,0.0,7285.026,2633.249828732069,2746.6774683714775,136.25800000000004,1156.6380000000001,0.09012189717777952,2.3530424168446755
2018-09-21,338.172,4,21,9,3,2018,38,0,0,0,0,0,1357,-0.433883739117558,-0.9009688679024191,-1.0,-1.8369701987210297e-16,7359.918,1648.188,1511.93,831.65,3471.403,5564.006,3848.565,3162.83,685.0560000000002,524.54,3506.6786666666644,3869.6201428571426,3289.601142857143,3162.5945238095237,2687.8903666666665,2737.38636036849,2390.9779393271433,2555.355897987309,3471.403,831.65,7359.918,2989.0245,15.92,7359.918,3814.916871549052,3361.776205921947,5711.73,7343.998,3.4654602508937087,461.3064070351759
2018-09-22,7871.213,5,22,9,3,2018,38,1,0,0,0,0,1358,-0.9749279121818236,-0.2225209339563146,-1.0,-1.8369701987210297e-16,338.172,7359.918,1648.188,4979.226,7285.026,491.54999999999995,2184.327,1261.81,361.988,4590.344,3115.4259999999977,3422.015714285714,3038.858785714285,3028.087,2681.6780999999996,3051.4970516419003,2509.004871058438,2561.016790409063,1648.188,338.172,7359.918,2345.4865,15.92,7359.918,2945.730653661789,2958.6289784656874,-7021.745999999999,-3133.2309999999998,-0.9540522054729415,-0.9025834799359221
2018-09-23,2395.786,6,23,9,3,2018,38,1,0,0,0,0,1359,-0.7818314824680299,0.6234898018587334,-1.0,-1.8369701987210297e-16,7871.213,338.172,7359.918,1511.93,831.65,15.92,4356.061,8652.334,190.66,685.0560000000002,5189.767666666664,3505.7567142857138,3445.0649285714285,3342.820476190476,2791.0404,3180.4932969373704,2803.1266253614726,2710.992098607226,1648.188,338.172,7871.213,2989.0245,15.92,7871.213,4177.101240246342,3613.6401813369293,7533.040999999999,586.1869999999999,22.275767952402916,0.08046464075763082
2018-09-24,6450.4619999999995,0,24,9,3,2018,39,0,0,0,0,0,1360,0.0,1.0,-1.0,-1.8369701987210297e-16,2395.786,7871.213,338.172,1648.188,4979.226,3471.403,2506.646,1595.849,6190.538,361.988,3535.0569999999975,3729.204714285714,3305.0452857142855,3044.889619047619,2848.064733333333,3011.7799520504277,2803.079910959469,2683.0140611178463,2395.786,338.172,7871.213,2451.2160000000003,15.92,7871.213,3731.7724301847566,3451.259623825339,-5475.427,1564.136,-0.6956268366768883,1.880762339926652
2018-09-25,1412.213,1,25,9,3,2018,39,0,0,0,0,0,1361,0.7818314824680298,0.6234898018587336,-1.0,-1.8369701987210297e-16,6450.4619999999995,2395.786,7871.213,7359.918,1511.93,7285.026,5564.006,5360.202,1443.6319999999998,190.66,5572.486999999997,3939.3812857142852,3586.746428571428,3276.0616666666665,3051.0138666666667,3161.1806744608693,2912.6985669726605,2718.5151064364345,2395.786,338.172,7871.213,2933.5945,15.92,7871.213,4411.4448226385675,3851.1532739819604,4054.6759999999995,1471.2359999999999,1.6924199406791756,0.2954748388604975
2018-09-26,1486.576,2,26,9,3,2018,39,0,0,0,0,0,1362,0.9749279121818236,-0.22252093395631434,-1.0,-1.8369701987210297e-16,1412.213,6450.4619999999995,2395.786,338.172,1648.188,831.65,491.54999999999995,327.044,235.46800000000002,6190.538,3419.4869999999974,3925.1359999999995,3290.189785714286,3088.06219047619,3091.7323,3174.1407982360056,2907.2504413280867,2683.112651042909,2395.786,338.172,7871.213,2021.987,15.92,7871.213,3661.6368669789254,3525.9612374510325,-5038.249,-99.7170000000001,-0.7810679297079806,-0.06595345022587029
2018-09-27,0.0,3,27,9,3,2018,39,0,0,0,0,0,1363,0.43388373911755823,-0.900968867902419,-1.0,-1.8369701987210297e-16,1486.576,1412.213,6450.4619999999995,7871.213,7359.918,4979.226,15.92,0.0,0.0,1443.6319999999998,3116.4169999999976,3902.048571428571,3361.263071428571,3143.2780000000002,2934.9335666666666,3193.9883718100677,2845.0670526433205,2632.7517146922714,2395.786,338.172,7871.213,2021.987,15.92,7871.213,3117.871650234194,3254.043205790895,74.36300000000006,-161.61200000000008,0.052657070852626386,-0.09805434816901959
2018-09-28,559.271,4,28,9,3,2018,39,0,0,0,0,0,1364,-0.433883739117558,-0.9009688679024191,-1.0,-1.8369701987210297e-16,0.0,1486.576,1412.213,2395.786,338.172,1511.93,3471.403,3848.565,3162.83,235.46800000000002,966.2629999999975,2850.631714285714,3360.1259285714286,3143.2780000000002,2886.8125,3075.173451257052,2846.5098198557143,2673.8223428431384,1486.576,0.0,7871.213,2021.987,0.0,7871.213,2338.4037376756455,2820.170778352109,-1486.576,-7359.918,-1.0,-1.0
2018-09-30,540.76,6,30,9,3,2018,39,1,0,1,0,1,1366,-0.7818314824680299,0.6234898018587334,-1.0,-1.8369701987210297e-16,1846.78,559.271,0.0,1412.213,2395.786,7359.918,831.65,4356.061,8652.334,3162.83,802.0169999999976,2021.5839999999996,2763.6703571428566,2970.5712857142853,2959.1652666666664,2108.2485491055445,2704.2870182278166,2615.004496558673,1486.576,0.0,6450.4619999999995,1580.0590000000002,0.0,7871.213,1881.9104149425505,2429.1258112955843,1287.509,-6024.433,2.3021200813201474,-0.765375425617373
2018-10-01,2978.466,0,1,10,4,2018,40,0,1,0,1,0,1367,0.0,1.0,-0.8660254037844386,0.5000000000000001,540.76,1846.78,559.271,1486.576,6450.4619999999995,338.172,4979.226,2506.646,1595.849,1261.81,982.2703333333308,1756.5802857142855,2742.8924999999995,2788.8902857142857,2871.7629333333334,2169.0818130762623,2721.3369356458675,2651.5267993841235,1412.213,0.0,6450.4619999999995,1580.0590000000002,0.0,7871.213,1546.622811206913,2177.34370312284,-1306.02,-1855.026,-0.70718764552356,-0.7742870189574528
2018-10-02,5418.022,1,2,10,4,2018,40,0,0,0,0,0,1368,0.7818314824680298,0.6234898018587336,-0.8660254037844386,0.5000000000000001,2978.466,540.76,1846.78,0.0,1412.213,7871.213,1511.93,5564.006,5360.202,8652.334,1788.6686666666644,1260.580857142857,2599.9810714285713,2811.3579047619046,2928.9848,997.3186209345414,2646.3639380781606,2634.0505290878873,1412.213,0.0,2978.466,1580.0590000000002,0.0,7871.213,1904.5836084051848,2284.160009373128,2437.706,-3471.9959999999996,4.507925882091871,-0.5382553993806956
2018-10-03,2504.48,2,3,10,4,2018,40,0,0,0,0,0,1369,0.9749279121818236,-0.22252093395631434,-0.8660254037844386,0.5000000000000001,5418.022,2978.466,540.76,559.271,1486.576,2395.786,1648.188,491.54999999999995,327.044,1595.849,2979.082666666664,1832.8392857142856,2878.987642857143,2804.4062857142853,2821.1744000000003,1868.0129003860955,2727.4928105432914,2451.588725924024,1486.576,0.0,5418.022,1747.484,0.0,7871.213,2782.9432063038885,2702.008274790044,2439.556,4005.809,0.819064578880538,2.836547319703189
2018-10-04,19.98,3,4,10,4,2018,40,0,0,0,0,0,1370,0.43388373911755823,-0.900968867902419,-0.8660254037844386,0.5000000000000001,2504.48,5418.022,2978.466,1846.78,0.0,6450.4619999999995,7359.918,15.92,0.0,5360.202,3633.6559999999977,1978.2541428571424,2940.1513571428573,2900.2600952380953,2851.4620999999997,1876.1670944312975,2707.2954944402964,2441.520751465217,1846.78,0.0,5418.022,2121.283,0.0,7871.213,2713.3274047279165,2675.671171484705,-2913.542,1017.904,-0.5377501235690811,0.6847305485895103
2018-10-06,1180.82,5,6,10,4,2018,40,1,0,0,0,0,1372,-0.9749279121818236,-0.2225209339563146,-0.8660254037844386,0.5000000000000001,6684.616,19.98,2504.48,2978.466,1846.78,1486.576,7871.213,7285.026,2184.327,0.0,3069.6919999999977,2856.157714285714,2869.1875,3053.463571428571,2885.3737666666666,2442.0855829863694,2652.37362379876,2511.209907974611,2504.48,19.98,6684.616,2121.283,0.0,7871.213,3201.146915159453,2903.317279915179,6664.636,6125.345,333.5653653653654,10.952373715068367
2018-10-07,2749.21,6,7,10,4,2018,40,1,0,0,0,0,1373,-0.7818314824680299,0.6234898018587334,-0.8660254037844386,0.5000000000000001,1180.82,6684.616,19.98,5418.022,540.76,0.0,2395.786,831.65,4356.061,3848.565,2628.471999999998,2761.0205714285717,2391.3022857142855,2762.787095238095,2924.734433333333,2500.241572426337,2254.7249831076806,2473.3944619173685,2504.48,19.98,6684.616,1666.6779999999999,0.0,6684.616,2696.0651863695894,2673.6509759264886,-5503.796,-665.96,-0.8233526054450996,-0.36060602778890827
2018-10-08,608.356,0,8,10,4,2018,41,0,0,0,0,0,1374,0.0,1.0,-0.8660254037844386,0.5000000000000001,2749.21,1180.82,6684.616,2504.48,2978.466,559.271,6450.4619999999995,4979.226,2506.646,2184.327,3538.2153333333313,3076.513428571428,2416.546857142857,2854.099476190476,2888.089266666667,2305.1059197331742,2256.75665048637,2467.3718016982207,2749.21,19.98,6684.616,1666.6779999999999,0.0,6684.616,2709.351389777192,2683.725512469624,1568.39,2208.45,1.3282210667163499,4.083974406391006
2018-10-09,1496.589,1,9,10,4,2018,41,0,0,0,0,0,1375,0.7818314824680298,0.6234898018587336,-0.8660254037844386,0.5000000000000001,608.356,2749.21,1180.82,19.98,5418.022,1846.78,1412.213,1511.93,5564.006,4356.061,1512.795333333331,2737.9262857142853,1999.2535714285714,2645.9628095238095,2835.5569,2488.666939947946,1976.1572796628789,2499.4406103779265,2504.48,19.98,6684.616,1449.3944999999999,0.0,6684.616,2184.102542332894,2407.009577473674,-2140.8540000000003,-2370.1099999999997,-0.7787160675248526,-0.7957485497568211
2018-10-10,239.358,2,10,10,4,2018,41,0,0,0,0,0,1376,0.9749279121818236,-0.22252093395631434,-0.8660254037844386,0.5000000000000001,1496.589,608.356,2749.21,6684.616,2504.48,540.76,1486.576,1648.188,491.54999999999995,2506.646,1618.0516666666645,2177.721571428571,2005.2804285714285,2645.2322857142854,2740.2411666666662,2210.6552118378654,1974.357056755978,2493.973752232206,1496.589,19.98,6684.616,1491.5825,0.0,6684.616,2012.2241567496703,2285.620167143851,888.233,-3921.433,1.460054639060024,-0.7237757617078705
2018-10-11,0.0,3,11,10,4,2018,41,0,0,0,0,0,1377,0.43388373911755823,-0.900968867902419,-0.8660254037844386,0.5000000000000001,239.358,1496.589,608.356,1180.82,19.98,2978.466,0.0,7359.918,15.92,5564.006,781.4343333333312,1854.132714285714,1916.1934285714287,2578.1451428571427,2664.6649,2318.026920281026,2026.999147429779,2535.3075306680457,1180.82,19.98,6684.616,1338.7044999999998,0.0,6684.616,1569.0076175622528,2012.785211524671,-1257.231,-2265.122,-0.8400643062323724,-0.9044280649076855
2018-10-12,5625.394,4,12,10,4,2018,41,0,0,0,0,0,1378,-0.433883739117558,-0.9009688679024191,-0.8660254037844386,0.5000000000000001,0.0,239.358,1496.589,2749.21,6684.616,5418.022,559.271,338.172,3471.403,491.54999999999995,578.6489999999978,1851.2784285714283,1916.1934285714287,2227.672857142857,2479.198033333333,2320.672594066912,2026.999147429779,2519.3599723151447,1180.82,0.0,6684.616,1338.7044999999998,0.0,6684.616,1176.7557131716896,1744.4138499880482,-239.358,-19.98,-1.0,-1.0
2018-10-14,134.332,6,14,10,4,2018,41,1,0,0,0,0,1380,-0.7818314824680299,0.6234898018587334,-0.8660254037844386,0.5000000000000001,8405.802,5625.394,0.0,1496.589,2749.21,19.98,540.76,2395.786,831.65,3471.403,4677.065333333331,2732.1012857142855,2746.5609285714286,2504.9019523809525,2929.9889,3169.5753239340343,2742.6464067965894,2709.984053480052,1496.589,0.0,8405.802,2000.5345,0.0,8405.802,3818.1369636590753,3081.067753991023,2780.4079999999994,7224.982,0.49426013537896174,6.1186141833641035
2018-10-15,1017.94,0,15,10,4,2018,42,0,0,0,0,0,1381,0.0,1.0,-0.8660254037844386,0.5000000000000001,134.332,8405.802,5625.394,239.358,608.356,6684.616,2978.466,6450.4619999999995,4979.226,7285.026,4721.842666666665,2358.5472857142854,2717.5303571428567,2397.2136666666665,2818.7531999999997,3317.8447025600126,2769.807053360319,2755.1066089866345,608.356,0.0,8405.802,2000.5345,0.0,8405.802,2897.1857227443065,2688.1696534588864,-8271.47,-2614.878,-0.9840191334509187,-0.9511379632694483
2018-10-16,3473.5969999999998,1,16,10,4,2018,42,0,0,0,0,0,1382,0.7818314824680298,0.6234898018587336,-0.8660254037844386,0.5000000000000001,1017.94,134.332,8405.802,0.0,1496.589,1180.82,5418.022,1412.213,1511.93,831.65,3186.0246666666644,2417.059285714285,2577.4927857142857,2138.5221428571426,2609.8503333333333,3285.2867353486117,2804.93764005269,2639.9705040528384,1017.94,0.0,8405.802,1338.7044999999998,0.0,8405.802,2427.37429205823,2465.472366331035,883.6080000000001,409.58400000000006,6.577792335407796,0.6732636811340729
2018-10-17,126.352,2,17,10,4,2018,42,0,0,0,0,0,1383,0.9749279121818236,-0.22252093395631434,-0.8660254037844386,0.5000000000000001,3473.5969999999998,1017.94,134.332,5625.394,239.358,2749.21,2504.48,1486.576,1648.188,4979.226,1541.9563333333308,2699.489,2438.605285714286,2236.683285714286,2697.915233333333,3277.9387372501287,2699.631276219589,2622.6157164316305,1017.94,0.0,8405.802,1338.7044999999998,0.0,8405.802,2688.9299690436724,2599.888984153564,2455.6569999999997,1977.0079999999998,2.412378922136864,1.321009308500864
2018-10-18,0.0,3,18,10,4,2018,42,0,0,0,0,0,1384,0.43388373911755823,-0.900968867902419,-0.8660254037844386,0.5000000000000001,126.352,3473.5969999999998,1017.94,8405.802,0.0,608.356,19.98,0.0,7359.918,1511.93,1539.2963333333307,2683.345285714285,2268.739,2171.910714285714,2536.1527666666666,3292.3208465058315,2769.0921779120795,2626.711779907314,1017.94,0.0,8405.802,1099.38,0.0,8405.802,2048.2854767827544,2270.0840529330885,-3347.245,-113.006,-0.9636250261616417,-0.47212125769767466
2018-10-21,4537.201,6,21,10,4,2018,42,1,0,0,0,0,1387,-0.7818314824680299,0.6234898018587334,-0.8660254037844386,0.5000000000000001,1333.858,2781.8702000000003,0.0,3473.5969999999998,134.332,0.0,2749.21,540.76,2395.786,338.172,1371.9093999999977,1266.8498857142854,1999.475585714286,2253.323914285714,2322.6758400000003,1379.595739060826,2468.4364196508855,2502.09148658363,1017.94,0.0,3473.5969999999998,1175.899,0.0,8405.802,1719.1855980177247,1977.0489310500727,-1448.0122000000003,-7071.9439999999995,-0.5205175281003407,-0.8413169855773429
2018-10-22,15158.877,0,22,10,4,2018,43,0,0,0,0,0,1388,0.0,1.0,-0.8660254037844386,0.5000000000000001,4537.201,1333.858,2781.8702000000003,126.352,1017.94,5625.394,608.356,2978.466,6450.4619999999995,7871.213,2884.309733333331,1895.8311714285712,2127.1892285714284,2443.6306285714286,2462.643473333333,1735.0784739315695,2554.9486882474675,2504.6957999041306,1333.858,0.0,4537.201,1175.899,0.0,8405.802,2423.6894485132934,2318.4025402433963,3203.343,4402.869,2.401562235260425,32.77602507220916
2018-10-23,3352.3940000000002,1,23,10,4,2018,43,0,0,0,0,0,1389,0.7818314824680298,0.6234898018587336,-0.8660254037844386,0.5000000000000001,15158.877,4537.201,1333.858,0.0,3473.5969999999998,8405.802,1496.589,5418.022,1412.213,2395.786,7009.978666666665,3915.9650285714283,3166.512157142857,3023.6502,2705.565606666666,5238.226321963919,4272.058214926161,3280.574576485646,2781.8702000000003,0.0,15158.877,1415.2235,0.0,15158.877,5607.48633638497,4030.465801544277,10621.676,14140.937,2.341019496381139,13.891719551250565
2018-10-24,529.0849999999999,2,24,10,4,2018,43,0,0,0,0,0,1390,0.9749279121818236,-0.22252093395631434,-0.8660254037844386,0.5000000000000001,3352.3940000000002,15158.877,4537.201,2781.8702000000003,126.352,134.332,239.358,2504.48,1486.576,6450.4619999999995,7682.823999999998,3898.650314285714,3299.069657142857,2925.286961904762,2737.4525399999998,5240.132222201414,4244.962316855391,3282.108433324156,2781.8702000000003,0.0,15158.877,2057.8641000000002,0.0,15158.877,5043.713252288728,3940.0562280050403,-11806.483,-121.20299999999952,-0.7788494490719859,-0.034892648744226706
2018-10-25,0.0,3,25,10,4,2018,43,0,0,0,0,0,1391,0.43388373911755823,-0.900968867902419,-0.8660254037844386,0.5000000000000001,529.0849999999999,3352.3940000000002,15158.877,1333.858,0.0,1017.94,0.0,19.98,0.0,1412.213,6346.7853333333305,3956.1836,3319.764442857143,2831.220533333333,2540.0733066666667,5193.818112580894,4229.576717024639,3228.7316200978307,2781.8702000000003,0.0,15158.877,2057.8641000000002,0.0,15158.877,3915.0561892165456,3485.260064271035,-2823.309,402.73299999999995,-0.8421769636862493,3.1873891984297824
2018-10-28,408.726,6,28,10,4,2018,43,1,0,0,0,0,1394,-0.7818314824680299,0.6234898018587334,-0.8660254037844386,0.5000000000000001,1086.32,999.868,0.0,3352.3940000000002,4537.201,0.0,134.332,2749.21,540.76,559.271,695.3959999999976,3666.2492857142856,2466.549585714286,2555.066819047619,2512.9866066666664,5322.69295358423,3937.5507739900163,3239.8287699606685,1086.32,0.0,15158.877,1052.13,0.0,15158.877,2110.7195798257303,2529.158187023249,86.45199999999988,-247.538,0.0864634131705384,-0.18558047408344813
2018-10-29,46.96,0,29,10,4,2018,44,0,0,0,0,0,1395,0.0,1.0,-0.8660254037844386,0.5000000000000001,408.726,1086.32,999.868,529.0849999999999,15158.877,2781.8702000000003,1017.94,608.356,2978.466,1846.78,831.6379999999975,3076.467142857143,2486.149157142857,2443.6152,2507.96844,5437.590794719857,3925.7140488044324,3243.074190090037,999.868,0.0,15158.877,1052.13,0.0,15158.877,1685.2211848692975,2246.433895420149,-677.5939999999999,-4128.475,-0.6237517490242286,-0.909916708561071
2018-10-30,4025.7299999999996,1,30,10,4,2018,44,0,0,0,0,0,1396,0.7818314824680298,0.6234898018587336,-0.8660254037844386,0.5000000000000001,46.96,408.726,1086.32,0.0,3352.3940000000002,1333.858,3473.5969999999998,1496.589,5418.022,540.76,514.0019999999976,917.6218571428569,2416.7934428571425,2416.8820571428573,2447.97444,1152.776120503362,3962.05718624996,3272.2437196237643,529.0849999999999,0.0,3352.3940000000002,1043.094,0.0,15158.877,1275.655888651973,1953.1707093641292,-361.766,-15111.917000000001,-0.8851064038010794,-0.9969021451918899
2018-10-31,523.928,2,31,10,4,2018,44,0,0,1,0,0,1397,0.9749279121818236,-0.22252093395631434,-0.8660254037844386,0.5000000000000001,4025.7299999999996,46.96,408.726,999.868,529.0849999999999,4537.201,126.352,239.358,2504.48,2978.466,1493.8053333333307,1013.8127142857139,2456.231514285714,2537.3173428571426,2564.1401066666663,1392.887215887277,3976.108756235105,3264.0508029425173,529.0849999999999,0.0,4025.7299999999996,1043.094,0.0,15158.877,1963.1744164889797,2229.511948115579,3978.7699999999995,673.3359999999993,84.7267887563884,0.2008522864555895
2018-11-01,2921.43,3,1,11,4,2018,44,0,1,0,0,0,1398,0.43388373911755823,-0.900968867902419,-0.5000000000000004,0.8660254037844384,523.928,4025.7299999999996,46.96,1086.32,0.0,15158.877,0.0,0.0,19.98,5418.022,1532.2059999999974,1013.0759999999997,2484.6297999999997,2550.868295238095,2482.322173333333,1393.1876551127773,3959.5735860328223,3284.009197923591,523.928,0.0,4025.7299999999996,1043.094,0.0,15158.877,1603.3628123667347,2002.1007550335019,-3501.8019999999997,-5.156999999999925,-0.8698551567044983,-0.009747016074921677
2018-11-03,4536.937,5,3,11,4,2018,44,1,0,0,0,0,1400,-0.9749279121818236,-0.2225209339563146,-0.5000000000000004,0.8660254037844384,6294.386,2921.43,523.928,46.96,1086.32,529.0849999999999,1333.858,8405.802,1180.82,19.98,3246.5813333333303,2186.7828571428568,2944.1973571428575,2721.8407714285713,2525.43264,2327.741015841994,4012.5127907520787,3315.620514243597,1086.32,46.96,6294.386,1210.089,0.0,15158.877,3023.256206956288,2680.6390560029417,3372.9560000000006,5294.518,1.1545565014393637,5.295216968639861
2018-11-04,10668.096,6,4,11,4,2018,44,1,0,0,0,0,1401,-0.7818314824680299,0.6234898018587334,-0.5000000000000004,0.8660254037844384,4536.937,6294.386,2921.43,4025.7299999999996,408.726,0.0,4537.201,134.332,2749.21,6684.616,4584.2509999999975,2679.7281428571428,3172.9887142857147,2537.6091047619047,2675.9978733333337,2419.4183196683425,4004.9407522810266,3300.4472142844975,2921.43,46.96,6294.386,2003.875,0.0,15158.877,3401.676405217216,2928.1454485358827,-1757.4490000000005,3450.617,-0.27920896494113967,3.176427756093969
2018-11-05,2355.064,0,5,11,4,2018,45,0,0,0,0,0,1402,0.0,1.0,-0.5000000000000004,0.8660254037844384,10668.096,4536.937,6294.386,523.928,46.96,999.868,15158.877,1017.94,608.356,1180.82,7166.472999999997,4145.352428571428,3610.9097857142856,3039.216914285714,2808.7805399999997,3622.6532287197915,4473.381663000639,3538.8059485236545,4025.7299999999996,46.96,10668.096,2003.875,0.0,15158.877,5218.281303912912,3960.138855397765,6131.159,10259.369999999999,1.3513872905883417,25.10084995816268
2018-11-06,4288.75,1,6,11,4,2018,45,0,0,0,0,0,1403,0.7818314824680298,0.6234898018587336,-0.5000000000000004,0.8660254037844384,2355.064,10668.096,4536.937,2921.43,4025.7299999999996,1086.32,3352.3940000000002,3473.5969999999998,1496.589,2749.21,5853.365666666664,4475.081571428571,2696.351714285714,3102.8894857142855,2847.9220066666667,3275.8958443628717,2995.5946740862537,3526.6518274242717,4025.7299999999996,523.928,10668.096,1720.692,0.0,10668.096,4502.476977934684,3746.128874678063,-8313.032,2308.104,-0.7792423315275753,49.15042589437819
2018-11-07,2413.378,2,7,11,4,2018,45,0,0,0,0,0,1404,0.9749279121818236,-0.22252093395631434,-0.5000000000000004,0.8660254037844384,4288.75,2355.064,10668.096,6294.386,523.928,408.726,529.0849999999999,126.352,239.358,608.356,5770.636666666663,4512.655857142857,2763.2342857142858,3141.7062952380957,2899.2400066666664,3271.3881184654306,3021.708021722267,3536.3538371135614,4288.75,523.928,10668.096,1720.692,0.0,10668.096,4449.045233451014,3818.4783580543212,1933.6860000000001,263.02000000000044,0.8210757754354023,0.06533473432147718
2018-11-08,384.1,3,8,11,4,2018,45,0,0,0,0,0,1405,0.43388373911755823,-0.900968867902419,-0.5000000000000004,0.8660254037844384,2413.378,4288.75,2355.064,4536.937,2921.43,46.96,0.0,0.0,0.0,1496.589,3019.063999999997,4782.577285714286,2897.8266428571433,3250.612295238095,2959.4074066666667,2949.545046549533,2955.7859392724245,3511.2993186706135,4288.75,2355.064,10668.096,2384.221,0.0,10668.096,3940.1284250882604,3631.1316436470784,-1875.3719999999998,1889.4500000000003,-0.4372770620810259,3.6063161350414568
2018-11-09,4751.492,4,9,11,4,2018,45,0,0,0,0,0,1406,-0.433883739117558,-0.9009688679024191,-0.5000000000000004,0.8660254037844384,384.1,2413.378,4288.75,10668.096,6294.386,4025.7299999999996,999.868,2781.8702000000003,5625.394,239.358,2362.075999999997,4420.101571428571,2925.262357142857,3268.902771428571,2922.32444,3345.6914731099455,2928.475595431697,3533.087837752918,4288.75,384.1,10668.096,2384.221,46.96,10668.096,3051.1213188161955,3198.1940911608012,-2029.2780000000002,-2537.33,-0.8408454871139125,-0.868523291675652
2018-11-10,4007.5480000000002,5,10,11,4,2018,45,1,0,0,0,0,1407,-0.9749279121818236,-0.2225209339563146,-0.5000000000000004,0.8660254037844384,4751.492,384.1,2413.378,2355.064,4536.937,523.928,1086.32,1333.858,8405.802,0.0,2516.3233333333305,4199.688142857142,3193.2355,3362.694285714286,3072.7289066666663,3251.12061551974,2910.3295857942553,3510.9065552225798,4288.75,384.1,10668.096,2667.404,46.96,10668.096,3476.2139891121465,3405.3004790060277,4367.392,-1542.8940000000002,11.370455610518095,-0.24512224067605648
2018-11-11,1815.2179999999998,6,11,11,4,2018,45,1,0,0,0,0,1408,-0.7818314824680299,0.6234898018587334,-0.5000000000000004,0.8660254037844384,4007.5480000000002,4751.492,384.1,4288.75,10668.096,2921.43,408.726,4537.201,134.332,5625.394,3047.713333333331,4124.061142857142,3401.894642857143,3490.0128571428572,3206.3138400000003,3248.123983699276,2851.7836370929936,3465.914598489355,4007.5480000000002,384.1,10668.096,3464.489,46.96,10668.096,3609.04749183411,3485.600148471891,-743.944,-529.3889999999997,-0.1565706098210835,-0.11668422991106109
2018-11-12,2911.386,0,12,11,4,2018,46,0,0,0,0,0,1409,0.0,1.0,-0.5000000000000004,0.8660254037844384,1815.2179999999998,4007.5480000000002,4751.492,2413.378,2355.064,6294.386,46.96,15158.877,1017.94,8405.802,3524.7526666666636,2859.3642857142854,3502.358357142857,3360.394619047619,3079.3079733333334,1560.5562012972214,2761.5755216105204,3443.9534230658087,2413.378,384.1,4751.492,3464.489,46.96,10668.096,3160.5901188755824,3262.8825286756387,-2192.3300000000004,-8852.878,-0.5470502162419515,-0.8298461131208418
2018-11-13,6633.4202000000005,1,13,11,4,2018,46,0,0,0,0,0,1410,0.7818314824680298,0.6234898018587336,-0.5000000000000004,0.8660254037844384,2911.386,1815.2179999999998,4007.5480000000002,384.1,4288.75,4536.937,4025.7299999999996,3352.3940000000002,3473.5969999999998,134.332,2911.383999999997,2938.8388571428573,3706.9602142857143,2777.180761904762,2896.1607733333335,1544.67839007039,2586.433471632802,3293.7454442506296,2911.386,384.1,4751.492,3464.489,384.1,10668.096,3098.289089156687,3216.0163248522204,1096.1680000000001,556.3220000000001,0.6038767795383255,0.2362237289517397
2018-11-14,834.6579999999999,2,14,11,4,2018,46,0,0,0,0,0,1411,0.9749279121818236,-0.22252093395631434,-0.5000000000000004,0.8660254037844384,6633.4202000000005,2911.386,1815.2179999999998,4751.492,2413.378,10668.096,523.928,529.0849999999999,126.352,1017.94,3786.67473333333,3273.7917428571427,3893.2238,2933.420104761905,3112.797046666667,2055.8252652865317,2702.450903076276,3319.459262650116,2911.386,384.1,6633.4202000000005,3464.489,384.1,10668.096,3982.0718668675154,3671.6701748719242,3722.0342000000005,2344.6702000000005,1.278440646482466,0.5467024657534247
2018-11-15,559.2,3,15,11,4,2018,46,0,0,0,0,0,1412,0.43388373911755823,-0.900968867902419,-0.5000000000000004,0.8660254037844384,834.6579999999999,6633.4202000000005,2911.386,4007.5480000000002,384.1,2355.064,2921.43,0.0,0.0,3473.5969999999998,3459.821399999997,3048.2603142857142,3915.4188,2947.9712,3106.6876466666668,2243.936858814407,2673.7744194400134,3323.613819543438,2911.386,384.1,6633.4202000000005,3464.489,384.1,10668.096,3195.2184001506366,3293.401884889001,-5798.762200000001,-1578.7200000000003,-0.8741738085580648,-0.654153638592877
2018-11-16,4755.234,4,16,11,4,2018,46,0,0,0,0,0,1413,-0.433883739117558,-0.9009688679024191,-0.5000000000000004,0.8660254037844384,559.2,834.6579999999999,6633.4202000000005,1815.2179999999998,4751.492,4288.75,6294.386,999.868,2781.8702000000003,126.352,2675.759399999997,3073.2746,3746.688085714286,2974.599771428572,3009.54108,2210.0077988016155,2812.2741351004393,3354.9644275633336,2911.386,559.2,6633.4202000000005,3459.467,384.1,10668.096,2536.213800112978,2928.8416335704674,-275.45799999999986,175.10000000000002,-0.3300249922722839,0.45587086696172885
2018-11-17,13408.7928,5,17,11,4,2018,46,1,0,0,0,0,1414,-0.9749279121818236,-0.2225209339563146,-0.5000000000000004,0.8660254037844384,4755.234,559.2,834.6579999999999,2911.386,4007.5480000000002,2413.378,4536.937,1086.32,1333.858,0.0,2049.6973333333303,3073.8091714285715,3636.7486571428567,3153.426723809524,3163.8371466666663,2210.4817953635916,2734.0122987993027,3324.0930793769403,2911.386,559.2,6633.4202000000005,3459.467,384.1,10668.096,3090.9688500847333,3172.3606157610716,4196.034000000001,3.742000000000189,7.503637339055794,0.000787542102564931
2018-11-18,1469.756,6,18,11,4,2018,46,1,0,0,0,0,1415,-0.7818314824680299,0.6234898018587334,-0.5000000000000004,0.8660254037844384,13408.7928,4755.234,559.2,6633.4202000000005,1815.2179999999998,384.1,10668.096,408.726,4537.201,2781.8702000000003,6241.0755999999965,4416.844142857143,4270.452642857143,3740.2111428571434,3610.796906666667,4520.899550371578,3784.920277038732,3757.2656475744548,2911.386,559.2,13408.7928,3459.467,384.1,13408.7928,5670.42483756355,4537.218240326261,8653.558799999999,9401.244799999999,1.8197966283047267,2.3458845159184616
2018-11-19,7397.272,0,19,11,4,2018,47,0,0,0,0,0,1416,0.0,1.0,-0.5000000000000004,0.8660254037844384,1469.756,13408.7928,4755.234,834.6579999999999,2911.386,4751.492,2355.064,46.96,15158.877,1333.858,6544.594266666663,4367.492428571429,3613.4283571428573,3790.7363809523813,3567.0597666666667,4555.78418533243,3363.8760603010687,3774.8434898059604,2911.386,559.2,13408.7928,2662.382,384.1,13408.7928,4620.257628172662,4128.223274949427,-11939.0368,-345.46199999999976,-0.8903886411012332,-0.19031433139160137
2018-11-20,2988.274,1,20,11,4,2018,47,0,0,0,0,0,1417,0.7818314824680298,0.6234898018587336,-0.5000000000000004,0.8660254037844384,7397.272,1469.756,13408.7928,559.2,6633.4202000000005,4007.5480000000002,4288.75,4025.7299999999996,3352.3940000000002,4537.201,7425.273599999997,5008.333285714286,3973.5860714285714,4140.751238095238,3769.1735666666664,4631.6950919863775,3486.4750734130403,3813.27849612198,4755.234,559.2,13408.7928,3459.467,384.1,13408.7928,5314.511221129497,4564.096438289504,5927.516,4485.886,4.032993231529587,1.5408077115160959
2018-11-21,2236.1839999999997,2,21,11,4,2018,47,0,0,0,0,0,1418,0.9749279121818236,-0.22252093395631434,-0.5000000000000004,0.8660254037844384,2988.274,7397.272,1469.756,4755.234,834.6579999999999,1815.2179999999998,2413.378,523.928,529.0849999999999,15158.877,3951.76733333333,4487.5981142857145,3880.694928571429,4091.3485714285716,3717.5426666666667,4623.439786534531,3494.7468111463445,3813.0070461261676,2988.274,559.2,13408.7928,2949.83,384.1,13408.7928,4732.951915847123,4353.986779850903,-4408.998,-3645.1462000000006,-0.596030266292763,-0.5495123315118798
2018-11-22,35.712,3,22,11,4,2018,47,0,0,0,0,0,1419,0.43388373911755823,-0.900968867902419,-0.5000000000000004,0.8660254037844384,2236.1839999999997,2988.274,7397.272,13408.7928,559.2,2911.386,384.1,2921.43,0.0,3352.3940000000002,4207.243333333331,4687.816114285714,3868.038214285714,4172.884571428572,3286.7862333333333,4466.569452817266,3500.785330505972,3147.8258414060133,2988.274,559.2,13408.7928,2949.83,384.1,13408.7928,4108.7599368853425,4071.6130758707827,-752.0900000000001,1401.5259999999998,-0.2516804014625166,1.679162004078317
2018-11-23,1153.109,4,23,11,4,2018,47,0,0,0,0,0,1420,-0.433883739117558,-0.9009688679024191,-0.5000000000000004,0.8660254037844384,35.712,2236.1839999999997,2988.274,1469.756,4755.234,6633.4202000000005,4751.492,6294.386,999.868,529.0849999999999,1753.389999999997,4613.032114285715,3843.1533571428567,4035.469428571428,3176.2301666666667,4550.804126845138,3528.5833095303096,3203.198392351714,2988.274,35.712,13408.7928,2949.83,35.712,13408.7928,3090.497952664007,3533.492932421345,-2200.4719999999998,-523.488,-0.9840299367136157,-0.936137339055794
2018-11-24,4736.061,5,24,11,4,2018,47,1,0,0,0,0,1421,-0.9749279121818236,-0.2225209339563146,-0.5000000000000004,0.8660254037844384,1153.109,35.712,2236.1839999999997,7397.272,13408.7928,834.6579999999999,4007.5480000000002,4536.937,1086.32,0.0,1141.66833333333,4098.442828571428,3586.126,3790.6467142857136,3197.0309666666667,4732.091518823516,3587.8864457703867,3187.4028980766875,2236.1839999999997,35.712,13408.7928,2573.785,35.712,13408.7928,2606.150714498005,3216.108408098499,1117.397,-3602.1250000000005,31.289118503584227,-0.7575074118329403
2018-11-25,3666.157,6,25,11,4,2018,47,1,0,0,0,0,1422,-0.7818314824680299,0.6234898018587334,-0.5000000000000004,0.8660254037844384,4736.061,1153.109,35.712,2988.274,1469.756,559.2,1815.2179999999998,10668.096,408.726,999.868,1974.9606666666634,2859.4811428571425,3638.162642857143,3800.1288095238097,3354.8996666666667,2494.4905554210436,3599.732079261117,3140.5386670280323,2236.1839999999997,35.712,7397.272,2573.785,35.712,13408.7928,3138.628285873504,3418.7687536853655,3582.9519999999998,-8672.7318,3.107210159664004,-0.6467943780889805
2018-11-26,5048.1720000000005,0,26,11,4,2018,48,0,0,0,0,0,1423,0.0,1.0,-0.5000000000000004,0.8660254037844384,3666.157,4736.061,1153.109,2236.1839999999997,7397.272,4755.234,2911.386,2355.064,46.96,1086.32,3185.1089999999967,3173.2527142857143,3770.3725714285715,3466.703142857143,3443.7759666666666,2427.7946288438848,3561.415746496702,3109.164692842583,2988.274,35.712,7397.272,2949.83,35.712,13408.7928,3270.510464405128,3451.7538531939836,-1069.9039999999995,2196.401,-0.22590587410086138,1.494398389936833
2018-11-27,1618.254,1,27,11,4,2018,48,0,0,0,0,0,1424,0.7818314824680298,0.6234898018587336,-0.5000000000000004,0.8660254037844384,5048.1720000000005,3666.157,4736.061,35.712,2988.274,13408.7928,6633.4202000000005,4288.75,4025.7299999999996,408.726,4483.46333333333,2837.6670000000004,3923.0001428571427,3594.9463809523813,3575.8377000000005,1837.1073076754785,3567.5530133956704,3089.657533103438,2988.274,35.712,5048.1720000000005,3327.2155000000002,35.712,13408.7928,3714.925848303846,3664.6096061014523,1382.0150000000003,-2349.0999999999995,0.37696558003380654,-0.31756301512233154
2018-11-28,6912.944,2,28,11,4,2018,48,0,0,0,0,0,1425,0.9749279121818236,-0.22252093395631434,-0.5000000000000004,0.8660254037844384,1618.254,5048.1720000000005,3666.157,1153.109,2236.1839999999997,1469.756,834.6579999999999,2413.378,523.928,46.96,3444.1943333333306,2641.9498571428567,3564.7739857142856,3467.7799047619046,3616.1553,1890.5875962933997,3526.0084506819267,3054.5968673581797,2236.1839999999997,35.712,5048.1720000000005,2612.229,35.712,13408.7928,3190.7578862278842,3391.762191954592,-3429.9180000000006,-1370.02,-0.6794376261347672,-0.4584653214531198
2018-11-29,491.888,3,29,11,4,2018,48,0,0,0,0,0,1426,0.43388373911755823,-0.900968867902419,-0.5000000000000004,0.8660254037844384,6912.944,1618.254,5048.1720000000005,4736.061,35.712,7397.272,559.2,384.1,2921.43,4025.7299999999996,4526.456666666664,3310.0584285714285,3998.937271428572,3682.0449523809525,3845.021433333334,2462.995816430795,3538.1797064144857,3035.108178913124,3666.157,35.712,6912.944,3327.2155000000002,35.712,13408.7928,4121.3044146709135,3861.2530996939795,5294.6900000000005,4676.76,3.2718534914790887,2.0914021386433324
2018-11-30,6645.282,4,30,11,4,2018,48,0,0,1,0,0,1427,-0.433883739117558,-0.9009688679024191,-0.5000000000000004,0.8660254037844384,491.888,6912.944,1618.254,3666.157,1153.109,2988.274,4755.234,4751.492,6294.386,523.928,3007.695333333331,3375.226428571429,3994.1292714285714,3687.1777142857145,3727.2267,2366.0481223318907,3543.255583750841,3095.8211452230457,3666.157,491.888,6912.944,3327.2155000000002,35.712,13408.7928,3213.950311003185,3412.004419734782,-6421.0560000000005,456.176,-0.9288453660263992,12.773745519713259
2018-12-01,5331.178,5,1,12,4,2018,48,1,1,0,0,0,1428,-0.9749279121818236,-0.2225209339563146,-2.4492935982947064e-16,1.0,6645.282,491.888,6912.944,5048.1720000000005,4736.061,2236.1839999999997,13408.7928,4007.5480000000002,4536.937,2921.43,4683.37133333333,4159.822571428572,4129.1327,3777.3581904761904,3931.2718333333337,2416.451328060344,3609.8662785307315,3079.095478536758,4736.061,491.888,6912.944,3327.2155000000002,35.712,13408.7928,4071.7832332523885,3843.108097103478,6153.394,5492.173000000001,12.509746121068211,4.762926141414212
2018-12-02,9951.182,6,2,12,4,2018,48,1,0,0,0,0,1429,-0.7818314824680299,0.6234898018587334,-2.4492935982947064e-16,1.0,5331.178,6645.282,491.888,1618.254,3666.157,35.712,1469.756,1815.2179999999998,10668.096,6294.386,4156.115999999997,4244.839285714285,3552.1602142857146,3840.3881904761906,4011.596766666667,2450.3350127017775,2481.888378096166,3083.2720746998352,5048.1720000000005,491.888,6912.944,3327.2155000000002,35.712,7397.272,4386.631924939291,4041.517417489681,-1314.1040000000003,595.1170000000002,-0.1977499224261664,0.12565653187321701
2018-12-03,1403.842,0,3,12,4,2018,49,0,0,0,0,0,1430,0.0,1.0,-2.4492935982947064e-16,1.0,9951.182,5331.178,6645.282,6912.944,5048.1720000000005,1153.109,7397.272,2911.386,2355.064,4536.937,7309.213999999997,5142.7,4157.9763571428575,4227.815047619048,4133.489966666667,3230.3056355942517,2929.293649360614,3244.6892492731427,5331.178,491.888,9951.182,4201.109,35.712,9951.182,5777.769443704468,4829.472695157724,4620.004000000001,6285.025000000001,0.8666009651150273,1.7143360199795046
2018-12-04,2639.638,1,4,12,4,2018,49,0,0,0,0,0,1431,0.7818314824680298,0.6234898018587336,-2.4492935982947064e-16,1.0,1403.842,9951.182,5331.178,491.888,1618.254,4736.061,2988.274,6633.4202000000005,4288.75,10668.096,5562.06733333333,4622.081428571429,3729.8742142857145,4156.027238095238,4029.0534666666663,3528.032140799306,2856.5217723078567,3281.4696058182844,5331.178,491.888,9951.182,3327.2155000000002,35.712,9951.182,4684.287582778351,4372.721935803361,-8547.34,-3644.3300000000004,-0.8589271103673916,-0.7219108223729302
2018-12-05,1453.136,2,5,12,4,2018,49,0,0,0,0,0,1432,0.9749279121818236,-0.22252093395631434,-2.4492935982947064e-16,1.0,2639.638,1403.842,9951.182,6645.282,6912.944,3666.157,2236.1839999999997,834.6579999999999,2413.378,2355.064,4664.88733333333,4767.993428571429,3704.9716428571423,3965.847133333334,3761.4382,3401.963532621458,2864.99132037769,3039.8405816547543,5331.178,491.888,9951.182,3152.8975,35.712,9951.182,4173.125187083763,4141.644077696246,1235.7959999999998,1021.384,0.8802956458062943,0.6311642053719626
2018-12-06,10.68,3,6,12,4,2018,49,0,0,0,0,0,1433,0.43388373911755823,-0.900968867902419,-2.4492935982947064e-16,1.0,1453.136,2639.638,1403.842,5331.178,491.888,5048.1720000000005,35.712,559.2,384.1,4288.75,1832.2053333333304,3988.020857142857,3649.0396428571435,3995.2984666666666,3731.3739333333338,3453.7202549409135,2903.259542675989,3058.631353526986,2639.638,491.888,9951.182,3152.8975,35.712,9951.182,3493.1278903128227,3783.1763340034136,-1186.502,-5459.808000000001,-0.4494942109486225,-0.7897949122689263
2018-12-07,2916.514,4,7,12,4,2018,49,0,0,0,0,0,1434,-0.433883739117558,-0.9009688679024191,-2.4492935982947064e-16,1.0,10.68,1453.136,2639.638,9951.182,6645.282,1618.254,1153.109,4755.234,4751.492,2413.378,1367.8179999999968,3919.276857142857,3647.251642857143,3969.1784666666667,3588.7716,3538.6512678487825,2905.6627354282045,3130.629436811327,2639.638,10.68,9951.182,3152.8975,10.68,9951.182,2622.5159177346172,3280.1768228029587,-1442.456,-481.20799999999997,-0.9926503782164918,-0.9782877402986045
2018-12-08,7643.041,5,8,12,4,2018,49,1,0,0,0,0,1435,-0.9749279121818236,-0.2225209339563146,-2.4492935982947064e-16,1.0,2916.514,10.68,1453.136,1403.842,5331.178,6912.944,4736.061,13408.7928,4007.5480000000002,384.1,1460.109999999997,3386.5957142857146,3773.209142857143,3881.620371428572,3605.5428,3334.67893711372,2826.366286502485,3125.4589810227226,2639.638,10.68,9951.182,3291.3355,10.68,9951.182,2696.015438300963,3231.6884464292307,2905.8340000000003,-3728.768,272.08183520599255,-0.56111508887057
2018-12-09,5470.39,6,9,12,4,2018,49,1,0,0,0,0,1436,-0.7818314824680299,0.6234898018587334,-2.4492935982947064e-16,1.0,7643.041,2916.514,10.68,2639.638,9951.182,491.888,3666.157,1469.756,1815.2179999999998,4751.492,3523.4116666666637,3716.8618571428574,3980.850571428571,3607.0607619047623,3847.5075,3658.162056969792,3003.7592912233486,3148.36362498954,2639.638,10.68,9951.182,3291.3355,10.68,9951.182,3932.771828725722,3819.8687869053338,4726.527,2311.8630000000003,1.620608370129545,0.4336495611288913
2018-12-10,3873.5589999999997,0,10,12,4,2018,50,0,0,0,0,0,1437,0.0,1.0,-2.4492935982947064e-16,1.0,5470.39,7643.041,2916.514,1453.136,1403.842,6645.282,5048.1720000000005,7397.272,2911.386,4007.5480000000002,5343.314999999997,3076.7487142857144,4109.724357142857,3797.567142857143,3871.470766666667,2634.1601212046485,3027.827169177054,3158.20193512421,2639.638,10.68,7643.041,3982.3430000000003,10.68,9951.182,4317.176371544291,4039.9382819846223,-2172.651,-4480.792,-0.2842652551517125,-0.4502773640357497
2018-12-11,2025.035,1,11,12,4,2018,50,0,0,0,0,0,1438,0.7818314824680298,0.6234898018587336,-2.4492935982947064e-16,1.0,3873.5589999999997,5470.39,7643.041,10.68,2639.638,5331.178,1618.254,2988.274,6633.4202000000005,1815.2179999999998,5662.329999999997,3429.5654285714286,4025.8234285714284,3629.7712857142856,3867.0044666666663,2536.327055160395,3016.0739220104024,3158.0976014042494,2916.514,10.68,7643.041,3395.0365,10.68,9951.182,4206.272028658219,4017.7543777200062,-1596.8310000000006,2469.7169999999996,-0.2919044163213227,1.7592556712222596
2018-12-12,0.0,2,12,12,4,2018,50,0,0,0,0,0,1439,0.9749279121818236,-0.22252093395631434,-2.4492935982947064e-16,1.0,2025.035,3873.5589999999997,5470.39,2916.514,1453.136,9951.182,6912.944,2236.1839999999997,834.6579999999999,2911.386,3789.66133333333,3341.765,4054.879214285714,3583.902761904762,3873.9983666666667,2578.5166136108796,2992.967002058591,3153.6262089749757,2916.514,10.68,7643.041,3395.0365,10.68,9951.182,3660.962771493664,3752.0584606906723,-1848.5239999999997,-614.6029999999998,-0.4772159143567969,-0.2328360934340239
2018-12-13,580.936,3,13,12,4,2018,50,0,0,0,0,0,1440,0.43388373911755823,-0.900968867902419,-2.4492935982947064e-16,1.0,0.0,2025.035,3873.5589999999997,7643.041,10.68,1403.842,491.888,35.712,559.2,6633.4202000000005,1966.1979999999967,3134.1741428571427,3561.0975000000003,3477.41780952381,3776.952166666667,2804.499468942802,3054.7830712907075,3228.1845626238523,2916.514,0.0,7643.041,2778.076,0.0,9951.182,2745.722078620248,3251.7839992652493,-2025.035,-1453.136,-1.0,-1.0
2018-12-15,306.88800000000003,5,15,12,4,2018,50,1,0,0,0,0,1442,-0.9749279121818236,-0.2225209339563146,-2.4492935982947064e-16,1.0,3897.714,580.936,0.0,3873.5589999999997,7643.041,1453.136,5331.178,4736.061,13408.7928,559.2,1492.8833333333298,3355.8107142857143,3371.2032142857142,3634.0763333333334,3677.30456,2712.4979498786515,2920.3488919218935,3191.1991062944617,3873.5589999999997,0.0,7643.041,2778.076,0.0,9951.182,2627.822669223889,3029.2766750036767,3316.778,981.1999999999998,5.709369018273957,0.3364290382285151
2018-12-16,858.702,6,16,12,4,2018,50,1,0,0,0,0,1443,-0.7818314824680299,0.6234898018587334,-2.4492935982947064e-16,1.0,306.88800000000003,3897.714,580.936,2025.035,5470.39,10.68,9951.182,3666.157,1469.756,4755.234,1595.1793333333299,2307.788857142857,3012.3253571428572,3423.163333333334,3668.8941600000003,2135.9232302126707,2969.2670631519286,3200.020528169108,2025.035,0.0,5470.39,2332.3365,0.0,9951.182,2047.5890019179167,2666.29151833652,-3590.826,-7336.153,-0.9212646181838893,-0.9598473958205902
2018-12-17,2027.758,0,17,12,4,2018,51,0,0,0,0,0,1444,0.0,1.0,-2.4492935982947064e-16,1.0,858.702,306.88800000000003,3897.714,0.0,3873.5589999999997,2916.514,1403.842,5048.1720000000005,7397.272,13408.7928,1687.7679999999966,1648.9762857142857,2362.8624999999997,3289.4750000000004,3539.0097600000004,1654.9207923145127,2239.5096237816756,3233.311300688616,858.702,0.0,3897.714,1739.0855000000001,0.0,7643.041,1750.3672514384375,2425.279582558317,551.814,-4611.688,1.798095722217877,-0.843027279590669
2018-12-18,3645.911,1,18,12,4,2018,51,0,0,0,0,0,1445,0.7818314824680298,0.6234898018587336,-2.4492935982947064e-16,1.0,2027.758,858.702,306.88800000000003,580.936,2025.035,7643.041,2639.638,1618.254,2988.274,1469.756,1064.4493333333298,1385.2904285714285,2407.4279285714288,3145.645761904762,3159.6419333333333,1362.6305863162656,2225.1190674745935,2650.493924274065,858.702,0.0,3897.714,2026.3965,0.0,7643.041,1819.714938578828,2372.276704883875,1169.056,-1845.8009999999997,1.361422239612811,-0.4765129432648373
2018-12-19,1895.926,2,19,12,4,2018,51,0,0,0,0,0,1446,0.9749279121818236,-0.22252093395631434,-2.4492935982947064e-16,1.0,3645.911,2027.758,858.702,3897.714,0.0,5470.39,1453.136,6912.944,2236.1839999999997,7397.272,2177.4569999999967,1616.8441428571427,2479.3045714285713,3242.200857142857,3232.1804333333334,1605.5313285474895,2249.317922489318,2632.3669128610954,858.702,0.0,3897.714,2026.3965,0.0,7643.041,2276.2639539341208,2542.094610899358,1618.153,1620.876,0.7980010435170273,0.8004187581943027
2018-12-21,2140.94,4,21,12,4,2018,51,0,0,0,0,0,1448,-0.433883739117558,-0.9009688679024191,-2.4492935982947064e-16,1.0,377.736,1895.926,3645.911,858.702,3897.714,2025.035,2916.514,6645.282,1153.109,2236.1839999999997,1973.1909999999964,1858.662142857143,2537.1507142857145,2997.8594285714285,2961.7843,1470.9995737461875,2207.252901974499,2568.266825438917,1895.926,306.88800000000003,3897.714,2026.3965,0.0,7643.041,1730.318599087943,2178.8450899644067,-1518.19,-203.20000000000005,-0.8007643758247949,-0.3497803544624537
2018-12-22,7442.021,5,22,12,4,2018,51,1,0,0,0,0,1449,-0.9749279121818236,-0.2225209339563146,-2.4492935982947064e-16,1.0,2140.94,377.736,1895.926,2027.758,306.88800000000003,0.0,7643.041,5331.178,4736.061,35.712,1471.5339999999967,1607.6944285714287,2481.7525714285716,2783.366952380952,2958.6095,1187.7214343009655,2206.731849467261,2569.253395522305,1895.926,306.88800000000003,3645.911,2026.3965,0.0,7643.041,1832.9739493159573,2173.791077969153,1763.2040000000002,-1756.774,4.667820911959676,-0.4507190625068951
2018-12-23,1926.776,6,23,12,4,2018,51,1,0,0,0,0,1450,-0.7818314824680299,0.6234898018587334,-2.4492935982947064e-16,1.0,7442.021,2140.94,377.736,3645.911,858.702,580.936,5470.39,9951.182,3666.157,1153.109,3320.2323333333297,2626.9991428571425,2467.3940000000002,2883.8832857142856,3205.486466666667,2364.264780239894,2170.9290673569685,2633.7336097350594,2027.758,377.736,7442.021,2026.3965,0.0,7442.021,3235.2357119869675,2876.2217342399326,5301.081,7135.133,2.4760530421216846,23.249957639269045
2018-12-24,6233.054,0,24,12,4,2018,52,0,0,0,0,0,1451,0.0,1.0,-2.4492935982947064e-16,1.0,1926.776,7442.021,2140.94,1895.926,2027.758,3897.714,3873.5589999999997,1403.842,5048.1720000000005,4736.061,3836.578999999996,2779.5811428571433,2214.2787142857146,2501.768714285714,3231.2753666666667,2263.439731315473,1993.1704388365977,2616.6767832723494,2027.758,377.736,7442.021,1975.9055,0.0,7442.021,2908.120783990226,2749.6289696746085,-5515.245,1068.074,-0.7410950600650011,1.2438238178087393
2018-12-25,2698.927,1,25,12,4,2018,52,0,0,0,0,0,1452,0.7818314824680298,0.6234898018587336,-2.4492935982947064e-16,1.0,6233.054,1926.776,7442.021,377.736,3645.911,306.88800000000003,2025.035,2639.638,1618.254,3666.157,5200.616999999997,3380.3377142857144,2382.8140714285714,2731.7311904761905,3281.175133333333,2568.1976181059135,2229.956097796254,2660.272994905157,2140.94,377.736,7442.021,1975.9055,0.0,7442.021,3739.3540879926695,3214.0856403846606,4306.278,4205.296,2.2349655590478603,2.0738648300240956
2018-12-26,814.5939999999999,2,26,12,4,2018,52,0,0,0,0,0,1453,0.9749279121818236,-0.22252093395631434,-2.4492935982947064e-16,1.0,2698.927,6233.054,1926.776,2140.94,1895.926,858.702,0.0,1453.136,6912.944,5048.1720000000005,3619.5856666666627,3245.054285714286,2430.949214285714,2734.554476190476,3248.9341333333336,2576.804034167303,2228.912087289542,2661.3072831424597,2140.94,377.736,7442.021,1977.267,0.0,7442.021,3479.247315994502,3145.397821666706,-3534.127,-946.9839999999999,-0.5669976547612133,-0.25973864968179416
2018-12-27,177.636,3,27,12,4,2018,52,0,0,0,0,0,1454,0.43388373911755823,-0.900968867902419,-2.4492935982947064e-16,1.0,814.5939999999999,2698.927,6233.054,7442.021,377.736,2027.758,580.936,10.68,491.888,1618.254,3248.85833333333,3090.5782857142854,2489.1345,2704.1477142857148,3107.8148666666666,2700.6006865786153,2170.4365197055786,2674.8216361101076,2140.94,377.736,7442.021,1977.267,306.88800000000003,7442.021,2813.0839869958763,2834.623978777812,-1884.333,-1081.3319999999999,-0.6981785724474949,-0.5703450451125203
2018-12-28,1657.3508000000002,4,28,12,4,2018,52,0,0,0,0,0,1455,-0.433883739117558,-0.9009688679024191,-2.4492935982947064e-16,1.0,177.636,814.5939999999999,2698.927,1926.776,2140.94,3645.911,3897.714,2916.514,6645.282,6912.944,1230.3856666666632,3061.9925714285714,2460.327357142857,2712.0980000000004,3059.7942666666663,2734.9425314318037,2200.1838524282352,2715.1137020676165,2140.94,177.636,7442.021,1977.267,177.636,7442.021,2154.2219902469074,2480.358914940771,-636.958,-200.1,-0.7819330856844022,-0.5297350530529259
2018-12-29,2915.534,5,29,12,4,2018,52,1,0,0,0,0,1456,-0.9749279121818236,-0.2225209339563146,-2.4492935982947064e-16,1.0,1657.3508000000002,177.636,814.5939999999999,6233.054,7442.021,1895.926,306.88800000000003,7643.041,5331.178,491.888,883.1935999999964,2992.9084000000003,2300.301414285714,2652.1378476190475,2884.6078266666664,2767.9937442403,2168.8474705235244,2626.0157718517967,1926.776,177.636,7442.021,1911.351,177.636,7442.021,2030.0041926851804,2370.624499615335,1479.7148000000002,-483.5891999999999,8.330038956067465,-0.22587704466262482
2018-12-30,713.7900000000001,6,30,12,4,2018,52,1,0,0,0,0,1457,-0.7818314824680299,0.6234898018587334,-2.4492935982947064e-16,1.0,2915.534,1657.3508000000002,177.636,2698.927,1926.776,377.736,858.702,5470.39,9951.182,6645.282,1583.5069333333297,2346.2674,2486.6332714285713,2427.0184666666664,2965.396026666667,1968.718195470098,2095.222253597528,2586.855716541591,1926.776,177.636,6233.054,1977.267,177.636,7442.021,2251.386644513885,2443.279099666624,1258.1832,-4526.486999999999,0.7591532221180934,-0.6082335698864596
